CREATE DATABASE  IF NOT EXISTS `tpoo` /*!40100 DEFAULT CHARACTER SET latin1 */;
USE `tpoo`;
-- MySQL dump 10.13  Distrib 5.5.43, for debian-linux-gnu (i686)
--
-- Host: 127.0.0.1    Database: tpoo
-- ------------------------------------------------------
-- Server version	5.5.43-0ubuntu0.14.04.1

/*!40101 SET @OLD_CHARACTER_SET_CLIENT=@@CHARACTER_SET_CLIENT */;
/*!40101 SET @OLD_CHARACTER_SET_RESULTS=@@CHARACTER_SET_RESULTS */;
/*!40101 SET @OLD_COLLATION_CONNECTION=@@COLLATION_CONNECTION */;
/*!40101 SET NAMES utf8 */;
/*!40103 SET @OLD_TIME_ZONE=@@TIME_ZONE */;
/*!40103 SET TIME_ZONE='+00:00' */;
/*!40014 SET @OLD_UNIQUE_CHECKS=@@UNIQUE_CHECKS, UNIQUE_CHECKS=0 */;
/*!40014 SET @OLD_FOREIGN_KEY_CHECKS=@@FOREIGN_KEY_CHECKS, FOREIGN_KEY_CHECKS=0 */;
/*!40101 SET @OLD_SQL_MODE=@@SQL_MODE, SQL_MODE='NO_AUTO_VALUE_ON_ZERO' */;
/*!40111 SET @OLD_SQL_NOTES=@@SQL_NOTES, SQL_NOTES=0 */;

--
-- Table structure for table `auth_group`
--

DROP TABLE IF EXISTS `auth_group`;
/*!40101 SET @saved_cs_client     = @@character_set_client */;
/*!40101 SET character_set_client = utf8 */;
CREATE TABLE `auth_group` (
  `id` int(11) NOT NULL AUTO_INCREMENT,
  `name` varchar(80) NOT NULL,
  PRIMARY KEY (`id`),
  UNIQUE KEY `name` (`name`)
) ENGINE=InnoDB DEFAULT CHARSET=latin1;
/*!40101 SET character_set_client = @saved_cs_client */;

--
-- Dumping data for table `auth_group`
--

LOCK TABLES `auth_group` WRITE;
/*!40000 ALTER TABLE `auth_group` DISABLE KEYS */;
/*!40000 ALTER TABLE `auth_group` ENABLE KEYS */;
UNLOCK TABLES;

--
-- Table structure for table `auth_group_permissions`
--

DROP TABLE IF EXISTS `auth_group_permissions`;
/*!40101 SET @saved_cs_client     = @@character_set_client */;
/*!40101 SET character_set_client = utf8 */;
CREATE TABLE `auth_group_permissions` (
  `id` int(11) NOT NULL AUTO_INCREMENT,
  `group_id` int(11) NOT NULL,
  `permission_id` int(11) NOT NULL,
  PRIMARY KEY (`id`),
  UNIQUE KEY `group_id` (`group_id`,`permission_id`),
  KEY `auth_group_permissi_permission_id_23962d04_fk_auth_permission_id` (`permission_id`),
  CONSTRAINT `auth_group_permissions_group_id_58c48ba9_fk_auth_group_id` FOREIGN KEY (`group_id`) REFERENCES `auth_group` (`id`),
  CONSTRAINT `auth_group_permissi_permission_id_23962d04_fk_auth_permission_id` FOREIGN KEY (`permission_id`) REFERENCES `auth_permission` (`id`)
) ENGINE=InnoDB DEFAULT CHARSET=latin1;
/*!40101 SET character_set_client = @saved_cs_client */;

--
-- Dumping data for table `auth_group_permissions`
--

LOCK TABLES `auth_group_permissions` WRITE;
/*!40000 ALTER TABLE `auth_group_permissions` DISABLE KEYS */;
/*!40000 ALTER TABLE `auth_group_permissions` ENABLE KEYS */;
UNLOCK TABLES;

--
-- Table structure for table `auth_permission`
--

DROP TABLE IF EXISTS `auth_permission`;
/*!40101 SET @saved_cs_client     = @@character_set_client */;
/*!40101 SET character_set_client = utf8 */;
CREATE TABLE `auth_permission` (
  `id` int(11) NOT NULL AUTO_INCREMENT,
  `name` varchar(255) NOT NULL,
  `content_type_id` int(11) NOT NULL,
  `codename` varchar(100) NOT NULL,
  PRIMARY KEY (`id`),
  UNIQUE KEY `content_type_id` (`content_type_id`,`codename`),
  CONSTRAINT `auth_permissi_content_type_id_51277a81_fk_django_content_type_id` FOREIGN KEY (`content_type_id`) REFERENCES `django_content_type` (`id`)
) ENGINE=InnoDB AUTO_INCREMENT=58 DEFAULT CHARSET=latin1;
/*!40101 SET character_set_client = @saved_cs_client */;

--
-- Dumping data for table `auth_permission`
--

LOCK TABLES `auth_permission` WRITE;
/*!40000 ALTER TABLE `auth_permission` DISABLE KEYS */;
INSERT INTO `auth_permission` VALUES (1,'Can add log entry',1,'add_logentry'),(2,'Can change log entry',1,'change_logentry'),(3,'Can delete log entry',1,'delete_logentry'),(4,'Can add permission',2,'add_permission'),(5,'Can change permission',2,'change_permission'),(6,'Can delete permission',2,'delete_permission'),(7,'Can add group',3,'add_group'),(8,'Can change group',3,'change_group'),(9,'Can delete group',3,'delete_group'),(10,'Can add user',4,'add_user'),(11,'Can change user',4,'change_user'),(12,'Can delete user',4,'delete_user'),(13,'Can add content type',5,'add_contenttype'),(14,'Can change content type',5,'change_contenttype'),(15,'Can delete content type',5,'delete_contenttype'),(16,'Can add session',6,'add_session'),(17,'Can change session',6,'change_session'),(18,'Can delete session',6,'delete_session'),(19,'Can add usability test',7,'add_usabilitytest'),(20,'Can change usability test',7,'change_usabilitytest'),(21,'Can delete usability test',7,'delete_usabilitytest'),(22,'Can add app version',8,'add_appversion'),(23,'Can change app version',8,'change_appversion'),(24,'Can delete app version',8,'delete_appversion'),(25,'Can add refactoring',9,'add_refactoring'),(26,'Can change refactoring',9,'change_refactoring'),(27,'Can delete refactoring',9,'delete_refactoring'),(28,'Can add task',10,'add_task'),(29,'Can change task',10,'change_task'),(30,'Can delete task',10,'delete_task'),(31,'Can add scenario',11,'add_scenario'),(32,'Can change scenario',11,'change_scenario'),(33,'Can delete scenario',11,'delete_scenario'),(34,'Can add participant',12,'add_participant'),(35,'Can change participant',12,'change_participant'),(36,'Can delete participant',12,'delete_participant'),(37,'Can add scenario execution',13,'add_scenarioexecution'),(38,'Can change scenario execution',13,'change_scenarioexecution'),(39,'Can delete scenario execution',13,'delete_scenarioexecution'),(40,'Can add task scenario execution',14,'add_taskscenarioexecution'),(41,'Can change task scenario execution',14,'change_taskscenarioexecution'),(42,'Can delete task scenario execution',14,'delete_taskscenarioexecution'),(43,'Can add interaction step execution',15,'add_interactionstepexecution'),(44,'Can change interaction step execution',15,'change_interactionstepexecution'),(45,'Can delete interaction step execution',15,'delete_interactionstepexecution'),(46,'Can add scenario task',16,'add_scenariotask'),(47,'Can change scenario task',16,'change_scenariotask'),(48,'Can delete scenario task',16,'delete_scenariotask'),(49,'Can add interaction step',17,'add_interactionstep'),(50,'Can change interaction step',17,'change_interactionstep'),(51,'Can delete interaction step',17,'delete_interactionstep'),(52,'Can add observation',18,'add_observation'),(53,'Can change observation',18,'change_observation'),(54,'Can delete observation',18,'delete_observation'),(55,'Can add observation type',19,'add_observationtype'),(56,'Can change observation type',19,'change_observationtype'),(57,'Can delete observation type',19,'delete_observationtype');
/*!40000 ALTER TABLE `auth_permission` ENABLE KEYS */;
UNLOCK TABLES;

--
-- Table structure for table `auth_user`
--

DROP TABLE IF EXISTS `auth_user`;
/*!40101 SET @saved_cs_client     = @@character_set_client */;
/*!40101 SET character_set_client = utf8 */;
CREATE TABLE `auth_user` (
  `id` int(11) NOT NULL AUTO_INCREMENT,
  `password` varchar(128) NOT NULL,
  `last_login` datetime DEFAULT NULL,
  `is_superuser` tinyint(1) NOT NULL,
  `username` varchar(30) NOT NULL,
  `first_name` varchar(30) NOT NULL,
  `last_name` varchar(30) NOT NULL,
  `email` varchar(254) NOT NULL,
  `is_staff` tinyint(1) NOT NULL,
  `is_active` tinyint(1) NOT NULL,
  `date_joined` datetime NOT NULL,
  PRIMARY KEY (`id`),
  UNIQUE KEY `username` (`username`)
) ENGINE=InnoDB AUTO_INCREMENT=2 DEFAULT CHARSET=latin1;
/*!40101 SET character_set_client = @saved_cs_client */;

--
-- Dumping data for table `auth_user`
--

LOCK TABLES `auth_user` WRITE;
/*!40000 ALTER TABLE `auth_user` DISABLE KEYS */;
INSERT INTO `auth_user` VALUES (1,'pbkdf2_sha256$20000$4zTSLPr9PUT5$T407a8EneUjuC95uORl8SEDLgQJC4ALwHEtJDNXyPcs=',NULL,1,'admin','','','admin@gmail.com',1,1,'2015-09-30 18:50:51');
/*!40000 ALTER TABLE `auth_user` ENABLE KEYS */;
UNLOCK TABLES;

--
-- Table structure for table `auth_user_groups`
--

DROP TABLE IF EXISTS `auth_user_groups`;
/*!40101 SET @saved_cs_client     = @@character_set_client */;
/*!40101 SET character_set_client = utf8 */;
CREATE TABLE `auth_user_groups` (
  `id` int(11) NOT NULL AUTO_INCREMENT,
  `user_id` int(11) NOT NULL,
  `group_id` int(11) NOT NULL,
  PRIMARY KEY (`id`),
  UNIQUE KEY `user_id` (`user_id`,`group_id`),
  KEY `auth_user_groups_group_id_30a071c9_fk_auth_group_id` (`group_id`),
  CONSTRAINT `auth_user_groups_group_id_30a071c9_fk_auth_group_id` FOREIGN KEY (`group_id`) REFERENCES `auth_group` (`id`),
  CONSTRAINT `auth_user_groups_user_id_24702650_fk_auth_user_id` FOREIGN KEY (`user_id`) REFERENCES `auth_user` (`id`)
) ENGINE=InnoDB DEFAULT CHARSET=latin1;
/*!40101 SET character_set_client = @saved_cs_client */;

--
-- Dumping data for table `auth_user_groups`
--

LOCK TABLES `auth_user_groups` WRITE;
/*!40000 ALTER TABLE `auth_user_groups` DISABLE KEYS */;
/*!40000 ALTER TABLE `auth_user_groups` ENABLE KEYS */;
UNLOCK TABLES;

--
-- Table structure for table `auth_user_user_permissions`
--

DROP TABLE IF EXISTS `auth_user_user_permissions`;
/*!40101 SET @saved_cs_client     = @@character_set_client */;
/*!40101 SET character_set_client = utf8 */;
CREATE TABLE `auth_user_user_permissions` (
  `id` int(11) NOT NULL AUTO_INCREMENT,
  `user_id` int(11) NOT NULL,
  `permission_id` int(11) NOT NULL,
  PRIMARY KEY (`id`),
  UNIQUE KEY `user_id` (`user_id`,`permission_id`),
  KEY `auth_user_user_perm_permission_id_3d7071f0_fk_auth_permission_id` (`permission_id`),
  CONSTRAINT `auth_user_user_permissions_user_id_7cd7acb6_fk_auth_user_id` FOREIGN KEY (`user_id`) REFERENCES `auth_user` (`id`),
  CONSTRAINT `auth_user_user_perm_permission_id_3d7071f0_fk_auth_permission_id` FOREIGN KEY (`permission_id`) REFERENCES `auth_permission` (`id`)
) ENGINE=InnoDB DEFAULT CHARSET=latin1;
/*!40101 SET character_set_client = @saved_cs_client */;

--
-- Dumping data for table `auth_user_user_permissions`
--

LOCK TABLES `auth_user_user_permissions` WRITE;
/*!40000 ALTER TABLE `auth_user_user_permissions` DISABLE KEYS */;
/*!40000 ALTER TABLE `auth_user_user_permissions` ENABLE KEYS */;
UNLOCK TABLES;

--
-- Table structure for table `django_admin_log`
--

DROP TABLE IF EXISTS `django_admin_log`;
/*!40101 SET @saved_cs_client     = @@character_set_client */;
/*!40101 SET character_set_client = utf8 */;
CREATE TABLE `django_admin_log` (
  `id` int(11) NOT NULL AUTO_INCREMENT,
  `action_time` datetime NOT NULL,
  `object_id` longtext,
  `object_repr` varchar(200) NOT NULL,
  `action_flag` smallint(5) unsigned NOT NULL,
  `change_message` longtext NOT NULL,
  `content_type_id` int(11) DEFAULT NULL,
  `user_id` int(11) NOT NULL,
  PRIMARY KEY (`id`),
  KEY `django_admin__content_type_id_5151027a_fk_django_content_type_id` (`content_type_id`),
  KEY `django_admin_log_user_id_1c5f563_fk_auth_user_id` (`user_id`),
  CONSTRAINT `django_admin_log_user_id_1c5f563_fk_auth_user_id` FOREIGN KEY (`user_id`) REFERENCES `auth_user` (`id`),
  CONSTRAINT `django_admin__content_type_id_5151027a_fk_django_content_type_id` FOREIGN KEY (`content_type_id`) REFERENCES `django_content_type` (`id`)
) ENGINE=InnoDB DEFAULT CHARSET=latin1;
/*!40101 SET character_set_client = @saved_cs_client */;

--
-- Dumping data for table `django_admin_log`
--

LOCK TABLES `django_admin_log` WRITE;
/*!40000 ALTER TABLE `django_admin_log` DISABLE KEYS */;
/*!40000 ALTER TABLE `django_admin_log` ENABLE KEYS */;
UNLOCK TABLES;

--
-- Table structure for table `django_content_type`
--

DROP TABLE IF EXISTS `django_content_type`;
/*!40101 SET @saved_cs_client     = @@character_set_client */;
/*!40101 SET character_set_client = utf8 */;
CREATE TABLE `django_content_type` (
  `id` int(11) NOT NULL AUTO_INCREMENT,
  `app_label` varchar(100) NOT NULL,
  `model` varchar(100) NOT NULL,
  PRIMARY KEY (`id`),
  UNIQUE KEY `django_content_type_app_label_3ec8c61c_uniq` (`app_label`,`model`)
) ENGINE=InnoDB AUTO_INCREMENT=20 DEFAULT CHARSET=latin1;
/*!40101 SET character_set_client = @saved_cs_client */;

--
-- Dumping data for table `django_content_type`
--

LOCK TABLES `django_content_type` WRITE;
/*!40000 ALTER TABLE `django_content_type` DISABLE KEYS */;
INSERT INTO `django_content_type` VALUES (1,'admin','logentry'),(3,'auth','group'),(2,'auth','permission'),(4,'auth','user'),(5,'contenttypes','contenttype'),(6,'sessions','session'),(17,'tasks','interactionstep'),(19,'tasks','observationtype'),(16,'tasks','scenariotask'),(8,'usability_tests','appversion'),(9,'usability_tests','refactoring'),(11,'usability_tests','scenario'),(10,'usability_tests','task'),(7,'usability_tests','usabilitytest'),(15,'usability_tests_executions','interactionstepexecution'),(18,'usability_tests_executions','observation'),(12,'usability_tests_executions','participant'),(13,'usability_tests_executions','scenarioexecution'),(14,'usability_tests_executions','taskscenarioexecution');
/*!40000 ALTER TABLE `django_content_type` ENABLE KEYS */;
UNLOCK TABLES;

--
-- Table structure for table `django_migrations`
--

DROP TABLE IF EXISTS `django_migrations`;
/*!40101 SET @saved_cs_client     = @@character_set_client */;
/*!40101 SET character_set_client = utf8 */;
CREATE TABLE `django_migrations` (
  `id` int(11) NOT NULL AUTO_INCREMENT,
  `app` varchar(255) NOT NULL,
  `name` varchar(255) NOT NULL,
  `applied` datetime NOT NULL,
  PRIMARY KEY (`id`)
) ENGINE=InnoDB AUTO_INCREMENT=22 DEFAULT CHARSET=latin1;
/*!40101 SET character_set_client = @saved_cs_client */;

--
-- Dumping data for table `django_migrations`
--

LOCK TABLES `django_migrations` WRITE;
/*!40000 ALTER TABLE `django_migrations` DISABLE KEYS */;
INSERT INTO `django_migrations` VALUES (1,'contenttypes','0001_initial','2015-09-30 18:17:36'),(2,'auth','0001_initial','2015-09-30 18:17:38'),(3,'admin','0001_initial','2015-09-30 18:17:39'),(4,'contenttypes','0002_remove_content_type_name','2015-09-30 18:17:39'),(5,'auth','0002_alter_permission_name_max_length','2015-09-30 18:17:40'),(6,'auth','0003_alter_user_email_max_length','2015-09-30 18:17:40'),(7,'auth','0004_alter_user_username_opts','2015-09-30 18:17:40'),(8,'auth','0005_alter_user_last_login_null','2015-09-30 18:17:40'),(9,'auth','0006_require_contenttypes_0002','2015-09-30 18:17:41'),(10,'sessions','0001_initial','2015-09-30 18:17:41'),(11,'usability_tests','0001_initial','2015-09-30 18:17:41'),(12,'usability_tests','0002_appversion_refactoring_scenario_task','2015-09-30 18:17:44'),(13,'usability_tests','0003_auto_20150917_1427','2015-09-30 18:17:47'),(14,'tasks','0001_initial','2015-09-30 18:17:48'),(15,'usability_tests_executions','0001_initial','2015-09-30 18:17:51'),(16,'usability_tests','0004_auto_20150930_1914','2015-09-30 19:14:52'),(17,'usability_tests','0005_remove_refactoring_app_version','2015-10-01 23:34:55'),(18,'tasks','0002_scenariotask_refactorings','2015-10-03 18:35:59'),(19,'tasks','0003_auto_20151003_1858','2015-10-03 18:58:36'),(20,'tasks','0004_auto_20151003_2003','2015-10-03 20:03:40'),(21,'usability_tests_executions','0002_observation','2015-10-03 20:03:40');
/*!40000 ALTER TABLE `django_migrations` ENABLE KEYS */;
UNLOCK TABLES;

--
-- Table structure for table `django_session`
--

DROP TABLE IF EXISTS `django_session`;
/*!40101 SET @saved_cs_client     = @@character_set_client */;
/*!40101 SET character_set_client = utf8 */;
CREATE TABLE `django_session` (
  `session_key` varchar(40) NOT NULL,
  `session_data` longtext NOT NULL,
  `expire_date` datetime NOT NULL,
  PRIMARY KEY (`session_key`),
  KEY `django_session_de54fa62` (`expire_date`)
) ENGINE=InnoDB DEFAULT CHARSET=latin1;
/*!40101 SET character_set_client = @saved_cs_client */;

--
-- Dumping data for table `django_session`
--

LOCK TABLES `django_session` WRITE;
/*!40000 ALTER TABLE `django_session` DISABLE KEYS */;
/*!40000 ALTER TABLE `django_session` ENABLE KEYS */;
UNLOCK TABLES;

--
-- Table structure for table `tasks_interactionstep`
--

DROP TABLE IF EXISTS `tasks_interactionstep`;
/*!40101 SET @saved_cs_client     = @@character_set_client */;
/*!40101 SET character_set_client = utf8 */;
CREATE TABLE `tasks_interactionstep` (
  `id` int(11) NOT NULL AUTO_INCREMENT,
  `scenario_task_id` int(11) NOT NULL,
  `is_question` tinyint(1) NOT NULL,
  `name` varchar(256) NOT NULL,
  `order` smallint(5) unsigned NOT NULL,
  PRIMARY KEY (`id`),
  KEY `tasks_interactionstep_130cbdcf` (`scenario_task_id`),
  CONSTRAINT `tasks_interac_scenario_task_id_637645b3_fk_tasks_scenariotask_id` FOREIGN KEY (`scenario_task_id`) REFERENCES `tasks_scenariotask` (`id`)
) ENGINE=InnoDB AUTO_INCREMENT=2033 DEFAULT CHARSET=latin1;
/*!40101 SET character_set_client = @saved_cs_client */;

--
-- Dumping data for table `tasks_interactionstep`
--

LOCK TABLES `tasks_interactionstep` WRITE;
/*!40000 ALTER TABLE `tasks_interactionstep` DISABLE KEYS */;
INSERT INTO `tasks_interactionstep` VALUES (101,1,1,'Ingrese su edad:',1),(102,1,1,'Ha trabajado o trabaja en:',2),(103,1,1,'Formación académica:',3),(104,1,1,'Indique con qué frecuencia ha usado aplicaciones web para comprar productos por internet a través de tiendas online:',4),(105,1,1,'Indique con qué frecuencia ha usado aplicaciones web para comprar productos por internet a través de subastas online (por ejemplo, ebay):',5),(106,1,0,'Ingresar a \'http://testdomain02.com.ar/\'',6),(107,1,0,'Acceda a la página de registro de usuarios (\'Register\').',7),(108,1,1,'Fue fácil encontrar el link a la página de registro de usuarios ',8),(109,1,0,'Complete sólo los campos hasta \'Additional Conctact Details\' inclusive. Al finalizar, presione el botón \'Listo\'',9),(110,1,0,'Ingrese su fecha de nacimiento (\'Verify Your Age\'). Al finalizar, presione \'Listo\'',10),(111,1,1,'El sistema me ayudó en evitar que ingrese fechas incorrectas',11),(112,1,0,'Complete la sección de \'Login Details\' (luego presione \'Listo\')',12),(113,1,0,'Ingrese el Captcha (\'Anti-Spam check\', luego presione \'Listo\')',13),(114,1,0,'Presione \'Submit\' para completar el registro.',14),(115,1,1,'El sistema me ayudó en la validación de los datos ingresados y evitó la necesidad de reenviar el formulario muchas veces',15),(116,1,1,'Me hubiera sentido seguro si hubiera tenido que ingresar mis verdaderos datos personales en el sistema',16),(117,1,1,'Me siento confiado de haber ingresado todos los datos correctamente en el formulario de registro',17),(118,1,1,'Me siento satisfecho con el proceso de registro',18),(119,1,0,'Finalizar sesión en Zencart (\'Logout\')',19),(201,2,0,'Ingrese a la categoría \'Hardware --> Graphics Cards\', mire la información del producto \'Matrox G200 MMS\', elija la versión del producto con 16 MB de memoria y agregue 2 items de ese producto a su carrito de compras',1),(202,2,1,'Fue fácil seleccionar la versión correcta del producto y su cantidad',2),(203,2,0,'Ingrese a la categoría \'DVD Movies --> Action\', busque los títulos \'The Matrix Linked\', \'Under Siege Linked\', \'Fire Down Below Linked\' y \'Speed Linked\' y agréguelos a su carrito de compras directamente desde la lista, sin mirar los detalles de cada DVD.',3),(204,2,1,'La lista de DVDs está claramente organizada y fue fácil encontrar las 4 películas requeridas',4),(205,2,1,'Fue fácil agregar las 4 películas especificadas al carrito de compras.',5),(206,2,1,'Fui informado sobre el contenido del carrito de compras a medida que le agregaba productos, sin necesidad de navegar hacia él.',6),(207,2,0,'Retorne a la pagina de producto de la\'Matrox G400\'',7),(208,2,0,'Observe la imagen de la \'Matrox G400\' y lea cual es la palabra escrita en el borde superior izquierdo de la placa (luego presione \'Listo\')',8),(209,2,1,'¿Cual era la palabra escrita en el borde superior de la placa?.',9),(210,2,1,'Estoy satisfecho con la imagen de la placa de video y con el elemento de interfaz usado para mostrarla.',10),(211,2,0,'Memorice la cantidad de productos en el carrito de compras y el costo total. (luego presione \'Listo\')',11),(212,2,1,'¿Cuantos productos había en el carrito, y cual era el costo total?',12),(213,2,1,'Fue fácil verificar la cantidad de productos del carrito y su costo total durante todo el proceso de compra.',13),(214,2,0,'Visite el carrito de compras.',14),(215,2,0,'Elimine el DVD \'The Matrix Linked\' del carrito y agregue un item más del DVD \'Under Siege Linked\' (luego presione \'Listo\')',15),(216,2,1,'Fue fácil entender cómo actualizar la cantidad de un producto en el carrito y cómo eliminar productos del carrito de compras.',16),(217,2,0,'Comience el proceso de \'checkout\'',17),(218,2,0,'Seleccione como \'shipping address\' la 2da dirección en su agenda de direcciones, y como \'shipping method\' el más barato. (luego presione \'Listo\')',18),(219,2,1,'Fue fácil y rápido especificar el \'shipping address\' y \'shipping method\' de mi pedido',19),(220,2,0,'Continúe con el siguiente paso del checkout',20),(221,2,0,'Vuelva atrás en el proceso de \'checkout\' y cambie el \'shipping address\' para que sea el primero de su agenda de direcciones. (luego presione \'Listo\')',21),(222,2,1,'¿Cómo logró retornar en el proceso de \'checkout\'?',22),(223,2,1,'Fue fácil volver atrás en el proceso de \'checkout\'  para cambiar mi \'shipping address\'',23),(224,2,0,'Continúe nuevamente con el siguiente paso del checkout',24),(225,2,0,'Seleccione \'Credit Card\' e ingrese VISA nro 4111111111111111 (quince \'1\'s) con cualquier vencimiento. (luego presione \'Listo\')',25),(226,2,1,'El sistema me acompañó en la validación de los datos ingresados para la tarjeta de crédito y para evitar errores',26),(227,2,0,'Siga adelante en el proceso hasta la página \'Order Confirmation\'',27),(228,2,0,'Verifique que está comprando los productos correctos y en sus cantidades correctas.(luego presione \'Listo\')',28),(229,2,1,'Estoy seguro que estoy comprando los productos requeridos y en la cantidad correcta',29),(230,2,0,'Confirme la orden presionando en el botón \'Confirm the order\'',30),(231,2,1,'Luego de confirmar la orden, me sentí confiado de que el sistema iba a procesarla correctamente',31),(232,2,1,'Estoy satisfecho con el proceso de compra de varios productos en el sitio',32),(233,2,1,'Durante el proceso de \'checkout\' pude conocer cuales eran los siguientes pasos para completar el proceso y el paso actual.',33),(501,5,0,'Use el cuadro de búsqueda superior para hallar el producto \'Matrox G400\' en el catálogo del sitio y visite la página del producto',1),(502,5,1,'Fue fácil buscar un producto específico en el catálogo del sitio.',2),(503,5,0,'Chequee la información técnica del producto \'Matrox G400\' y asegúrese si es compatible con Ubuntu (NO USE LA HERRAMIENTA BUSCAR) luego presione \'Listo\'',3),(504,5,1,'¿El producto era compatible con Ubuntu?',4),(505,5,1,'La información técnica del producto está bien organizada.',5),(506,5,0,'Chequee el ranking promedio de \'reviews\' disponibles para el producto \'Matrox G400\' y lea el \'review\' que ranquea al producto con 2 estrellas (luego presione \'Listo\')',6),(507,5,1,'El autor del \'review\' decia que el producto no tenia buenos \'drivers\' para Windows.',7),(508,5,1,'La información de los \'reviews\' del producto estaba fácilmente accesible',8),(509,5,1,'Fue fácil encontrar y leer el review  con ranking  de 2 estrellas',9),(510,5,0,'Chequee qué otros productos están disponibles en la misma categoría de la \'Matrox G400\'. NO USAR EL BOTON DE RETROCESO DEL NAVEGADOR. (luego presione \'Listo\')',10),(511,5,1,'¿Como logró retornar a la página de categorias del producto?',11),(512,5,1,'Fue fácil navegar a la lista de productos en la misma categoría que la Matrox G400\'',12),(513,5,1,'Estoy satisfecho con el proceso de búsqueda de productos',13),(601,6,0,'Acceder a la pagina de inicio de sesión (\'Login\')',1),(602,6,0,'Ingresar \'Email address\', \'password\' e iniciar sesión.',2),(603,6,0,'Acceda a la página de información de su cuenta para actualizarla.',3),(604,6,0,'Modifique el campo \'Street Address\' de su dirección principal (\'Primary address\')',4),(605,6,0,'Presione el boton \'Submit\' para actualizar la información',5),(606,6,0,'Modifique la contraseña (\'password\') de su cuenta de usuario y presione el botón \'Submit\' para actualizar la información. (luego presione \'Listo\')',6),(607,6,0,'Agregue una nueva dirección a su \'address book\'.',7),(608,6,0,'Complete la inforamción solicitada y presione submit para crear la nueva dirección.',8),(609,6,1,'Fue fácil modificar mi información como fue solicitada.',9),(610,6,1,'Siento que el sistema me acompañó en la validación de los datos ingresados.',10),(611,6,1,'Me siento satisfecho con el proceso de actualización de mis datos personales.',11),(701,7,1,'Ingrese su edad:',1),(702,7,1,'Ha trabajado o trabaja en:',2),(703,7,1,'Formación académica:',3),(704,7,1,'Indique con qué frecuencia ha usado aplicaciones web para comprar productos por internet a través de tiendas online:',4),(705,7,1,'Indique con qué frecuencia ha usado aplicaciones web para comprar productos por internet a través de subastas online (por ejemplo, ebay):',5),(706,7,0,'Acceda al sitio \'testdomain03.com.ar\'',6),(707,7,0,'Acceda a la página de registro de usuarios ',7),(708,7,1,'Fue fácil encontrar el link a la página de registro de usuarios.',8),(709,7,0,'Complete el formulario de registro SIN ENVIARLO. Presione \'Listo\' para continuar.',9),(710,7,0,'Verifique los \'Terms and Conditions\' bajo los cuales usted crea la cuenta y complete el registro (\'Listo\' para continuar)',10),(711,7,1,'Fue claro saber si estaba en la página correcta para registrarme.',11),(712,7,1,'El sistema me ayudó en la validación de los datos ingresados y evitó la necesidad de reenviar el formulario muchas veces.',12),(713,7,1,'Me habría sentido seguro si hubiera tenido que ingresar mis verdaderos datos personales en el sistema.',13),(714,7,1,'He podido verificar fácilmente cuales eran los Términos y Condiciones bajo los cuales estaba creando la cuenta en WeBid.',14),(715,7,1,'Me siento satisfecho del proceso de registro de usuarios.',15),(801,8,0,'Cargue un DVD en WeBid para subastar. Para esto, ingrese a \'Sell an Item\'. ',1),(802,8,0,'Elija la categoría \'Movies and Video\' -->  \'DVD\' y continúe hacia el próximo paso.',2),(803,8,1,'Cuando terminé de seleccionar las categorías fue claro que estaba navegando al próximo paso en el proceso.',3),(804,8,0,'Especifique título: \'Speed linked\', descripción: \'DVD Regional Code: 2\', y \'Wire Transfer\' como \'payment method\'. Luego complete el paso (\'Submit auction\').',4),(805,8,0,'Vuelva atrás en el proceso de venta y cambie la categoría del item a \'Movies and Video\' --> \'HD-DVD\' (\'Listo\' para continuar)',5),(806,8,1,'Fue fácil ir hacia atrás en el proceso de venta y cambiar la categoría del item a vender',6),(807,8,0,'Cargue una foto al item (use la foto provista). (\'Listo\' para continuar)',7),(808,8,1,'Estuve seguro de que la foto se estaba cargando',8),(809,8,0,'Seleccione \'Cheque\' como \'payment method\', ingrese 20 como \'shipping fee\' y especifique \'Seller pays shipping expenses\'. Luego presione \'submit\'.',9),(810,8,1,'El formulario fue fácil de llenar y fue claro el tipo de datos que estaba llenando en cada paso',10),(811,8,0,'Confirme su subasta',11),(812,8,1,'Me siento confiado de haber especificado todos los datos correctos para la subasta',12),(813,8,1,'Estaba seguro de estar confirmando la subasta',13),(814,8,1,'Fue fácil saber cuáles son todos los pasos involucrados en el proceso de venta de un item.',14),(815,8,1,'Estoy satisfecho con el proceso de venta de un item',15),(901,9,1,'Ingrese su edad:',1),(902,9,1,'Ha trabajado o trabaja en:',2),(903,9,1,'Formación académica:',3),(904,9,1,'Indique con qué frecuencia ha usado aplicaciones web para comprar productos por internet a través de tiendas online:',4),(905,9,1,'Indique con qué frecuencia ha usado aplicaciones web para comprar productos por internet a través de subastas online (por ejemplo, ebay):',5),(906,9,0,'Acceda al sitio \'testdomain04.com.ar\'',6),(907,9,0,'Acceda a la página de registro de usuarios ',7),(908,9,1,'Fue fácil encontrar el link a la página de registro de usuarios.',8),(909,9,1,'Fue claro saber si estaba en la página correcta para registrarme.',9),(910,9,0,'Complete el formulario de registro SIN ENVIARLO. Presione \'Listo\' para continuar.',10),(911,9,0,'Revise los \'Terms and Conditions\', ingrese el Captcha y envíe el formulario (\'Register Now\')',11),(912,9,1,'El sistema me ayudó en la validación de los datos ingresados y evitó la necesidad de reenviar el formulario muchas veces.',12),(913,9,1,'Me habría sentido seguro si hubiera tenido que ingresar mis verdaderos datos personales en el sistema.',13),(914,9,1,'He podido verificar fácilmente cuales eran los Términos y Condiciones bajo los cuales estaba creando la cuenta en WeBid.',14),(915,9,1,'Me siento satisfecho del proceso de registro de usuarios.',15),(1001,10,0,'Ingrese al sitio con su usuario (\'Login\')',1),(1002,10,0,'Visite la informacion de su cuenta y modifique: domicilio, fecha de nacimiento, contraseña y suscríbase al newsletter.',2),(1003,10,1,'Fue fácil encontrar la página para modificar la información de mi cuenta.',3),(1004,10,1,'Fue fácil especificar la nueva fecha de nacimiento.',4),(1005,10,1,'Me siento satisfecho con el proceso de modificación de mis datos personales.',5),(1101,11,0,'Busque el término \'guitar\', verifique si hay disponible una guitarra \'Fender\' e ingrese a su página de detalles.',1),(1102,11,1,'Fue fácil buscar un producto.',2),(1103,11,0,'Chequee si el vendedor de la \'Fender guitar\' hace envíos internacionales (\'Shipping\') y si acepta \'Cash on delivery\'. (\'Listo\' para continuar)',3),(1104,11,1,'¿Acepta \'International Shipping\'?',4),(1105,11,1,'¿Acepta \'Cash on delivery\'?',5),(1106,11,1,'La información disponible sobre la subasta y el producto subastado está bien organizada.',6),(1107,11,0,'Chequee cuántas subastas activas (\'active auctions\')  tiene el vendedor de la \'Fender guitar\'. (\'Listo\' para continuar)',7),(1108,11,1,'¿Cuántas subastas tenía el vendedor?',8),(1109,11,1,'Fue fácil chequear el número de subastas activas (\'active auctions\')  del vendedor.',9),(1110,11,0,'Navegue al \'home\' del sitio, busque una cámara \'Nikon D4\' y acceda los detalles de la subasta.',10),(1111,11,1,'Fue fácil encontrar cómo navegar desde la versión resumida de la subasta hacia la página que muestra la información detallada.',11),(1112,11,0,'Verifique en las imágenes de la cámara si tiene un puerto mini USB. (\'Listo\' para continuar)',12),(1113,11,1,'¿Encontró un puerto Mini USB en la cámara?',13),(1114,11,1,'Me resultó cómodo revisar las imágenes del producto.',14),(1115,11,0,'Busque cuáles son los otros productos disponibles en la misma categoría de la \'Nikon D4\' (\'Electronics and Photography\').',15),(1116,11,1,'Fue fácil navegar a la lista de productos en la misma categoría de la \'Nikon D4\'.',16),(1117,11,1,'Me siento satisfecho con el proceso de búsqueda de subastas y acceso a las páginas de detalles de las subastas.',17),(1201,12,1,'Ingrese su edad:',1),(1202,12,1,'Ha trabajado o trabaja en:',2),(1203,12,1,'Formación académica:',3),(1204,12,1,'Indique con qué frecuencia ha usado aplicaciones web para comprar productos por internet a través de tiendas online:',4),(1205,12,1,'Indique con qué frecuencia ha usado aplicaciones web para comprar productos por internet a través de subastas online (por ejemplo, ebay):',5),(1206,12,0,'Ingresar a \'http://testdomain01.com.ar/\'',6),(1207,12,0,'Acceda a la página de registro de usuarios para comenzar el proceso de registro.',7),(1208,12,1,'Fue fácil encontrar el link a la página de registro de usuarios ',8),(1209,12,0,'Complete las secciones \'Company Details\', \'Address Details\' y Additional Contact Details (luego presione \'Listo\')',9),(1210,12,0,'Complete la sección de \'Verify Your Age\' (luego presione \'Listo\')',10),(1211,12,1,'El sistema me ayudó en evitar que ingrese fechas incorrectas',11),(1212,12,0,'Complete la sección de \'Login Details\' (luego presione \'Listo\')',12),(1213,12,0,'Finalizar el proceso de registro (presione Submit al final del formulario)',13),(1214,12,1,'El sistema me ayudó en la validación de los datos ingresados y evitó la necesidad de reenviar el formulario muchas veces',14),(1215,12,1,'Me hubiera sentido seguro si hubiera tenido que ingresar mis verdaderos datos personales en el sistema',15),(1216,12,1,'Me siento confiado de haber ingresado todos los datos correctamente en el formulario de registro',16),(1217,12,1,'Me siento satisfecho con el proceso de registro',17),(1218,12,0,'Finalizar sesión en Zencart (\'Logout\')',18),(1301,13,0,'Ingrese al sitio con su usuario (\'Login\')',1),(1302,13,0,'Visite la informacion de su cuenta y modifique su domicilio (\'address\')',2),(1303,13,0,'Modifique su contraseña (\'password\')',3),(1304,13,0,'Vuelva a ingresar al sitio con su nueva contraseña, y luego subscríbase al newsletter',4),(1305,13,1,'Fue fácil encontrar la página para modificar la información de mi cuenta.',5),(1306,13,0,'Modifique su fecha de nacimiento',6),(1307,13,1,'Fue fácil especificar la nueva fecha de nacimiento.',7),(1308,13,1,'Me sentí seguro de haber ingresado los datos correctos.',8),(1309,13,1,'Me siento satisfecho con el proceso de modificación de mis datos personales.',9),(1401,14,0,'Ingrese a la categoria  \'Electronics and Photography\', busque una subasta de un \'iPad\' con 16 GB de memoria, e ingrese a los detalles del producto',1),(1402,14,1,'La lista de productos está claramente organizada y fue fácil encontrar el item especificado.',2),(1403,14,0,'Utilice el conversor de monedas para saber cual es la mejor oferta (Current bid) en DOLARES. Copie el resultado al portapapeles. (\'Listo\' para continuar)',3),(1404,14,1,'Escriba el costo de la mejor oferta en dólares',4),(1405,14,1,'Fue fácil convertir el precio de Euros a Dólares.',5),(1406,14,0,'Realice una primera oferta por 200 EUR, y luego una segunda oferta por un valor superior al \'minimum bid\' sobre el iPad de 16GB',6),(1407,14,1,'Fue fácil chequear que estaba realizando una oferta por al menos el valor mínimo.',7),(1408,14,0,'Confirme su oferta y corrobore que sea la máxima. (\'Listo\' para continuar)',8),(1409,14,1,'Fue fácil chequear el estado de mi oferta después de realizada (si sigue siendo la mejor oferta o ya fue mejorada).',9),(1410,14,0,'Busque qué significa un \'Item watch\' chequeando en la página: \'Help --> Buying\' (\'Listo\' para continuar)',10),(1411,14,1,'¿Qué es un \'Item Watch\'?',11),(1412,14,0,'Agregue a su \'watch list\' cada uno de los item en la categoría \'Home and Garden (\'Listo\' para continuar)',12),(1413,14,1,'Fue fácil agregar todos los items a mi \'watch list\'.',13),(1501,15,0,'Acceder a la pagina de inicio de sesión (\'Login\')',1),(1502,15,0,'Ingresar \'Email address\', \'password\' e iniciar sesión.',2),(1503,15,0,'Acceda a la página de información de su cuenta para actualizarla.',3),(1504,15,0,'Modifique el campo \'Street Address\' de su dirección principal (\'Primary address\')',4),(1505,15,0,'Presione el boton \'Submit\' para actualizar la información',5),(1506,15,0,'Modifique la contraseña (\'password\') de su cuenta de usuario y presione el botón \'Submit\' para actualizar la información. (luego presione \'Listo\')',6),(1507,15,0,'Agregue una nueva dirección a su \'address book\'.',7),(1508,15,0,'Complete la inforamción solicitada y presione submit para crear la nueva dirección.',8),(1509,15,1,'Fue fácil modificar mi información como fue solicitada.',9),(1510,15,1,'Siento que el sistema me acompañó en la validación de los datos ingresados.',10),(1511,15,1,'Me siento satisfecho con el proceso de actualización de mis datos personales.',11),(1601,16,0,'Busque el término \'guitar\', verifique si hay disponible una guitarra \'Fender\' e ingrese a su página de detalles.',1),(1602,16,1,'Fue fácil buscar un producto.',2),(1603,16,0,'Chequee si el vendedor de la \'Fender guitar\' hace envíos internacionales (\'International shipping\') y si acepta \'Cash on delivery\'. (\'Listo\' para continuar)',3),(1604,16,1,'¿Acepta \'International Shipping\'?',4),(1605,16,1,'¿Acepta \'Cash on delivery\'?',5),(1606,16,1,'La información disponible sobre la subasta y el producto subastado está bien organizada.',6),(1607,16,0,'Chequee cuántas subastas activas (\'active auctions)  tiene el vendedor de la \'Fender guitar\'. (\'Listo\' para continuar)',7),(1608,16,1,'¿Cuántas subastas tenía el vendedor?',8),(1609,16,1,'Fue fácil chequear el número de subastas activas (\'active auctions)  del vendedor.',9),(1610,16,0,'Navegue al \'home\' del sitio, busque una cámara \'Nikon D4\' y acceda los detalles de la subasta.',10),(1611,16,1,'Fue fácil encontrar cómo navegar desde la versión resumida de la subasta hacia la página que muestra la información detallada.',11),(1612,16,0,'Verifique en las imágenes de la cámara si tiene un puerto mini USB. (\'Listo\' para continuar)',12),(1613,16,1,'¿Encontró un puerto Mini USB en la cámara?',13),(1614,16,1,'Me resultó cómodo revisar las imágenes del producto.',14),(1615,16,0,'Busque cuáles son los otros productos disponibles en la misma categoría de la \'Nikon D4\' (\'Electronics and Photography\').',15),(1616,16,1,'Fue fácil navegar a la lista de productos en la misma categoría de la \'Nikon D4\'.',16),(1617,16,1,'Me siento satisfecho con el proceso de búsqueda de subastas y acceso a las páginas de detalles de las subastas.',17),(1701,17,0,'Use el cuadro de búsqueda superior para hallar el producto \'Matrox G400\' y visite la página del producto',1),(1702,17,1,'Fue fácil buscar un producto específico en el catálogo del sitio.',2),(1703,17,0,'Chequee la información técnica del producto \'Matrox G400\' y asegúrese si es compatible con Ubuntu (NO USE LA HERRAMIENTA BUSCAR) luego presione \'Listo\'',3),(1704,17,1,'¿El producto era compatible con Ubuntu?',4),(1705,17,1,'La información técnica del producto está bien organizada.',5),(1706,17,0,'Chequee el ranking promedio de \'reviews\' disponibles para el producto \'Matrox G400\' y lea el \'review\' que ranquea al producto con 2 estrellas (luego presione \'Listo\')',6),(1707,17,1,'El autor del \'review\' decia que el producto no tenia buenos \'drivers\' para Windows.',7),(1708,17,1,'La información de los \'reviews\' del producto estaba fácilmente accesible',8),(1709,17,1,'Fue fácil encontrar y leer el review  con ranking  de 2 estrellas',9),(1710,17,0,'Chequee qué otros productos están disponibles en la misma categoría de la \'Matrox G400\'. NO USAR EL BOTON DE RETROCESO DEL NAVEGADOR. (luego presione \'Listo\')',10),(1711,17,1,'¿Como logró retornar a la página de categorias del producto?',11),(1712,17,1,'Fue fácil navegar a la lista de productos en la misma categoría que la Matrox G400\'',12),(1713,17,1,'Estoy satisfecho con el proceso de búsqueda de productos',13),(1801,18,0,'Cargue un DVD en WeBid para subastar. Para esto, ingrese a \'Sell an Item\'. ',1),(1802,18,0,'Elija la categoría \'Movies and Video\' -->  \'DVD\' y continúe hacia el próximo paso.',2),(1803,18,1,'Cuando terminé de seleccionar las categorías fue claro que estaba navegando al próximo paso en el proceso.',3),(1804,18,0,'Especifique título: \'Speed linked\', descripción: \'DVD Regional Code: 2\'. Luego proceda al paso siguiente.',4),(1805,18,0,'Ingrese \'Wire Transfer\' como \'payment method\' y proceda al paso siguiente. (luego pulse \'Listo\' para continuar)',5),(1806,18,0,'Vuelva atrás en el proceso de venta y cambie la categoría del item a \'Movies and Video\' --> \'HD-DVD\' y proceda al paso siguiente. (luego pulse \'Listo\' para continuar)',6),(1807,18,1,'Fue fácil ir hacia atrás en el proceso de venta y cambiar la categoría del item a vender',7),(1808,18,0,'Cargue una foto al item (use la foto provista). (\'Listo\' para continuar)',8),(1809,18,1,'Estuve seguro de que la foto se estaba cargando',9),(1810,18,0,'En el siguiente paso seleccione \'Cheque\' como \'payment method\', ingrese 20 como \'shipping fee\' y especifique \'Seller pays shipping expenses\'. Luego presione \'Proceed to next step\'.',10),(1811,18,1,'El formulario fue fácil de llenar y fue claro el tipo de datos que estaba llenando en cada paso',11),(1812,18,0,'Confirme su subasta con \'Confirm auction\' (\'Listo\' para continuar)',12),(1813,18,1,'Me siento confiado de haber especificado todos los datos correctos para la subasta',13),(1814,18,1,'Estaba seguro de estar confirmando la subasta',14),(1815,18,1,'Fue fácil saber cuáles son todos los pasos involucrados en el proceso de venta de un item.',15),(1816,18,1,'Estoy satisfecho con el proceso de venta de un item',16),(1901,19,0,'Ingrese a la categoria  \'Electronics and Photography\', busque una subasta de un \'iPad\' con 16 GB de memoria, e ingrese a los detalles del producto',1),(1902,19,1,'La lista de productos está claramente organizada y fue fácil encontrar el item especificado.',2),(1903,19,0,'Utilice el conversor de monedas para saber cual es la mejor oferta (Current bid) en DOLARES. Copie el resultado al portapapeles. (\'Listo\' para continuar)',3),(1904,19,1,'Escriba el costo de la mejor oferta en dólares',4),(1905,19,1,'Fue fácil convertir el precio de Euros a Dólares.',5),(1906,19,0,'Realice una primera oferta por 200 EUR, y luego una segunda oferta por un valor superior al \'minimum bid\' sobre el iPad de 16GB (\'Listo\' para continuar)',6),(1907,19,1,'Fue fácil chequear que estaba realizando una oferta por al menos el valor mínimo.',7),(1908,19,0,'Confirme su oferta y corrobore que sea la máxima. (\'Listo\' para continuar)',8),(1909,19,1,'Fue fácil chequear el estado de mi oferta después de realizada (si sigue siendo la mejor oferta o ya fue mejorada).',9),(1910,19,0,'Busque qué significa un \'Item watch\' chequeando en la página: \'Help --> Buying\' (\'Listo\' para continuar)',10),(1911,19,1,'¿Qué es un \'Item Watch\'?',11),(1912,19,0,'Agregue a su \'watch list\' cada uno de los item en la categoría \'Home and Garden (\'Listo\' para continuar)',12),(1913,19,1,'Fue fácil agregar todos los items a mi \'watch list\'.',13),(2001,20,0,'Ingrese a la categoría \'Hardware --> Graphics Cards\', mire la información del producto \'Matrox G200 MMS\', elija la versión del producto con 16 MB de memoria y agregue 2 items de ese producto a su carrito de compras',1),(2002,20,1,'Fue fácil seleccionar la versión correcta del producto y su cantidad',2),(2003,20,0,'Ingrese a la categoría \'DVD Movies --> Action\', busque los títulos \'The Matrix Linked\', \'Under Siege Linked\', \'Fire Down Below Linked\' y \'Speed Linked\', y agréguelos a su carrito de compras directamente desde la lista, sin mirar los detalles de cada DVD',3),(2004,20,1,'La lista de DVDs está claramente organizada y fue fácil encontrar las 4 películas requeridas',4),(2005,20,1,'Fue fácil agregar las 4 películas especificadas al carrito de compras.',5),(2006,20,1,'Fui informado sobre el contenido del carrito de compras a medida que le agregaba productos, sin necesidad de navegar hacia él.',6),(2007,20,0,'Retorne a la pagina de producto de la\'Matrox G400\'',7),(2008,20,0,'Observe la imagen de la \'Matrox G400\' y lea cual es la palabra escrita en el borde superior izquierdo de la placa (luego presione \'Listo\')',8),(2009,20,1,'¿Cual era la palabra escrita en el borde superior de la placa? (si no se logra ver, puede indicarlo)',9),(2010,20,1,'Estoy satisfecho con la imagen de la placa de video y con el elemento de interfaz usado para mostrarla.',10),(2011,20,0,'Memorice la cantidad de productos en el carrito de compras y el costo total. (luego presione \'Listo\')',11),(2012,20,1,'¿Cuantos productos había en el carrito, y cual era el costo total?',12),(2013,20,1,'Fue fácil verificar la cantidad de productos del carrito y su costo total durante todo el proceso de compra.',13),(2014,20,0,'Elimine el DVD \'The Matrix Linked\' del carrito y agregue un item más del DVD \'Under Siege Linked\' (luego presione \'Listo\')',14),(2015,20,1,'Fue fácil entender cómo actualizar la cantidad de un producto en el carrito y cómo eliminar productos del carrito de compras.',15),(2016,20,0,'Comience el proceso de \'checkout\'',16),(2017,20,0,'Seleccione como \'shipping address\' la 2da dirección en su agenda de direcciones, y como \'shipping method\' el más barato. (luego presione \'Listo\')',17),(2018,20,1,'Fue fácil y rápido especificar el \'shipping address\' y \'shipping method\' de mi pedido',18),(2019,20,0,'Continúe con el siguiente paso del checkout',19),(2020,20,0,'Vuelva atrás en el proceso de \'checkout\' y cambie el \'shipping address\' para que sea el primero de su agenda de direcciones. (luego presione \'Listo\')',20),(2021,20,1,'¿Cómo logró retornar en el proceso de \'checkout\'?',21),(2022,20,1,'Fue fácil volver atrás en el proceso de \'checkout\'  para cambiar mi \'shipping address\'',22),(2023,20,0,'Continúe nuevamente con el siguiente paso del checkout',23),(2024,20,0,'Seleccione \'Credit Card\' e ingrese VISA nro 4111111111111111 (quince \'1\'s) con cualquier vencimiento. (luego presione \'Listo\')',24),(2025,20,1,'El sistema me acompañó en la validación de los datos ingresados para la tarjeta de crédito y para evitar errores',25),(2026,20,0,'Siga adelante en el proceso hasta la página \'Order Confirmation\'',26),(2027,20,0,'Verifique que está comprando los productos correctos y en sus cantidades correctas.(luego presione \'Listo\')',27),(2028,20,1,'Estoy seguro que estoy comprando los productos requeridos y en la cantidad correcta',28),(2029,20,0,'Confirme la orden presionando en el botón \'Confirm the order\'',29),(2030,20,1,'Luego de confirmar la orden, me sentí confiado de que el sistema iba a procesarla correctamente',30),(2031,20,1,'Estoy satisfecho con el proceso de compra de varios productos en el sitio',31),(2032,20,1,'Durante el proceso de \'checkout\' pude conocer cuales eran los siguientes pasos para completar el proceso y el paso actual.',32);
/*!40000 ALTER TABLE `tasks_interactionstep` ENABLE KEYS */;
UNLOCK TABLES;

--
-- Table structure for table `tasks_interactionstep_observation_types`
--

DROP TABLE IF EXISTS `tasks_interactionstep_observation_types`;
/*!40101 SET @saved_cs_client     = @@character_set_client */;
/*!40101 SET character_set_client = utf8 */;
CREATE TABLE `tasks_interactionstep_observation_types` (
  `id` int(11) NOT NULL AUTO_INCREMENT,
  `interactionstep_id` int(11) NOT NULL,
  `observationtype_id` int(11) NOT NULL,
  PRIMARY KEY (`id`),
  UNIQUE KEY `interactionstep_id` (`interactionstep_id`,`observationtype_id`),
  KEY `tasks_in_observationtype_id_66be5d8c_fk_tasks_observationtype_id` (`observationtype_id`),
  CONSTRAINT `tasks_in_interactionstep_id_3e54d93c_fk_tasks_interactionstep_id` FOREIGN KEY (`interactionstep_id`) REFERENCES `tasks_interactionstep` (`id`),
  CONSTRAINT `tasks_in_observationtype_id_66be5d8c_fk_tasks_observationtype_id` FOREIGN KEY (`observationtype_id`) REFERENCES `tasks_observationtype` (`id`)
) ENGINE=InnoDB AUTO_INCREMENT=1913 DEFAULT CHARSET=latin1;
/*!40101 SET character_set_client = @saved_cs_client */;

--
-- Dumping data for table `tasks_interactionstep_observation_types`
--

LOCK TABLES `tasks_interactionstep_observation_types` WRITE;
/*!40000 ALTER TABLE `tasks_interactionstep_observation_types` DISABLE KEYS */;
INSERT INTO `tasks_interactionstep_observation_types` VALUES (1275,101,1),(1276,102,1),(1277,103,1),(1278,104,1),(1279,105,1),(1280,106,1),(1786,106,2),(1281,107,1),(1787,107,2),(1282,108,1),(1283,109,1),(1788,109,2),(1284,110,1),(1789,110,2),(1285,111,1),(1286,112,1),(1790,112,2),(1287,113,1),(1791,113,2),(1288,114,1),(1792,114,2),(1289,115,1),(1290,116,1),(1291,117,1),(1292,118,1),(1293,119,1),(1793,119,2),(1294,201,1),(1794,201,2),(1295,202,1),(1296,203,1),(1795,203,2),(1297,204,1),(1298,205,1),(1299,206,1),(1300,207,1),(1796,207,2),(1301,208,1),(1797,208,2),(1302,209,1),(1303,210,1),(1304,211,1),(1798,211,2),(1305,212,1),(1306,213,1),(1307,214,1),(1799,214,2),(1308,215,1),(1800,215,2),(1309,216,1),(1310,217,1),(1801,217,2),(1311,218,1),(1802,218,2),(1312,219,1),(1313,220,1),(1803,220,2),(1314,221,1),(1804,221,2),(1315,222,1),(1316,223,1),(1317,224,1),(1805,224,2),(1318,225,1),(1806,225,2),(1319,226,1),(1320,227,1),(1807,227,2),(1321,228,1),(1808,228,2),(1322,229,1),(1323,230,1),(1809,230,2),(1324,231,1),(1325,232,1),(1326,233,1),(1327,501,1),(1810,501,2),(1328,502,1),(1329,503,1),(1811,503,2),(1330,504,1),(1331,505,1),(1332,506,1),(1812,506,2),(1333,507,1),(1334,508,1),(1335,509,1),(1336,510,1),(1813,510,2),(1337,511,1),(1338,512,1),(1339,513,1),(1340,601,1),(1814,601,2),(1341,602,1),(1815,602,2),(1342,603,1),(1816,603,2),(1343,604,1),(1817,604,2),(1344,605,1),(1818,605,2),(1345,606,1),(1819,606,2),(1346,607,1),(1820,607,2),(1347,608,1),(1821,608,2),(1348,609,1),(1349,610,1),(1350,611,1),(1351,701,1),(1352,702,1),(1353,703,1),(1354,704,1),(1355,705,1),(1356,706,1),(1822,706,2),(1357,707,1),(1823,707,2),(1358,708,1),(1359,709,1),(1824,709,2),(1360,710,1),(1825,710,2),(1361,711,1),(1362,712,1),(1363,713,1),(1364,714,1),(1365,715,1),(1366,801,1),(1826,801,2),(1367,802,1),(1827,802,2),(1368,803,1),(1369,804,1),(1828,804,2),(1370,805,1),(1829,805,2),(1371,806,1),(1372,807,1),(1830,807,2),(1373,808,1),(1374,809,1),(1831,809,2),(1375,810,1),(1376,811,1),(1832,811,2),(1377,812,1),(1378,813,1),(1379,814,1),(1380,815,1),(1381,901,1),(1382,902,1),(1383,903,1),(1384,904,1),(1385,905,1),(1386,906,1),(1833,906,2),(1387,907,1),(1834,907,2),(1388,908,1),(1389,909,1),(1390,910,1),(1835,910,2),(1391,911,1),(1836,911,2),(1392,912,1),(1393,913,1),(1394,914,1),(1395,915,1),(1396,1001,1),(1837,1001,2),(1397,1002,1),(1838,1002,2),(1398,1003,1),(1399,1004,1),(1400,1005,1),(1401,1101,1),(1839,1101,2),(1402,1102,1),(1403,1103,1),(1840,1103,2),(1404,1104,1),(1405,1105,1),(1406,1106,1),(1407,1107,1),(1841,1107,2),(1408,1108,1),(1409,1109,1),(1410,1110,1),(1842,1110,2),(1411,1111,1),(1412,1112,1),(1843,1112,2),(1413,1113,1),(1414,1114,1),(1415,1115,1),(1844,1115,2),(1416,1116,1),(1417,1117,1),(1418,1201,1),(1419,1202,1),(1420,1203,1),(1421,1204,1),(1422,1205,1),(1423,1206,1),(1845,1206,2),(1424,1207,1),(1846,1207,2),(1425,1208,1),(1426,1209,1),(1847,1209,2),(1427,1210,1),(1848,1210,2),(1428,1211,1),(1429,1212,1),(1849,1212,2),(1430,1213,1),(1850,1213,2),(1431,1214,1),(1432,1215,1),(1433,1216,1),(1434,1217,1),(1435,1218,1),(1851,1218,2),(1436,1301,1),(1852,1301,2),(1437,1302,1),(1853,1302,2),(1438,1303,1),(1854,1303,2),(1439,1304,1),(1855,1304,2),(1440,1305,1),(1441,1306,1),(1856,1306,2),(1442,1307,1),(1443,1308,1),(1444,1309,1),(1445,1401,1),(1857,1401,2),(1446,1402,1),(1447,1403,1),(1858,1403,2),(1448,1404,1),(1449,1405,1),(1450,1406,1),(1859,1406,2),(1451,1407,1),(1452,1408,1),(1860,1408,2),(1453,1409,1),(1454,1410,1),(1861,1410,2),(1455,1411,1),(1456,1412,1),(1862,1412,2),(1457,1413,1),(1458,1501,1),(1863,1501,2),(1459,1502,1),(1864,1502,2),(1460,1503,1),(1865,1503,2),(1461,1504,1),(1866,1504,2),(1462,1505,1),(1867,1505,2),(1463,1506,1),(1868,1506,2),(1464,1507,1),(1869,1507,2),(1465,1508,1),(1870,1508,2),(1466,1509,1),(1467,1510,1),(1468,1511,1),(1469,1601,1),(1871,1601,2),(1470,1602,1),(1471,1603,1),(1872,1603,2),(1472,1604,1),(1473,1605,1),(1474,1606,1),(1475,1607,1),(1873,1607,2),(1476,1608,1),(1477,1609,1),(1478,1610,1),(1874,1610,2),(1479,1611,1),(1480,1612,1),(1875,1612,2),(1481,1613,1),(1482,1614,1),(1483,1615,1),(1876,1615,2),(1484,1616,1),(1485,1617,1),(1486,1701,1),(1877,1701,2),(1487,1702,1),(1488,1703,1),(1878,1703,2),(1489,1704,1),(1490,1705,1),(1491,1706,1),(1879,1706,2),(1492,1707,1),(1493,1708,1),(1494,1709,1),(1495,1710,1),(1880,1710,2),(1496,1711,1),(1497,1712,1),(1498,1713,1),(1499,1801,1),(1881,1801,2),(1500,1802,1),(1882,1802,2),(1501,1803,1),(1502,1804,1),(1883,1804,2),(1503,1805,1),(1884,1805,2),(1504,1806,1),(1885,1806,2),(1505,1807,1),(1506,1808,1),(1886,1808,2),(1507,1809,1),(1508,1810,1),(1887,1810,2),(1509,1811,1),(1510,1812,1),(1888,1812,2),(1511,1813,1),(1512,1814,1),(1513,1815,1),(1514,1816,1),(1515,1901,1),(1889,1901,2),(1516,1902,1),(1517,1903,1),(1890,1903,2),(1518,1904,1),(1519,1905,1),(1520,1906,1),(1891,1906,2),(1521,1907,1),(1522,1908,1),(1892,1908,2),(1523,1909,1),(1524,1910,1),(1893,1910,2),(1525,1911,1),(1526,1912,1),(1894,1912,2),(1527,1913,1),(1528,2001,1),(1895,2001,2),(1529,2002,1),(1530,2003,1),(1896,2003,2),(1531,2004,1),(1532,2005,1),(1533,2006,1),(1534,2007,1),(1897,2007,2),(1535,2008,1),(1898,2008,2),(1536,2009,1),(1537,2010,1),(1538,2011,1),(1899,2011,2),(1539,2012,1),(1540,2013,1),(1541,2014,1),(1900,2014,2),(1542,2015,1),(1543,2016,1),(1901,2016,2),(1544,2017,1),(1902,2017,2),(1545,2018,1),(1546,2019,1),(1903,2019,2),(1547,2020,1),(1904,2020,2),(1548,2021,1),(1549,2022,1),(1550,2023,1),(1905,2023,2),(1551,2024,1),(1906,2024,2),(1552,2025,1),(1553,2026,1),(1907,2026,2),(1554,2027,1),(1908,2027,2),(1555,2028,1),(1556,2029,1),(1909,2029,2),(1557,2030,1),(1558,2031,1),(1559,2032,1);
/*!40000 ALTER TABLE `tasks_interactionstep_observation_types` ENABLE KEYS */;
UNLOCK TABLES;

--
-- Table structure for table `tasks_observationtype`
--

DROP TABLE IF EXISTS `tasks_observationtype`;
/*!40101 SET @saved_cs_client     = @@character_set_client */;
/*!40101 SET character_set_client = utf8 */;
CREATE TABLE `tasks_observationtype` (
  `id` int(11) NOT NULL AUTO_INCREMENT,
  `name` varchar(64) NOT NULL,
  `unit` varchar(20) NOT NULL,
  PRIMARY KEY (`id`)
) ENGINE=InnoDB AUTO_INCREMENT=4 DEFAULT CHARSET=latin1;
/*!40101 SET character_set_client = @saved_cs_client */;

--
-- Dumping data for table `tasks_observationtype`
--

LOCK TABLES `tasks_observationtype` WRITE;
/*!40000 ALTER TABLE `tasks_observationtype` DISABLE KEYS */;
INSERT INTO `tasks_observationtype` VALUES (1,'done','boolean'),(2,'time','seconds');
/*!40000 ALTER TABLE `tasks_observationtype` ENABLE KEYS */;
UNLOCK TABLES;

--
-- Table structure for table `tasks_scenariotask`
--

DROP TABLE IF EXISTS `tasks_scenariotask`;
/*!40101 SET @saved_cs_client     = @@character_set_client */;
/*!40101 SET character_set_client = utf8 */;
CREATE TABLE `tasks_scenariotask` (
  `id` int(11) NOT NULL AUTO_INCREMENT,
  `scenario_id` int(11) NOT NULL,
  `task_id` int(11) NOT NULL,
  PRIMARY KEY (`id`),
  KEY `tasks_scenar_scenario_id_7659e6a6_fk_usability_tests_scenario_id` (`scenario_id`),
  KEY `tasks_scenariotask_task_id_53514977_fk_usability_tests_task_id` (`task_id`),
  CONSTRAINT `tasks_scenariotask_task_id_53514977_fk_usability_tests_task_id` FOREIGN KEY (`task_id`) REFERENCES `usability_tests_task` (`id`),
  CONSTRAINT `tasks_scenar_scenario_id_7659e6a6_fk_usability_tests_scenario_id` FOREIGN KEY (`scenario_id`) REFERENCES `usability_tests_scenario` (`id`)
) ENGINE=InnoDB AUTO_INCREMENT=21 DEFAULT CHARSET=latin1;
/*!40101 SET character_set_client = @saved_cs_client */;

--
-- Dumping data for table `tasks_scenariotask`
--

LOCK TABLES `tasks_scenariotask` WRITE;
/*!40000 ALTER TABLE `tasks_scenariotask` DISABLE KEYS */;
INSERT INTO `tasks_scenariotask` VALUES (1,1,1),(2,1,2),(5,1,5),(6,1,6),(7,4,9),(8,4,18),(9,3,9),(10,3,10),(11,3,11),(12,2,1),(13,4,10),(14,3,14),(15,2,6),(16,4,11),(17,2,5),(18,3,18),(19,4,14),(20,2,2);
/*!40000 ALTER TABLE `tasks_scenariotask` ENABLE KEYS */;
UNLOCK TABLES;

--
-- Table structure for table `tasks_scenariotask_refactorings`
--

DROP TABLE IF EXISTS `tasks_scenariotask_refactorings`;
/*!40101 SET @saved_cs_client     = @@character_set_client */;
/*!40101 SET character_set_client = utf8 */;
CREATE TABLE `tasks_scenariotask_refactorings` (
  `id` int(11) NOT NULL AUTO_INCREMENT,
  `scenariotask_id` int(11) NOT NULL,
  `refactoring_id` int(11) NOT NULL,
  PRIMARY KEY (`id`),
  UNIQUE KEY `scenariotask_id` (`scenariotask_id`,`refactoring_id`),
  KEY `tasks__refactoring_id_1b318f3a_fk_usability_tests_refactoring_id` (`refactoring_id`),
  CONSTRAINT `tasks_scenario_scenariotask_id_7c1ed146_fk_tasks_scenariotask_id` FOREIGN KEY (`scenariotask_id`) REFERENCES `tasks_scenariotask` (`id`),
  CONSTRAINT `tasks__refactoring_id_1b318f3a_fk_usability_tests_refactoring_id` FOREIGN KEY (`refactoring_id`) REFERENCES `usability_tests_refactoring` (`id`)
) ENGINE=InnoDB AUTO_INCREMENT=173 DEFAULT CHARSET=latin1;
/*!40101 SET character_set_client = @saved_cs_client */;

--
-- Dumping data for table `tasks_scenariotask_refactorings`
--

LOCK TABLES `tasks_scenariotask_refactorings` WRITE;
/*!40000 ALTER TABLE `tasks_scenariotask_refactorings` DISABLE KEYS */;
INSERT INTO `tasks_scenariotask_refactorings` VALUES (63,1,1),(64,1,2),(65,1,3),(66,1,4),(67,1,5),(68,1,6),(69,2,3),(70,2,4),(71,2,7),(72,2,11),(73,2,12),(74,2,13),(75,2,14),(76,2,15),(77,2,16),(78,2,17),(79,2,18),(80,2,19),(81,2,20),(82,5,2),(83,5,8),(84,5,9),(85,5,10),(86,5,21),(87,6,3),(88,6,7),(89,7,1),(90,7,2),(91,7,3),(92,7,4),(93,7,5),(94,7,9),(95,8,2),(96,8,6),(97,8,15),(98,8,17),(99,8,18),(100,8,19),(101,8,20),(102,9,1),(103,9,2),(104,9,3),(105,9,4),(106,9,5),(107,9,9),(108,10,4),(109,10,7),(110,10,16),(111,11,2),(112,11,7),(113,11,8),(114,11,9),(115,11,10),(116,11,21),(117,12,1),(118,12,2),(119,12,3),(120,12,4),(121,12,5),(122,12,6),(123,13,4),(124,13,7),(125,13,16),(126,14,3),(127,14,11),(128,14,12),(129,14,13),(130,14,14),(131,14,15),(132,14,16),(133,15,3),(134,15,7),(135,16,2),(136,16,7),(137,16,8),(138,16,9),(139,16,10),(140,16,21),(141,17,2),(142,17,8),(143,17,9),(144,17,10),(145,17,21),(146,18,2),(147,18,6),(148,18,15),(149,18,17),(150,18,18),(151,18,19),(152,18,20),(153,19,3),(154,19,11),(155,19,12),(156,19,13),(157,19,14),(158,19,15),(159,19,16),(160,20,3),(161,20,4),(162,20,7),(163,20,11),(164,20,12),(165,20,13),(166,20,14),(167,20,15),(168,20,16),(169,20,17),(170,20,18),(171,20,19),(172,20,20);
/*!40000 ALTER TABLE `tasks_scenariotask_refactorings` ENABLE KEYS */;
UNLOCK TABLES;

--
-- Table structure for table `usability_tests_appversion`
--

DROP TABLE IF EXISTS `usability_tests_appversion`;
/*!40101 SET @saved_cs_client     = @@character_set_client */;
/*!40101 SET character_set_client = utf8 */;
CREATE TABLE `usability_tests_appversion` (
  `id` int(11) NOT NULL AUTO_INCREMENT,
  `name` varchar(64) NOT NULL,
  `usability_test_id` int(11) NOT NULL,
  PRIMARY KEY (`id`),
  KEY `u_usability_test_id_1c4e4937_fk_usability_tests_usabilitytest_id` (`usability_test_id`),
  CONSTRAINT `u_usability_test_id_1c4e4937_fk_usability_tests_usabilitytest_id` FOREIGN KEY (`usability_test_id`) REFERENCES `usability_tests_usabilitytest` (`id`)
) ENGINE=InnoDB AUTO_INCREMENT=6 DEFAULT CHARSET=latin1;
/*!40101 SET character_set_client = @saved_cs_client */;

--
-- Dumping data for table `usability_tests_appversion`
--

LOCK TABLES `usability_tests_appversion` WRITE;
/*!40000 ALTER TABLE `usability_tests_appversion` DISABLE KEYS */;
INSERT INTO `usability_tests_appversion` VALUES (1,'Non Refactored',1),(2,'Non Refactored',2),(4,'Refactored',1),(5,'Refactored',2);
/*!40000 ALTER TABLE `usability_tests_appversion` ENABLE KEYS */;
UNLOCK TABLES;

--
-- Table structure for table `usability_tests_executions_interactionstepexecution`
--

DROP TABLE IF EXISTS `usability_tests_executions_interactionstepexecution`;
/*!40101 SET @saved_cs_client     = @@character_set_client */;
/*!40101 SET character_set_client = utf8 */;
CREATE TABLE `usability_tests_executions_interactionstepexecution` (
  `id` int(11) NOT NULL AUTO_INCREMENT,
  `interaction_step_id` int(11) NOT NULL,
  `task_scenario_execution_id` int(11) NOT NULL,
  PRIMARY KEY (`id`),
  KEY `usabili_interaction_step_id_48b17ed7_fk_tasks_interactionstep_id` (`interaction_step_id`),
  KEY `usability_tests_executions_interactionstepexecution_7dc83367` (`task_scenario_execution_id`),
  CONSTRAINT `b1a014863560d02718aa0c1319185344` FOREIGN KEY (`task_scenario_execution_id`) REFERENCES `usability_tests_executions_taskscenarioexecution` (`id`),
  CONSTRAINT `usabili_interaction_step_id_48b17ed7_fk_tasks_interactionstep_id` FOREIGN KEY (`interaction_step_id`) REFERENCES `tasks_interactionstep` (`id`)
) ENGINE=InnoDB AUTO_INCREMENT=7069 DEFAULT CHARSET=latin1;
/*!40101 SET character_set_client = @saved_cs_client */;

--
-- Dumping data for table `usability_tests_executions_interactionstepexecution`
--

LOCK TABLES `usability_tests_executions_interactionstepexecution` WRITE;
/*!40000 ALTER TABLE `usability_tests_executions_interactionstepexecution` DISABLE KEYS */;
INSERT INTO `usability_tests_executions_interactionstepexecution` VALUES (1,901,109),(2,902,109),(3,903,109),(4,904,109),(5,905,109),(6,906,109),(7,907,109),(8,908,109),(9,909,109),(10,910,109),(11,911,109),(12,912,109),(13,913,109),(14,914,109),(15,915,109),(16,1001,110),(17,1002,110),(18,1003,110),(19,1004,110),(20,1005,110),(21,701,207),(22,702,207),(23,703,207),(24,704,207),(25,705,207),(26,706,207),(27,707,207),(28,708,207),(29,709,207),(30,710,207),(31,711,207),(32,712,207),(33,713,207),(34,714,207),(35,715,207),(36,901,309),(37,902,309),(38,903,309),(39,904,309),(40,905,309),(41,906,309),(42,907,309),(43,908,309),(44,909,309),(45,910,309),(46,911,309),(47,912,309),(48,913,309),(49,914,309),(50,915,309),(51,1101,111),(52,1102,111),(53,1103,111),(54,1104,111),(55,1105,111),(56,1106,111),(57,1107,111),(58,1108,111),(59,1109,111),(60,1110,111),(61,1111,111),(62,1112,111),(63,1113,111),(64,1114,111),(65,1115,111),(66,1116,111),(67,1117,111),(68,101,401),(69,102,401),(70,103,401),(71,104,401),(72,105,401),(73,106,401),(74,107,401),(75,108,401),(76,109,401),(77,110,401),(78,111,401),(79,112,401),(80,113,401),(81,114,401),(82,115,401),(83,116,401),(84,117,401),(85,118,401),(86,119,401),(87,701,507),(88,702,507),(89,703,507),(90,704,507),(91,705,507),(92,706,507),(93,707,507),(94,708,507),(95,709,507),(96,710,507),(97,711,507),(98,712,507),(99,713,507),(100,714,507),(101,715,507),(102,701,607),(103,702,607),(104,703,607),(105,704,607),(106,705,607),(107,706,607),(108,707,607),(109,708,607),(110,709,607),(111,710,607),(112,711,607),(113,712,607),(114,713,607),(115,714,607),(116,715,607),(117,101,701),(118,102,701),(119,103,701),(120,104,701),(121,105,701),(122,106,701),(123,107,701),(124,108,701),(125,109,701),(126,110,701),(127,111,701),(128,112,701),(129,113,701),(130,114,701),(131,115,701),(132,116,701),(133,117,701),(134,118,701),(135,119,701),(136,1001,810),(137,1002,810),(138,1003,810),(139,1004,810),(140,1005,810),(141,1201,912),(142,1202,912),(143,1203,912),(144,1204,912),(145,1205,912),(146,1206,912),(147,1207,912),(148,1208,912),(149,1209,912),(150,1210,912),(151,1211,912),(152,1212,912),(153,1213,912),(154,1214,912),(155,1215,912),(156,1216,912),(157,1217,912),(158,1218,912),(159,901,1009),(160,902,1009),(161,903,1009),(162,904,1009),(163,905,1009),(164,906,1009),(165,907,1009),(166,908,1009),(167,909,1009),(168,910,1009),(169,911,1009),(170,912,1009),(171,913,1009),(172,914,1009),(173,915,1009),(174,1301,213),(175,1302,213),(176,1303,213),(177,1304,213),(178,1305,213),(179,1306,213),(180,1307,213),(181,1308,213),(182,1309,213),(183,101,1101),(184,102,1101),(185,103,1101),(186,104,1101),(187,105,1101),(188,106,1101),(189,107,1101),(190,108,1101),(191,109,1101),(192,110,1101),(193,111,1101),(194,112,1101),(195,113,1101),(196,114,1101),(197,115,1101),(198,116,1101),(199,117,1101),(200,118,1101),(201,119,1101),(202,1001,1210),(203,1002,1210),(204,1003,1210),(205,1004,1210),(206,1005,1210),(207,1201,1312),(208,1202,1312),(209,1203,1312),(210,1204,1312),(211,1205,1312),(212,1206,1312),(213,1207,1312),(214,1208,1312),(215,1209,1312),(216,1210,1312),(217,1211,1312),(218,1212,1312),(219,1213,1312),(220,1214,1312),(221,1215,1312),(222,1216,1312),(223,1217,1312),(224,1218,1312),(225,1301,613),(226,1302,613),(227,1303,613),(228,1304,613),(229,1305,613),(230,1306,613),(231,1307,613),(232,1308,613),(233,1309,613),(234,101,1401),(235,102,1401),(236,103,1401),(237,104,1401),(238,105,1401),(239,106,1401),(240,107,1401),(241,108,1401),(242,109,1401),(243,110,1401),(244,111,1401),(245,112,1401),(246,113,1401),(247,114,1401),(248,115,1401),(249,116,1401),(250,117,1401),(251,118,1401),(252,119,1401),(253,1401,114),(254,1402,114),(255,1403,114),(256,1404,114),(257,1405,114),(258,1406,114),(259,1407,114),(260,1408,114),(261,1409,114),(262,1410,114),(263,1411,114),(264,1412,114),(265,1413,114),(266,1101,311),(267,1102,311),(268,1103,311),(269,1104,311),(270,1105,311),(271,1106,311),(272,1107,311),(273,1108,311),(274,1109,311),(275,1110,311),(276,1111,311),(277,1112,311),(278,1113,311),(279,1114,311),(280,1115,311),(281,1116,311),(282,1117,311),(283,901,1509),(284,902,1509),(285,903,1509),(286,904,1509),(287,905,1509),(288,906,1509),(289,907,1509),(290,908,1509),(291,909,1509),(292,910,1509),(293,911,1509),(294,912,1509),(295,913,1509),(296,914,1509),(297,915,1509),(298,1501,915),(299,1502,915),(300,1503,915),(301,1504,915),(302,1505,915),(303,1506,915),(304,1507,915),(305,1508,915),(306,1509,915),(307,1510,915),(308,1511,915),(309,1301,513),(310,1302,513),(311,1303,513),(312,1304,513),(313,1305,513),(314,1306,513),(315,1307,513),(316,1308,513),(317,1309,513),(318,1601,216),(319,1602,216),(320,1603,216),(321,1604,216),(322,1605,216),(323,1606,216),(324,1607,216),(325,1608,216),(326,1609,216),(327,1610,216),(328,1611,216),(329,1612,216),(330,1613,216),(331,1614,216),(332,1615,216),(333,1616,216),(334,1617,216),(335,1101,1211),(336,1102,1211),(337,1103,1211),(338,1104,1211),(339,1105,1211),(340,1106,1211),(341,1107,1211),(342,1108,1211),(343,1109,1211),(344,1110,1211),(345,1111,1211),(346,1112,1211),(347,1113,1211),(348,1114,1211),(349,1115,1211),(350,1116,1211),(351,1117,1211),(352,601,706),(353,602,706),(354,603,706),(355,604,706),(356,605,706),(357,606,706),(358,607,706),(359,608,706),(360,609,706),(361,610,706),(362,611,706),(363,1601,616),(364,1602,616),(365,1603,616),(366,1604,616),(367,1605,616),(368,1606,616),(369,1607,616),(370,1608,616),(371,1609,616),(372,1610,616),(373,1611,616),(374,1612,616),(375,1613,616),(376,1614,616),(377,1615,616),(378,1616,616),(379,1617,616),(380,1701,917),(381,1702,917),(382,1703,917),(383,1704,917),(384,1705,917),(385,1706,917),(386,1707,917),(387,1708,917),(388,1709,917),(389,1710,917),(390,1711,917),(391,1712,917),(392,1713,917),(393,1801,118),(394,1802,118),(395,1803,118),(396,1804,118),(397,1805,118),(398,1806,118),(399,1807,118),(400,1808,118),(401,1809,118),(402,1810,118),(403,1811,118),(404,1812,118),(405,1813,118),(406,1814,118),(407,1815,118),(408,1816,118),(409,601,1206),(410,602,1206),(411,603,1206),(412,604,1206),(413,605,1206),(414,606,1206),(415,607,1206),(416,608,1206),(417,609,1206),(418,610,1206),(419,611,1206),(420,1401,814),(421,1402,814),(422,1403,814),(423,1404,814),(424,1405,814),(425,1406,814),(426,1407,814),(427,1408,814),(428,1409,814),(429,1410,814),(430,1411,814),(431,1412,814),(432,1413,814),(433,501,705),(434,502,705),(435,503,705),(436,504,705),(437,505,705),(438,506,705),(439,507,705),(440,508,705),(441,509,705),(442,510,705),(443,511,705),(444,512,705),(445,513,705),(446,1601,516),(447,1602,516),(448,1603,516),(449,1604,516),(450,1605,516),(451,1606,516),(452,1607,516),(453,1608,516),(454,1609,516),(455,1610,516),(456,1611,516),(457,1612,516),(458,1613,516),(459,1614,516),(460,1615,516),(461,1616,516),(462,1617,516),(463,1201,112),(464,1202,112),(465,1203,112),(466,1204,112),(467,1205,112),(468,1206,112),(469,1207,112),(470,1208,112),(471,1209,112),(472,1210,112),(473,1211,112),(474,1212,112),(475,1213,112),(476,1214,112),(477,1215,112),(478,1216,112),(479,1217,112),(480,1218,112),(481,1901,219),(482,1902,219),(483,1903,219),(484,1904,219),(485,1905,219),(486,1906,219),(487,1907,219),(488,1908,219),(489,1909,219),(490,1910,219),(491,1911,219),(492,1912,219),(493,1913,219),(494,501,1205),(495,502,1205),(496,503,1205),(497,504,1205),(498,505,1205),(499,506,1205),(500,507,1205),(501,508,1205),(502,509,1205),(503,510,1205),(504,511,1205),(505,512,1205),(506,513,1205),(507,1901,619),(508,1902,619),(509,1903,619),(510,1904,619),(511,1905,619),(512,1906,619),(513,1907,619),(514,1908,619),(515,1909,619),(516,1910,619),(517,1911,619),(518,1912,619),(519,1913,619),(520,1001,1510),(521,1002,1510),(522,1003,1510),(523,1004,1510),(524,1005,1510),(525,1501,115),(526,1502,115),(527,1503,115),(528,1504,115),(529,1505,115),(530,1506,115),(531,1507,115),(532,1508,115),(533,1509,115),(534,1510,115),(535,1511,115),(536,201,702),(537,202,702),(538,203,702),(539,204,702),(540,205,702),(541,206,702),(542,207,702),(543,208,702),(544,209,702),(545,210,702),(546,211,702),(547,212,702),(548,213,702),(549,214,702),(550,215,702),(551,216,702),(552,217,702),(553,218,702),(554,219,702),(555,220,702),(556,221,702),(557,222,702),(558,223,702),(559,224,702),(560,225,702),(561,226,702),(562,227,702),(563,228,702),(564,229,702),(565,230,702),(566,231,702),(567,232,702),(568,233,702),(569,501,405),(570,502,405),(571,503,405),(572,504,405),(573,505,405),(574,506,405),(575,507,405),(576,508,405),(577,509,405),(578,510,405),(579,511,405),(580,512,405),(581,513,405),(582,1701,1217),(583,1702,1217),(584,1703,1217),(585,1704,1217),(586,1705,1217),(587,1706,1217),(588,1707,1217),(589,1708,1217),(590,1709,1217),(591,1710,1217),(592,1711,1217),(593,1712,1217),(594,1713,1217),(595,1701,117),(596,1702,117),(597,1703,117),(598,1704,117),(599,1705,117),(600,1706,117),(601,1707,117),(602,1708,117),(603,1709,117),(604,1710,117),(605,1711,117),(606,1712,117),(607,1713,117),(608,601,1406),(609,602,1406),(610,603,1406),(611,604,1406),(612,605,1406),(613,606,1406),(614,607,1406),(615,608,1406),(616,609,1406),(617,610,1406),(618,611,1406),(619,1801,818),(620,1802,818),(621,1803,818),(622,1804,818),(623,1805,818),(624,1806,818),(625,1807,818),(626,1808,818),(627,1809,818),(628,1810,818),(629,1811,818),(630,1812,818),(631,1813,818),(632,1814,818),(633,1815,818),(634,1816,818),(635,601,406),(636,602,406),(637,603,406),(638,604,406),(639,605,406),(640,606,406),(641,607,406),(642,608,406),(643,609,406),(644,610,406),(645,611,406),(646,1501,1215),(647,1502,1215),(648,1503,1215),(649,1504,1215),(650,1505,1215),(651,1506,1215),(652,1507,1215),(653,1508,1215),(654,1509,1215),(655,1510,1215),(656,1511,1215),(657,701,707),(658,702,707),(659,703,707),(660,704,707),(661,705,707),(662,706,707),(663,707,707),(664,708,707),(665,709,707),(666,710,707),(667,711,707),(668,712,707),(669,713,707),(670,714,707),(671,715,707),(672,1901,519),(673,1902,519),(674,1903,519),(675,1904,519),(676,1905,519),(677,1906,519),(678,1907,519),(679,1908,519),(680,1909,519),(681,1910,519),(682,1911,519),(683,1912,519),(684,1913,519),(685,2001,920),(686,2002,920),(687,2003,920),(688,2004,920),(689,2005,920),(690,2006,920),(691,2007,920),(692,2008,920),(693,2009,920),(694,2010,920),(695,2011,920),(696,2012,920),(697,2013,920),(698,2014,920),(699,2015,920),(700,2016,920),(701,2017,920),(702,2018,920),(703,2019,920),(704,2020,920),(705,2021,920),(706,2022,920),(707,2023,920),(708,2024,920),(709,2025,920),(710,2026,920),(711,2027,920),(712,2028,920),(713,2029,920),(714,2030,920),(715,2031,920),(716,2032,920),(717,1401,1214),(718,1402,1214),(719,1403,1214),(720,1404,1214),(721,1405,1214),(722,1406,1214),(723,1407,1214),(724,1408,1214),(725,1409,1214),(726,1410,1214),(727,1411,1214),(728,1412,1214),(729,1413,1214),(730,1101,1511),(731,1102,1511),(732,1103,1511),(733,1104,1511),(734,1105,1511),(735,1106,1511),(736,1107,1511),(737,1108,1511),(738,1109,1511),(739,1110,1511),(740,1111,1511),(741,1112,1511),(742,1113,1511),(743,1114,1511),(744,1115,1511),(745,1116,1511),(746,1117,1511),(747,1301,713),(748,1302,713),(749,1303,713),(750,1304,713),(751,1305,713),(752,1306,713),(753,1307,713),(754,1308,713),(755,1309,713),(756,201,1202),(757,202,1202),(758,203,1202),(759,204,1202),(760,205,1202),(761,206,1202),(762,207,1202),(763,208,1202),(764,209,1202),(765,210,1202),(766,211,1202),(767,212,1202),(768,213,1202),(769,214,1202),(770,215,1202),(771,216,1202),(772,217,1202),(773,218,1202),(774,219,1202),(775,220,1202),(776,221,1202),(777,222,1202),(778,223,1202),(779,224,1202),(780,225,1202),(781,226,1202),(782,227,1202),(783,228,1202),(784,229,1202),(785,230,1202),(786,231,1202),(787,232,1202),(788,233,1202),(789,2001,120),(790,2002,120),(791,2003,120),(792,2004,120),(793,2005,120),(794,2006,120),(795,2007,120),(796,2008,120),(797,2009,120),(798,2010,120),(799,2011,120),(800,2012,120),(801,2013,120),(802,2014,120),(803,2015,120),(804,2016,120),(805,2017,120),(806,2018,120),(807,2019,120),(808,2020,120),(809,2021,120),(810,2022,120),(811,2023,120),(812,2024,120),(813,2025,120),(814,2026,120),(815,2027,120),(816,2028,120),(817,2029,120),(818,2030,120),(819,2031,120),(820,2032,120),(821,801,208),(822,802,208),(823,803,208),(824,804,208),(825,805,208),(826,806,208),(827,807,208),(828,808,208),(829,809,208),(830,810,208),(831,811,208),(832,812,208),(833,813,208),(834,814,208),(835,815,208),(836,801,608),(837,802,608),(838,803,608),(839,804,608),(840,805,608),(841,806,608),(842,807,608),(843,808,608),(844,809,608),(845,810,608),(846,811,608),(847,812,608),(848,813,608),(849,814,608),(850,815,608),(851,901,909),(852,902,909),(853,903,909),(854,904,909),(855,905,909),(856,906,909),(857,907,909),(858,908,909),(859,909,909),(860,910,909),(861,911,909),(862,912,909),(863,913,909),(864,914,909),(865,915,909),(866,1601,716),(867,1602,716),(868,1603,716),(869,1604,716),(870,1605,716),(871,1606,716),(872,1607,716),(873,1608,716),(874,1609,716),(875,1610,716),(876,1611,716),(877,1612,716),(878,1613,716),(879,1614,716),(880,1615,716),(881,1616,716),(882,1617,716),(883,1201,312),(884,1202,312),(885,1203,312),(886,1204,312),(887,1205,312),(888,1206,312),(889,1207,312),(890,1208,312),(891,1209,312),(892,1210,312),(893,1211,312),(894,1212,312),(895,1213,312),(896,1214,312),(897,1215,312),(898,1216,312),(899,1217,312),(900,1218,312),(901,1001,910),(902,1002,910),(903,1003,910),(904,1004,910),(905,1005,910),(906,1801,1218),(907,1802,1218),(908,1803,1218),(909,1804,1218),(910,1805,1218),(911,1806,1218),(912,1807,1218),(913,1808,1218),(914,1809,1218),(915,1810,1218),(916,1811,1218),(917,1812,1218),(918,1813,1218),(919,1814,1218),(920,1815,1218),(921,1816,1218),(922,501,1405),(923,502,1405),(924,503,1405),(925,504,1405),(926,505,1405),(927,506,1405),(928,507,1405),(929,508,1405),(930,509,1405),(931,510,1405),(932,511,1405),(933,512,1405),(934,513,1405),(935,1901,719),(936,1902,719),(937,1903,719),(938,1904,719),(939,1905,719),(940,1906,719),(941,1907,719),(942,1908,719),(943,1909,719),(944,1910,719),(945,1911,719),(946,1912,719),(947,1913,719),(948,101,201),(949,102,201),(950,103,201),(951,104,201),(952,105,201),(953,106,201),(954,107,201),(955,108,201),(956,109,201),(957,110,201),(958,111,201),(959,112,201),(960,113,201),(961,114,201),(962,115,201),(963,116,201),(964,117,201),(965,118,201),(966,119,201),(967,1501,315),(968,1502,315),(969,1503,315),(970,1504,315),(971,1505,315),(972,1506,315),(973,1507,315),(974,1508,315),(975,1509,315),(976,1510,315),(977,1511,315),(978,701,1107),(979,702,1107),(980,703,1107),(981,704,1107),(982,705,1107),(983,706,1107),(984,707,1107),(985,708,1107),(986,709,1107),(987,710,1107),(988,711,1107),(989,712,1107),(990,713,1107),(991,714,1107),(992,715,1107),(993,201,402),(994,202,402),(995,203,402),(996,204,402),(997,205,402),(998,206,402),(999,207,402),(1000,208,402),(1001,209,402),(1002,210,402),(1003,211,402),(1004,212,402),(1005,213,402),(1006,214,402),(1007,215,402),(1008,216,402),(1009,217,402),(1010,218,402),(1011,219,402),(1012,220,402),(1013,221,402),(1014,222,402),(1015,223,402),(1016,224,402),(1017,225,402),(1018,226,402),(1019,227,402),(1020,228,402),(1021,229,402),(1022,230,402),(1023,231,402),(1024,232,402),(1025,233,402),(1026,2001,1220),(1027,2002,1220),(1028,2003,1220),(1029,2004,1220),(1030,2005,1220),(1031,2006,1220),(1032,2007,1220),(1033,2008,1220),(1034,2009,1220),(1035,2010,1220),(1036,2011,1220),(1037,2012,1220),(1038,2013,1220),(1039,2014,1220),(1040,2015,1220),(1041,2016,1220),(1042,2017,1220),(1043,2018,1220),(1044,2019,1220),(1045,2020,1220),(1046,2021,1220),(1047,2022,1220),(1048,2023,1220),(1049,2024,1220),(1050,2025,1220),(1051,2026,1220),(1052,2027,1220),(1053,2028,1220),(1054,2029,1220),(1055,2030,1220),(1056,2031,1220),(1057,2032,1220),(1058,1101,911),(1059,1102,911),(1060,1103,911),(1061,1104,911),(1062,1105,911),(1063,1106,911),(1064,1107,911),(1065,1108,911),(1066,1109,911),(1067,1110,911),(1068,1111,911),(1069,1112,911),(1070,1113,911),(1071,1114,911),(1072,1115,911),(1073,1116,911),(1074,1117,911),(1075,1201,1612),(1076,1202,1612),(1077,1203,1612),(1078,1204,1612),(1079,1205,1612),(1080,1206,1612),(1081,1207,1612),(1082,1208,1612),(1083,1209,1612),(1084,1210,1612),(1085,1211,1612),(1086,1212,1612),(1087,1213,1612),(1088,1214,1612),(1089,1215,1612),(1090,1216,1612),(1091,1217,1612),(1092,1218,1612),(1093,1701,317),(1094,1702,317),(1095,1703,317),(1096,1704,317),(1097,1705,317),(1098,1706,317),(1099,1707,317),(1100,1708,317),(1101,1709,317),(1102,1710,317),(1103,1711,317),(1104,1712,317),(1105,1713,317),(1106,801,708),(1107,802,708),(1108,803,708),(1109,804,708),(1110,805,708),(1111,806,708),(1112,807,708),(1113,808,708),(1114,809,708),(1115,810,708),(1116,811,708),(1117,812,708),(1118,813,708),(1119,814,708),(1120,815,708),(1121,1301,1213),(1122,1302,1213),(1123,1303,1213),(1124,1304,1213),(1125,1305,1213),(1126,1306,1213),(1127,1307,1213),(1128,1308,1213),(1129,1309,1213),(1130,101,601),(1131,102,601),(1132,103,601),(1133,104,601),(1134,105,601),(1135,106,601),(1136,107,601),(1137,108,601),(1138,109,601),(1139,110,601),(1140,111,601),(1141,112,601),(1142,113,601),(1143,114,601),(1144,115,601),(1145,116,601),(1146,117,601),(1147,118,601),(1148,119,601),(1149,801,508),(1150,802,508),(1151,803,508),(1152,804,508),(1153,805,508),(1154,806,508),(1155,807,508),(1156,808,508),(1157,809,508),(1158,810,508),(1159,811,508),(1160,812,508),(1161,813,508),(1162,814,508),(1163,815,508),(1164,701,407),(1165,702,407),(1166,703,407),(1167,704,407),(1168,705,407),(1169,706,407),(1170,707,407),(1171,708,407),(1172,709,407),(1173,710,407),(1174,711,407),(1175,712,407),(1176,713,407),(1177,714,407),(1178,715,407),(1179,601,206),(1180,602,206),(1181,603,206),(1182,604,206),(1183,605,206),(1184,606,206),(1185,607,206),(1186,608,206),(1187,609,206),(1188,610,206),(1189,611,206),(1190,1401,1514),(1191,1402,1514),(1192,1403,1514),(1193,1404,1514),(1194,1405,1514),(1195,1406,1514),(1196,1407,1514),(1197,1408,1514),(1198,1409,1514),(1199,1410,1514),(1200,1411,1514),(1201,1412,1514),(1202,1413,1514),(1203,501,205),(1204,502,205),(1205,503,205),(1206,504,205),(1207,505,205),(1208,506,205),(1209,507,205),(1210,508,205),(1211,509,205),(1212,510,205),(1213,511,205),(1214,512,205),(1215,513,205),(1216,901,1309),(1217,902,1309),(1218,903,1309),(1219,904,1309),(1220,905,1309),(1221,906,1309),(1222,907,1309),(1223,908,1309),(1224,909,1309),(1225,910,1309),(1226,911,1309),(1227,912,1309),(1228,913,1309),(1229,914,1309),(1230,915,1309),(1231,101,501),(1232,102,501),(1233,103,501),(1234,104,501),(1235,105,501),(1236,106,501),(1237,107,501),(1238,108,501),(1239,109,501),(1240,110,501),(1241,111,501),(1242,112,501),(1243,113,501),(1244,114,501),(1245,115,501),(1246,116,501),(1247,117,501),(1248,118,501),(1249,119,501),(1250,601,606),(1251,602,606),(1252,603,606),(1253,604,606),(1254,605,606),(1255,606,606),(1256,607,606),(1257,608,606),(1258,609,606),(1259,610,606),(1260,611,606),(1261,1601,1216),(1262,1602,1216),(1263,1603,1216),(1264,1604,1216),(1265,1605,1216),(1266,1606,1216),(1267,1607,1216),(1268,1608,1216),(1269,1609,1216),(1270,1610,1216),(1271,1611,1216),(1272,1612,1216),(1273,1613,1216),(1274,1614,1216),(1275,1615,1216),(1276,1616,1216),(1277,1617,1216),(1278,1401,914),(1279,1402,914),(1280,1403,914),(1281,1404,914),(1282,1405,914),(1283,1406,914),(1284,1407,914),(1285,1408,914),(1286,1409,914),(1287,1410,914),(1288,1411,914),(1289,1412,914),(1290,1413,914),(1291,1501,1215),(1292,1502,1215),(1293,1503,1215),(1294,1504,1215),(1295,1505,1215),(1296,1506,1215),(1297,1507,1215),(1298,1508,1215),(1299,1509,1215),(1300,1510,1215),(1301,1511,1215),(1302,601,506),(1303,602,506),(1304,603,506),(1305,604,506),(1306,605,506),(1307,606,506),(1308,607,506),(1309,608,506),(1310,609,506),(1311,610,506),(1312,611,506),(1313,501,605),(1314,502,605),(1315,503,605),(1316,504,605),(1317,505,605),(1318,506,605),(1319,507,605),(1320,508,605),(1321,509,605),(1322,510,605),(1323,511,605),(1324,512,605),(1325,513,605),(1326,2001,320),(1327,2002,320),(1328,2003,320),(1329,2004,320),(1330,2005,320),(1331,2006,320),(1332,2007,320),(1333,2008,320),(1334,2009,320),(1335,2010,320),(1336,2011,320),(1337,2012,320),(1338,2013,320),(1339,2014,320),(1340,2015,320),(1341,2016,320),(1342,2017,320),(1343,2018,320),(1344,2019,320),(1345,2020,320),(1346,2021,320),(1347,2022,320),(1348,2023,320),(1349,2024,320),(1350,2025,320),(1351,2026,320),(1352,2027,320),(1353,2028,320),(1354,2029,320),(1355,2030,320),(1356,2031,320),(1357,2032,320),(1358,1001,1210),(1359,1002,1210),(1360,1003,1210),(1361,1004,1210),(1362,1005,1210),(1363,201,1402),(1364,202,1402),(1365,203,1402),(1366,204,1402),(1367,205,1402),(1368,206,1402),(1369,207,1402),(1370,208,1402),(1371,209,1402),(1372,210,1402),(1373,211,1402),(1374,212,1402),(1375,213,1402),(1376,214,1402),(1377,215,1402),(1378,216,1402),(1379,217,1402),(1380,218,1402),(1381,219,1402),(1382,220,1402),(1383,221,1402),(1384,222,1402),(1385,223,1402),(1386,224,1402),(1387,225,1402),(1388,226,1402),(1389,227,1402),(1390,228,1402),(1391,229,1402),(1392,230,1402),(1393,231,1402),(1394,232,1402),(1395,233,1402),(1396,501,505),(1397,502,505),(1398,503,505),(1399,504,505),(1400,505,505),(1401,506,505),(1402,507,505),(1403,508,505),(1404,509,505),(1405,510,505),(1406,511,505),(1407,512,505),(1408,513,505),(1409,1901,1219),(1410,1902,1219),(1411,1903,1219),(1412,1904,1219),(1413,1905,1219),(1414,1906,1219),(1415,1907,1219),(1416,1908,1219),(1417,1909,1219),(1418,1910,1219),(1419,1911,1219),(1420,1912,1219),(1421,1913,1219),(1422,201,202),(1423,202,202),(1424,203,202),(1425,204,202),(1426,205,202),(1427,206,202),(1428,207,202),(1429,208,202),(1430,209,202),(1431,210,202),(1432,211,202),(1433,212,202),(1434,213,202),(1435,214,202),(1436,215,202),(1437,216,202),(1438,217,202),(1439,218,202),(1440,219,202),(1441,220,202),(1442,221,202),(1443,222,202),(1444,223,202),(1445,224,202),(1446,225,202),(1447,226,202),(1448,227,202),(1449,228,202),(1450,229,202),(1451,230,202),(1452,231,202),(1453,232,202),(1454,233,202),(1455,1301,1213),(1456,1302,1213),(1457,1303,1213),(1458,1304,1213),(1459,1305,1213),(1460,1306,1213),(1461,1307,1213),(1462,1308,1213),(1463,1309,1213),(1464,1801,918),(1465,1802,918),(1466,1803,918),(1467,1804,918),(1468,1805,918),(1469,1806,918),(1470,1807,918),(1471,1808,918),(1472,1809,918),(1473,1810,918),(1474,1811,918),(1475,1812,918),(1476,1813,918),(1477,1814,918),(1478,1815,918),(1479,1816,918),(1480,1101,1211),(1481,1102,1211),(1482,1103,1211),(1483,1104,1211),(1484,1105,1211),(1485,1106,1211),(1486,1107,1211),(1487,1108,1211),(1488,1109,1211),(1489,1110,1211),(1490,1111,1211),(1491,1112,1211),(1492,1113,1211),(1493,1114,1211),(1494,1115,1211),(1495,1116,1211),(1496,1117,1211),(1497,201,602),(1498,202,602),(1499,203,602),(1500,204,602),(1501,205,602),(1502,206,602),(1503,207,602),(1504,208,602),(1505,209,602),(1506,210,602),(1507,211,602),(1508,212,602),(1509,213,602),(1510,214,602),(1511,215,602),(1512,216,602),(1513,217,602),(1514,218,602),(1515,219,602),(1516,220,602),(1517,221,602),(1518,222,602),(1519,223,602),(1520,224,602),(1521,225,602),(1522,226,602),(1523,227,602),(1524,228,602),(1525,229,602),(1526,230,602),(1527,231,602),(1528,232,602),(1529,233,602),(1530,2001,320),(1531,2002,320),(1532,2003,320),(1533,2004,320),(1534,2005,320),(1535,2006,320),(1536,2007,320),(1537,2008,320),(1538,2009,320),(1539,2010,320),(1540,2011,320),(1541,2012,320),(1542,2013,320),(1543,2014,320),(1544,2015,320),(1545,2016,320),(1546,2017,320),(1547,2018,320),(1548,2019,320),(1549,2020,320),(1550,2021,320),(1551,2022,320),(1552,2023,320),(1553,2024,320),(1554,2025,320),(1555,2026,320),(1556,2027,320),(1557,2028,320),(1558,2029,320),(1559,2030,320),(1560,2031,320),(1561,2032,320),(1562,801,1208),(1563,802,1208),(1564,803,1208),(1565,804,1208),(1566,805,1208),(1567,806,1208),(1568,807,1208),(1569,808,1208),(1570,809,1208),(1571,810,1208),(1572,811,1208),(1573,812,1208),(1574,813,1208),(1575,814,1208),(1576,815,1208),(1577,701,1407),(1578,702,1407),(1579,703,1407),(1580,704,1407),(1581,705,1407),(1582,706,1407),(1583,707,1407),(1584,708,1407),(1585,709,1407),(1586,710,1407),(1587,711,1407),(1588,712,1407),(1589,713,1407),(1590,714,1407),(1591,715,1407),(1592,1801,1518),(1593,1802,1518),(1594,1803,1518),(1595,1804,1518),(1596,1805,1518),(1597,1806,1518),(1598,1807,1518),(1599,1808,1518),(1600,1809,1518),(1601,1810,1518),(1602,1811,1518),(1603,1812,1518),(1604,1813,1518),(1605,1814,1518),(1606,1815,1518),(1607,1816,1518),(1608,2001,1220),(1609,2002,1220),(1610,2003,1220),(1611,2004,1220),(1612,2005,1220),(1613,2006,1220),(1614,2007,1220),(1615,2008,1220),(1616,2009,1220),(1617,2010,1220),(1618,2011,1220),(1619,2012,1220),(1620,2013,1220),(1621,2014,1220),(1622,2015,1220),(1623,2016,1220),(1624,2017,1220),(1625,2018,1220),(1626,2019,1220),(1627,2020,1220),(1628,2021,1220),(1629,2022,1220),(1630,2023,1220),(1631,2024,1220),(1632,2025,1220),(1633,2026,1220),(1634,2027,1220),(1635,2028,1220),(1636,2029,1220),(1637,2030,1220),(1638,2031,1220),(1639,2032,1220),(1640,201,502),(1641,202,502),(1642,203,502),(1643,204,502),(1644,205,502),(1645,206,502),(1646,207,502),(1647,208,502),(1648,209,502),(1649,210,502),(1650,211,502),(1651,212,502),(1652,213,502),(1653,214,502),(1654,215,502),(1655,216,502),(1656,217,502),(1657,218,502),(1658,219,502),(1659,220,502),(1660,221,502),(1661,222,502),(1662,223,502),(1663,224,502),(1664,225,502),(1665,226,502),(1666,227,502),(1667,228,502),(1668,229,502),(1669,230,502),(1670,231,502),(1671,232,502),(1672,233,502),(1673,1901,1219),(1674,1902,1219),(1675,1903,1219),(1676,1904,1219),(1677,1905,1219),(1678,1906,1219),(1679,1907,1219),(1680,1908,1219),(1681,1909,1219),(1682,1910,1219),(1683,1911,1219),(1684,1912,1219),(1685,1913,1219),(1686,1401,1214),(1687,1402,1214),(1688,1403,1214),(1689,1404,1214),(1690,1405,1214),(1691,1406,1214),(1692,1407,1214),(1693,1408,1214),(1694,1409,1214),(1695,1410,1214),(1696,1411,1214),(1697,1412,1214),(1698,1413,1214),(1699,1301,1413),(1700,1302,1413),(1701,1303,1413),(1702,1304,1413),(1703,1305,1413),(1704,1306,1413),(1705,1307,1413),(1706,1308,1413),(1707,1309,1413),(1708,1201,1512),(1709,1202,1512),(1710,1203,1512),(1711,1204,1512),(1712,1205,1512),(1713,1206,1512),(1714,1207,1512),(1715,1208,1512),(1716,1209,1512),(1717,1210,1512),(1718,1211,1512),(1719,1212,1512),(1720,1213,1512),(1721,1214,1512),(1722,1215,1512),(1723,1216,1512),(1724,1217,1512),(1725,1218,1512),(1726,1801,1218),(1727,1802,1218),(1728,1803,1218),(1729,1804,1218),(1730,1805,1218),(1731,1806,1218),(1732,1807,1218),(1733,1808,1218),(1734,1809,1218),(1735,1810,1218),(1736,1811,1218),(1737,1812,1218),(1738,1813,1218),(1739,1814,1218),(1740,1815,1218),(1741,1816,1218),(1742,1601,1416),(1743,1602,1416),(1744,1603,1416),(1745,1604,1416),(1746,1605,1416),(1747,1606,1416),(1748,1607,1416),(1749,1608,1416),(1750,1609,1416),(1751,1610,1416),(1752,1611,1416),(1753,1612,1416),(1754,1613,1416),(1755,1614,1416),(1756,1615,1416),(1757,1616,1416),(1758,1617,1416),(1759,1501,1515),(1760,1502,1515),(1761,1503,1515),(1762,1504,1515),(1763,1505,1515),(1764,1506,1515),(1765,1507,1515),(1766,1508,1515),(1767,1509,1515),(1768,1510,1515),(1769,1511,1515),(1770,1901,1419),(1771,1902,1419),(1772,1903,1419),(1773,1904,1419),(1774,1905,1419),(1775,1906,1419),(1776,1907,1419),(1777,1908,1419),(1778,1909,1419),(1779,1910,1419),(1780,1911,1419),(1781,1912,1419),(1782,1913,1419),(1783,1701,1517),(1784,1702,1517),(1785,1703,1517),(1786,1704,1517),(1787,1705,1517),(1788,1706,1517),(1789,1707,1517),(1790,1708,1517),(1791,1709,1517),(1792,1710,1517),(1793,1711,1517),(1794,1712,1517),(1795,1713,1517),(1796,801,1408),(1797,802,1408),(1798,803,1408),(1799,804,1408),(1800,805,1408),(1801,806,1408),(1802,807,1408),(1803,808,1408),(1804,809,1408),(1805,810,1408),(1806,811,1408),(1807,812,1408),(1808,813,1408),(1809,814,1408),(1810,815,1408),(1811,2001,1520),(1812,2002,1520),(1813,2003,1520),(1814,2004,1520),(1815,2005,1520),(1816,2006,1520),(1817,2007,1520),(1818,2008,1520),(1819,2009,1520),(1820,2010,1520),(1821,2011,1520),(1822,2012,1520),(1823,2013,1520),(1824,2014,1520),(1825,2015,1520),(1826,2016,1520),(1827,2017,1520),(1828,2018,1520),(1829,2019,1520),(1830,2020,1520),(1831,2021,1520),(1832,2022,1520),(1833,2023,1520),(1834,2024,1520),(1835,2025,1520),(1836,2026,1520),(1837,2027,1520),(1838,2028,1520),(1839,2029,1520),(1840,2030,1520),(1841,2031,1520),(1842,2032,1520),(1843,1201,1712),(1844,1202,1712),(1845,1203,1712),(1846,1204,1712),(1847,1205,1712),(1848,1206,1712),(1849,1207,1712),(1850,1208,1712),(1851,1209,1712),(1852,1210,1712),(1853,1211,1712),(1854,1212,1712),(1855,1213,1712),(1856,1214,1712),(1857,1215,1712),(1858,1216,1712),(1859,1217,1712),(1860,1218,1712),(1861,1501,1715),(1862,1502,1715),(1863,1503,1715),(1864,1504,1715),(1865,1505,1715),(1866,1506,1715),(1867,1507,1715),(1868,1508,1715),(1869,1509,1715),(1870,1510,1715),(1871,1511,1715),(1872,1701,1717),(1873,1702,1717),(1874,1703,1717),(1875,1704,1717),(1876,1705,1717),(1877,1706,1717),(1878,1707,1717),(1879,1708,1717),(1880,1709,1717),(1881,1710,1717),(1882,1711,1717),(1883,1712,1717),(1884,1713,1717),(1885,2001,1720),(1886,2002,1720),(1887,2003,1720),(1888,2004,1720),(1889,2005,1720),(1890,2006,1720),(1891,2007,1720),(1892,2008,1720),(1893,2009,1720),(1894,2010,1720),(1895,2011,1720),(1896,2012,1720),(1897,2013,1720),(1898,2014,1720),(1899,2015,1720),(1900,2016,1720),(1901,2017,1720),(1902,2018,1720),(1903,2019,1720),(1904,2020,1720),(1905,2021,1720),(1906,2022,1720),(1907,2023,1720),(1908,2024,1720),(1909,2025,1720),(1910,2026,1720),(1911,2027,1720),(1912,2028,1720),(1913,2029,1720),(1914,2030,1720),(1915,2031,1720),(1916,2032,1720),(1917,901,1709),(1918,902,1709),(1919,903,1709),(1920,904,1709),(1921,905,1709),(1922,906,1709),(1923,907,1709),(1924,908,1709),(1925,909,1709),(1926,910,1709),(1927,911,1709),(1928,912,1709),(1929,913,1709),(1930,914,1709),(1931,915,1709),(1932,1001,1710),(1933,1002,1710),(1934,1003,1710),(1935,1004,1710),(1936,1005,1710),(1937,1101,1711),(1938,1102,1711),(1939,1103,1711),(1940,1104,1711),(1941,1105,1711),(1942,1106,1711),(1943,1107,1711),(1944,1108,1711),(1945,1109,1711),(1946,1110,1711),(1947,1111,1711),(1948,1112,1711),(1949,1113,1711),(1950,1114,1711),(1951,1115,1711),(1952,1116,1711),(1953,1117,1711),(1954,1401,1714),(1955,1402,1714),(1956,1403,1714),(1957,1404,1714),(1958,1405,1714),(1959,1406,1714),(1960,1407,1714),(1961,1408,1714),(1962,1409,1714),(1963,1410,1714),(1964,1411,1714),(1965,1412,1714),(1966,1413,1714),(1967,1801,1718),(1968,1802,1718),(1969,1803,1718),(1970,1804,1718),(1971,1805,1718),(1972,1806,1718),(1973,1807,1718),(1974,1808,1718),(1975,1809,1718),(1976,1810,1718),(1977,1811,1718),(1978,1812,1718),(1979,1813,1718),(1980,1814,1718),(1981,1815,1718),(1982,1816,1718),(1983,1201,1812),(1984,1202,1812),(1985,1203,1812),(1986,1204,1812),(1987,1205,1812),(1988,1206,1812),(1989,1207,1812),(1990,1208,1812),(1991,1209,1812),(1992,1210,1812),(1993,1211,1812),(1994,1212,1812),(1995,1213,1812),(1996,1214,1812),(1997,1215,1812),(1998,1216,1812),(1999,1217,1812),(2000,1218,1812),(2001,101,1901),(2002,102,1901),(2003,103,1901),(2004,104,1901),(2005,105,1901),(2006,106,1901),(2007,107,1901),(2008,108,1901),(2009,109,1901),(2010,110,1901),(2011,111,1901),(2012,112,1901),(2013,113,1901),(2014,114,1901),(2015,115,1901),(2016,116,1901),(2017,117,1901),(2018,118,1901),(2019,119,1901),(2020,1201,2012),(2021,1202,2012),(2022,1203,2012),(2023,1204,2012),(2024,1205,2012),(2025,1206,2012),(2026,1207,2012),(2027,1208,2012),(2028,1209,2012),(2029,1210,2012),(2030,1211,2012),(2031,1212,2012),(2032,1213,2012),(2033,1214,2012),(2034,1215,2012),(2035,1216,2012),(2036,1217,2012),(2037,1218,2012),(2038,1501,1815),(2039,1502,1815),(2040,1503,1815),(2041,1504,1815),(2042,1505,1815),(2043,1506,1815),(2044,1507,1815),(2045,1508,1815),(2046,1509,1815),(2047,1510,1815),(2048,1511,1815),(2049,1201,2112),(2050,1202,2112),(2051,1203,2112),(2052,1204,2112),(2053,1205,2112),(2054,1206,2112),(2055,1207,2112),(2056,1208,2112),(2057,1209,2112),(2058,1210,2112),(2059,1211,2112),(2060,1212,2112),(2061,1213,2112),(2062,1214,2112),(2063,1215,2112),(2064,1216,2112),(2065,1217,2112),(2066,1218,2112),(2067,1501,2015),(2068,1502,2015),(2069,1503,2015),(2070,1504,2015),(2071,1505,2015),(2072,1506,2015),(2073,1507,2015),(2074,1508,2015),(2075,1509,2015),(2076,1510,2015),(2077,1511,2015),(2078,1701,1817),(2079,1702,1817),(2080,1703,1817),(2081,1704,1817),(2082,1705,1817),(2083,1706,1817),(2084,1707,1817),(2085,1708,1817),(2086,1709,1817),(2087,1710,1817),(2088,1711,1817),(2089,1712,1817),(2090,1713,1817),(2091,701,2207),(2092,702,2207),(2093,703,2207),(2094,704,2207),(2095,705,2207),(2096,706,2207),(2097,707,2207),(2098,708,2207),(2099,709,2207),(2100,710,2207),(2101,711,2207),(2102,712,2207),(2103,713,2207),(2104,714,2207),(2105,715,2207),(2106,601,1906),(2107,602,1906),(2108,603,1906),(2109,604,1906),(2110,605,1906),(2111,606,1906),(2112,607,1906),(2113,608,1906),(2114,609,1906),(2115,610,1906),(2116,611,1906),(2117,901,2309),(2118,902,2309),(2119,903,2309),(2120,904,2309),(2121,905,2309),(2122,906,2309),(2123,907,2309),(2124,908,2309),(2125,909,2309),(2126,910,2309),(2127,911,2309),(2128,912,2309),(2129,913,2309),(2130,914,2309),(2131,915,2309),(2132,501,1905),(2133,502,1905),(2134,503,1905),(2135,504,1905),(2136,505,1905),(2137,506,1905),(2138,507,1905),(2139,508,1905),(2140,509,1905),(2141,510,1905),(2142,511,1905),(2143,512,1905),(2144,513,1905),(2145,1001,2310),(2146,1002,2310),(2147,1003,2310),(2148,1004,2310),(2149,1005,2310),(2150,701,2407),(2151,702,2407),(2152,703,2407),(2153,704,2407),(2154,705,2407),(2155,706,2407),(2156,707,2407),(2157,708,2407),(2158,709,2407),(2159,710,2407),(2160,711,2407),(2161,712,2407),(2162,713,2407),(2163,714,2407),(2164,715,2407),(2165,1701,2017),(2166,1702,2017),(2167,1703,2017),(2168,1704,2017),(2169,1705,2017),(2170,1706,2017),(2171,1707,2017),(2172,1708,2017),(2173,1709,2017),(2174,1710,2017),(2175,1711,2017),(2176,1712,2017),(2177,1713,2017),(2178,1101,2311),(2179,1102,2311),(2180,1103,2311),(2181,1104,2311),(2182,1105,2311),(2183,1106,2311),(2184,1107,2311),(2185,1108,2311),(2186,1109,2311),(2187,1110,2311),(2188,1111,2311),(2189,1112,2311),(2190,1113,2311),(2191,1114,2311),(2192,1115,2311),(2193,1116,2311),(2194,1117,2311),(2195,2001,2520),(2196,2002,2520),(2197,2003,2520),(2198,2004,2520),(2199,2005,2520),(2200,2006,2520),(2201,2007,2520),(2202,2008,2520),(2203,2009,2520),(2204,2010,2520),(2205,2011,2520),(2206,2012,2520),(2207,2013,2520),(2208,2014,2520),(2209,2015,2520),(2210,2016,2520),(2211,2017,2520),(2212,2018,2520),(2213,2019,2520),(2214,2020,2520),(2215,2021,2520),(2216,2022,2520),(2217,2023,2520),(2218,2024,2520),(2219,2025,2520),(2220,2026,2520),(2221,2027,2520),(2222,2028,2520),(2223,2029,2520),(2224,2030,2520),(2225,2031,2520),(2226,2032,2520),(2227,201,1902),(2228,202,1902),(2229,203,1902),(2230,204,1902),(2231,205,1902),(2232,206,1902),(2233,207,1902),(2234,208,1902),(2235,209,1902),(2236,210,1902),(2237,211,1902),(2238,212,1902),(2239,213,1902),(2240,214,1902),(2241,215,1902),(2242,216,1902),(2243,217,1902),(2244,218,1902),(2245,219,1902),(2246,220,1902),(2247,221,1902),(2248,222,1902),(2249,223,1902),(2250,224,1902),(2251,225,1902),(2252,226,1902),(2253,227,1902),(2254,228,1902),(2255,229,1902),(2256,230,1902),(2257,231,1902),(2258,232,1902),(2259,233,1902),(2260,901,1809),(2261,902,1809),(2262,903,1809),(2263,904,1809),(2264,905,1809),(2265,906,1809),(2266,907,1809),(2267,908,1809),(2268,909,1809),(2269,910,1809),(2270,911,1809),(2271,912,1809),(2272,913,1809),(2273,914,1809),(2274,915,1809),(2275,1001,2610),(2276,1002,2610),(2277,1003,2610),(2278,1004,2610),(2279,1005,2610),(2280,2001,2020),(2281,2002,2020),(2282,2003,2020),(2283,2004,2020),(2284,2005,2020),(2285,2006,2020),(2286,2007,2020),(2287,2008,2020),(2288,2009,2020),(2289,2010,2020),(2290,2011,2020),(2291,2012,2020),(2292,2013,2020),(2293,2014,2020),(2294,2015,2020),(2295,2016,2020),(2296,2017,2020),(2297,2018,2020),(2298,2019,2020),(2299,2020,2020),(2300,2021,2020),(2301,2022,2020),(2302,2023,2020),(2303,2024,2020),(2304,2025,2020),(2305,2026,2020),(2306,2027,2020),(2307,2028,2020),(2308,2029,2020),(2309,2030,2020),(2310,2031,2020),(2311,2032,2020),(2312,701,1907),(2313,702,1907),(2314,703,1907),(2315,704,1907),(2316,705,1907),(2317,706,1907),(2318,707,1907),(2319,708,1907),(2320,709,1907),(2321,710,1907),(2322,711,1907),(2323,712,1907),(2324,713,1907),(2325,714,1907),(2326,715,1907),(2327,1301,2713),(2328,1302,2713),(2329,1303,2713),(2330,1304,2713),(2331,1305,2713),(2332,1306,2713),(2333,1307,2713),(2334,1308,2713),(2335,1309,2713),(2336,901,2009),(2337,902,2009),(2338,903,2009),(2339,904,2009),(2340,905,2009),(2341,906,2009),(2342,907,2009),(2343,908,2009),(2344,909,2009),(2345,910,2009),(2346,911,2009),(2347,912,2009),(2348,913,2009),(2349,914,2009),(2350,915,2009),(2351,1101,1811),(2352,1102,1811),(2353,1103,1811),(2354,1104,1811),(2355,1105,1811),(2356,1106,1811),(2357,1107,1811),(2358,1108,1811),(2359,1109,1811),(2360,1110,1811),(2361,1111,1811),(2362,1112,1811),(2363,1113,1811),(2364,1114,1811),(2365,1115,1811),(2366,1116,1811),(2367,1117,1811),(2368,1001,2010),(2369,1002,2010),(2370,1003,2010),(2371,1004,2010),(2372,1005,2010),(2373,1601,1916),(2374,1602,1916),(2375,1603,1916),(2376,1604,1916),(2377,1605,1916),(2378,1606,1916),(2379,1607,1916),(2380,1608,1916),(2381,1609,1916),(2382,1610,1916),(2383,1611,1916),(2384,1612,1916),(2385,1613,1916),(2386,1614,1916),(2387,1615,1916),(2388,1616,1916),(2389,1617,1916),(2390,1101,2011),(2391,1102,2011),(2392,1103,2011),(2393,1104,2011),(2394,1105,2011),(2395,1106,2011),(2396,1107,2011),(2397,1108,2011),(2398,1109,2011),(2399,1110,2011),(2400,1111,2011),(2401,1112,2011),(2402,1113,2011),(2403,1114,2011),(2404,1115,2011),(2405,1116,2011),(2406,1117,2011),(2407,1401,2314),(2408,1402,2314),(2409,1403,2314),(2410,1404,2314),(2411,1405,2314),(2412,1406,2314),(2413,1407,2314),(2414,1408,2314),(2415,1409,2314),(2416,1410,2314),(2417,1411,2314),(2418,1412,2314),(2419,1413,2314),(2420,1301,2413),(2421,1302,2413),(2422,1303,2413),(2423,1304,2413),(2424,1305,2413),(2425,1306,2413),(2426,1307,2413),(2427,1308,2413),(2428,1309,2413),(2429,1901,1919),(2430,1902,1919),(2431,1903,1919),(2432,1904,1919),(2433,1905,1919),(2434,1906,1919),(2435,1907,1919),(2436,1908,1919),(2437,1909,1919),(2438,1910,1919),(2439,1911,1919),(2440,1912,1919),(2441,1913,1919),(2442,1401,1814),(2443,1402,1814),(2444,1403,1814),(2445,1404,1814),(2446,1405,1814),(2447,1406,1814),(2448,1407,1814),(2449,1408,1814),(2450,1409,1814),(2451,1410,1814),(2452,1411,1814),(2453,1412,1814),(2454,1413,1814),(2455,1801,2318),(2456,1802,2318),(2457,1803,2318),(2458,1804,2318),(2459,1805,2318),(2460,1806,2318),(2461,1807,2318),(2462,1808,2318),(2463,1809,2318),(2464,1810,2318),(2465,1811,2318),(2466,1812,2318),(2467,1813,2318),(2468,1814,2318),(2469,1815,2318),(2470,1816,2318),(2471,801,1908),(2472,802,1908),(2473,803,1908),(2474,804,1908),(2475,805,1908),(2476,806,1908),(2477,807,1908),(2478,808,1908),(2479,809,1908),(2480,810,1908),(2481,811,1908),(2482,812,1908),(2483,813,1908),(2484,814,1908),(2485,815,1908),(2486,1601,2416),(2487,1602,2416),(2488,1603,2416),(2489,1604,2416),(2490,1605,2416),(2491,1606,2416),(2492,1607,2416),(2493,1608,2416),(2494,1609,2416),(2495,1610,2416),(2496,1611,2416),(2497,1612,2416),(2498,1613,2416),(2499,1614,2416),(2500,1615,2416),(2501,1616,2416),(2502,1617,2416),(2503,1401,2014),(2504,1402,2014),(2505,1403,2014),(2506,1404,2014),(2507,1405,2014),(2508,1406,2014),(2509,1407,2014),(2510,1408,2014),(2511,1409,2014),(2512,1410,2014),(2513,1411,2014),(2514,1412,2014),(2515,1413,2014),(2516,1801,1818),(2517,1802,1818),(2518,1803,1818),(2519,1804,1818),(2520,1805,1818),(2521,1806,1818),(2522,1807,1818),(2523,1808,1818),(2524,1809,1818),(2525,1810,1818),(2526,1811,1818),(2527,1812,1818),(2528,1813,1818),(2529,1814,1818),(2530,1815,1818),(2531,1816,1818),(2532,1201,2312),(2533,1202,2312),(2534,1203,2312),(2535,1204,2312),(2536,1205,2312),(2537,1206,2312),(2538,1207,2312),(2539,1208,2312),(2540,1209,2312),(2541,1210,2312),(2542,1211,2312),(2543,1212,2312),(2544,1213,2312),(2545,1214,2312),(2546,1215,2312),(2547,1216,2312),(2548,1217,2312),(2549,1218,2312),(2550,1801,2018),(2551,1802,2018),(2552,1803,2018),(2553,1804,2018),(2554,1805,2018),(2555,1806,2018),(2556,1807,2018),(2557,1808,2018),(2558,1809,2018),(2559,1810,2018),(2560,1811,2018),(2561,1812,2018),(2562,1813,2018),(2563,1814,2018),(2564,1815,2018),(2565,1816,2018),(2566,1501,2315),(2567,1502,2315),(2568,1503,2315),(2569,1504,2315),(2570,1505,2315),(2571,1506,2315),(2572,1507,2315),(2573,1508,2315),(2574,1509,2315),(2575,1510,2315),(2576,1511,2315),(2577,1901,2419),(2578,1902,2419),(2579,1903,2419),(2580,1904,2419),(2581,1905,2419),(2582,1906,2419),(2583,1907,2419),(2584,1908,2419),(2585,1909,2419),(2586,1910,2419),(2587,1911,2419),(2588,1912,2419),(2589,1913,2419),(2590,1701,2317),(2591,1702,2317),(2592,1703,2317),(2593,1704,2317),(2594,1705,2317),(2595,1706,2317),(2596,1707,2317),(2597,1708,2317),(2598,1709,2317),(2599,1710,2317),(2600,1711,2317),(2601,1712,2317),(2602,1713,2317),(2603,2001,2320),(2604,2002,2320),(2605,2003,2320),(2606,2004,2320),(2607,2005,2320),(2608,2006,2320),(2609,2007,2320),(2610,2008,2320),(2611,2009,2320),(2612,2010,2320),(2613,2011,2320),(2614,2012,2320),(2615,2013,2320),(2616,2014,2320),(2617,2015,2320),(2618,2016,2320),(2619,2017,2320),(2620,2018,2320),(2621,2019,2320),(2622,2020,2320),(2623,2021,2320),(2624,2022,2320),(2625,2023,2320),(2626,2024,2320),(2627,2025,2320),(2628,2026,2320),(2629,2027,2320),(2630,2028,2320),(2631,2029,2320),(2632,2030,2320),(2633,2031,2320),(2634,2032,2320),(2635,801,2408),(2636,802,2408),(2637,803,2408),(2638,804,2408),(2639,805,2408),(2640,806,2408),(2641,807,2408),(2642,808,2408),(2643,809,2408),(2644,810,2408),(2645,811,2408),(2646,812,2408),(2647,813,2408),(2648,814,2408),(2649,815,2408),(2650,101,2401),(2651,102,2401),(2652,103,2401),(2653,104,2401),(2654,105,2401),(2655,106,2401),(2656,107,2401),(2657,108,2401),(2658,109,2401),(2659,110,2401),(2660,111,2401),(2661,112,2401),(2662,113,2401),(2663,114,2401),(2664,115,2401),(2665,116,2401),(2666,117,2401),(2667,118,2401),(2668,119,2401),(2669,601,2406),(2670,602,2406),(2671,603,2406),(2672,604,2406),(2673,605,2406),(2674,606,2406),(2675,607,2406),(2676,608,2406),(2677,609,2406),(2678,610,2406),(2679,611,2406),(2680,501,2405),(2681,502,2405),(2682,503,2405),(2683,504,2405),(2684,505,2405),(2685,506,2405),(2686,507,2405),(2687,508,2405),(2688,509,2405),(2689,510,2405),(2690,511,2405),(2691,512,2405),(2692,513,2405),(2693,1201,2812),(2694,1202,2812),(2695,1203,2812),(2696,1204,2812),(2697,1205,2812),(2698,1206,2812),(2699,1207,2812),(2700,1208,2812),(2701,1209,2812),(2702,1210,2812),(2703,1211,2812),(2704,1212,2812),(2705,1213,2812),(2706,1214,2812),(2707,1215,2812),(2708,1216,2812),(2709,1217,2812),(2710,1218,2812),(2711,701,2907),(2712,702,2907),(2713,703,2907),(2714,704,2907),(2715,705,2907),(2716,706,2907),(2717,707,2907),(2718,708,2907),(2719,709,2907),(2720,710,2907),(2721,711,2907),(2722,712,2907),(2723,713,2907),(2724,714,2907),(2725,715,2907),(2726,201,2402),(2727,202,2402),(2728,203,2402),(2729,204,2402),(2730,205,2402),(2731,206,2402),(2732,207,2402),(2733,208,2402),(2734,209,2402),(2735,210,2402),(2736,211,2402),(2737,212,2402),(2738,213,2402),(2739,214,2402),(2740,215,2402),(2741,216,2402),(2742,217,2402),(2743,218,2402),(2744,219,2402),(2745,220,2402),(2746,221,2402),(2747,222,2402),(2748,223,2402),(2749,224,2402),(2750,225,2402),(2751,226,2402),(2752,227,2402),(2753,228,2402),(2754,229,2402),(2755,230,2402),(2756,231,2402),(2757,232,2402),(2758,233,2402),(2759,1201,3012),(2760,1202,3012),(2761,1203,3012),(2762,1204,3012),(2763,1205,3012),(2764,1206,3012),(2765,1207,3012),(2766,1208,3012),(2767,1209,3012),(2768,1210,3012),(2769,1211,3012),(2770,1212,3012),(2771,1213,3012),(2772,1214,3012),(2773,1215,3012),(2774,1216,3012),(2775,1217,3012),(2776,1218,3012),(2777,701,3107),(2778,702,3107),(2779,703,3107),(2780,704,3107),(2781,705,3107),(2782,706,3107),(2783,707,3107),(2784,708,3107),(2785,709,3107),(2786,710,3107),(2787,711,3107),(2788,712,3107),(2789,713,3107),(2790,714,3107),(2791,715,3107),(2792,1501,2815),(2793,1502,2815),(2794,1503,2815),(2795,1504,2815),(2796,1505,2815),(2797,1506,2815),(2798,1507,2815),(2799,1508,2815),(2800,1509,2815),(2801,1510,2815),(2802,1511,2815),(2803,701,3207),(2804,702,3207),(2805,703,3207),(2806,704,3207),(2807,705,3207),(2808,706,3207),(2809,707,3207),(2810,708,3207),(2811,709,3207),(2812,710,3207),(2813,711,3207),(2814,712,3207),(2815,713,3207),(2816,714,3207),(2817,715,3207),(2818,1301,3113),(2819,1302,3113),(2820,1303,3113),(2821,1304,3113),(2822,1305,3113),(2823,1306,3113),(2824,1307,3113),(2825,1308,3113),(2826,1309,3113),(2827,1701,2817),(2828,1702,2817),(2829,1703,2817),(2830,1704,2817),(2831,1705,2817),(2832,1706,2817),(2833,1707,2817),(2834,1708,2817),(2835,1709,2817),(2836,1710,2817),(2837,1711,2817),(2838,1712,2817),(2839,1713,2817),(2840,1501,3015),(2841,1502,3015),(2842,1503,3015),(2843,1504,3015),(2844,1505,3015),(2845,1506,3015),(2846,1507,3015),(2847,1508,3015),(2848,1509,3015),(2849,1510,3015),(2850,1511,3015),(2851,1601,3116),(2852,1602,3116),(2853,1603,3116),(2854,1604,3116),(2855,1605,3116),(2856,1606,3116),(2857,1607,3116),(2858,1608,3116),(2859,1609,3116),(2860,1610,3116),(2861,1611,3116),(2862,1612,3116),(2863,1613,3116),(2864,1614,3116),(2865,1615,3116),(2866,1616,3116),(2867,1617,3116),(2868,1301,3213),(2869,1302,3213),(2870,1303,3213),(2871,1304,3213),(2872,1305,3213),(2873,1306,3213),(2874,1307,3213),(2875,1308,3213),(2876,1309,3213),(2877,1701,3017),(2878,1702,3017),(2879,1703,3017),(2880,1704,3017),(2881,1705,3017),(2882,1706,3017),(2883,1707,3017),(2884,1708,3017),(2885,1709,3017),(2886,1710,3017),(2887,1711,3017),(2888,1712,3017),(2889,1713,3017),(2890,1601,3216),(2891,1602,3216),(2892,1603,3216),(2893,1604,3216),(2894,1605,3216),(2895,1606,3216),(2896,1607,3216),(2897,1608,3216),(2898,1609,3216),(2899,1610,3216),(2900,1611,3216),(2901,1612,3216),(2902,1613,3216),(2903,1614,3216),(2904,1615,3216),(2905,1616,3216),(2906,1617,3216),(2907,1901,3119),(2908,1902,3119),(2909,1903,3119),(2910,1904,3119),(2911,1905,3119),(2912,1906,3119),(2913,1907,3119),(2914,1908,3119),(2915,1909,3119),(2916,1910,3119),(2917,1911,3119),(2918,1912,3119),(2919,1913,3119),(2920,2001,2820),(2921,2002,2820),(2922,2003,2820),(2923,2004,2820),(2924,2005,2820),(2925,2006,2820),(2926,2007,2820),(2927,2008,2820),(2928,2009,2820),(2929,2010,2820),(2930,2011,2820),(2931,2012,2820),(2932,2013,2820),(2933,2014,2820),(2934,2015,2820),(2935,2016,2820),(2936,2017,2820),(2937,2018,2820),(2938,2019,2820),(2939,2020,2820),(2940,2021,2820),(2941,2022,2820),(2942,2023,2820),(2943,2024,2820),(2944,2025,2820),(2945,2026,2820),(2946,2027,2820),(2947,2028,2820),(2948,2029,2820),(2949,2030,2820),(2950,2031,2820),(2951,2032,2820),(2952,1901,3219),(2953,1902,3219),(2954,1903,3219),(2955,1904,3219),(2956,1905,3219),(2957,1906,3219),(2958,1907,3219),(2959,1908,3219),(2960,1909,3219),(2961,1910,3219),(2962,1911,3219),(2963,1912,3219),(2964,1913,3219),(2965,901,2809),(2966,902,2809),(2967,903,2809),(2968,904,2809),(2969,905,2809),(2970,906,2809),(2971,907,2809),(2972,908,2809),(2973,909,2809),(2974,910,2809),(2975,911,2809),(2976,912,2809),(2977,913,2809),(2978,914,2809),(2979,915,2809),(2980,801,3108),(2981,802,3108),(2982,803,3108),(2983,804,3108),(2984,805,3108),(2985,806,3108),(2986,807,3108),(2987,808,3108),(2988,809,3108),(2989,810,3108),(2990,811,3108),(2991,812,3108),(2992,813,3108),(2993,814,3108),(2994,815,3108),(2995,2001,3020),(2996,2002,3020),(2997,2003,3020),(2998,2004,3020),(2999,2005,3020),(3000,2006,3020),(3001,2007,3020),(3002,2008,3020),(3003,2009,3020),(3004,2010,3020),(3005,2011,3020),(3006,2012,3020),(3007,2013,3020),(3008,2014,3020),(3009,2015,3020),(3010,2016,3020),(3011,2017,3020),(3012,2018,3020),(3013,2019,3020),(3014,2020,3020),(3015,2021,3020),(3016,2022,3020),(3017,2023,3020),(3018,2024,3020),(3019,2025,3020),(3020,2026,3020),(3021,2027,3020),(3022,2028,3020),(3023,2029,3020),(3024,2030,3020),(3025,2031,3020),(3026,2032,3020),(3027,1001,2810),(3028,1002,2810),(3029,1003,2810),(3030,1004,2810),(3031,1005,2810),(3032,101,3101),(3033,102,3101),(3034,103,3101),(3035,104,3101),(3036,105,3101),(3037,106,3101),(3038,107,3101),(3039,108,3101),(3040,109,3101),(3041,110,3101),(3042,111,3101),(3043,112,3101),(3044,113,3101),(3045,114,3101),(3046,115,3101),(3047,116,3101),(3048,117,3101),(3049,118,3101),(3050,119,3101),(3051,901,3309),(3052,902,3309),(3053,903,3309),(3054,904,3309),(3055,905,3309),(3056,906,3309),(3057,907,3309),(3058,908,3309),(3059,909,3309),(3060,910,3309),(3061,911,3309),(3062,912,3309),(3063,913,3309),(3064,914,3309),(3065,915,3309),(3066,1101,2811),(3067,1102,2811),(3068,1103,2811),(3069,1104,2811),(3070,1105,2811),(3071,1106,2811),(3072,1107,2811),(3073,1108,2811),(3074,1109,2811),(3075,1110,2811),(3076,1111,2811),(3077,1112,2811),(3078,1113,2811),(3079,1114,2811),(3080,1115,2811),(3081,1116,2811),(3082,1117,2811),(3083,601,3106),(3084,602,3106),(3085,603,3106),(3086,604,3106),(3087,605,3106),(3088,606,3106),(3089,607,3106),(3090,608,3106),(3091,609,3106),(3092,610,3106),(3093,611,3106),(3094,901,3009),(3095,902,3009),(3096,903,3009),(3097,904,3009),(3098,905,3009),(3099,906,3009),(3100,907,3009),(3101,908,3009),(3102,909,3009),(3103,910,3009),(3104,911,3009),(3105,912,3009),(3106,913,3009),(3107,914,3009),(3108,915,3009),(3109,801,3208),(3110,802,3208),(3111,803,3208),(3112,804,3208),(3113,805,3208),(3114,806,3208),(3115,807,3208),(3116,808,3208),(3117,809,3208),(3118,810,3208),(3119,811,3208),(3120,812,3208),(3121,813,3208),(3122,814,3208),(3123,815,3208),(3124,501,3105),(3125,502,3105),(3126,503,3105),(3127,504,3105),(3128,505,3105),(3129,506,3105),(3130,507,3105),(3131,508,3105),(3132,509,3105),(3133,510,3105),(3134,511,3105),(3135,512,3105),(3136,513,3105),(3137,901,3009),(3138,902,3009),(3139,903,3009),(3140,904,3009),(3141,905,3009),(3142,906,3009),(3143,907,3009),(3144,908,3009),(3145,909,3009),(3146,910,3009),(3147,911,3009),(3148,912,3009),(3149,913,3009),(3150,914,3009),(3151,915,3009),(3152,1401,2814),(3153,1402,2814),(3154,1403,2814),(3155,1404,2814),(3156,1405,2814),(3157,1406,2814),(3158,1407,2814),(3159,1408,2814),(3160,1409,2814),(3161,1410,2814),(3162,1411,2814),(3163,1412,2814),(3164,1413,2814),(3165,901,3009),(3166,902,3009),(3167,903,3009),(3168,904,3009),(3169,905,3009),(3170,906,3009),(3171,907,3009),(3172,908,3009),(3173,909,3009),(3174,910,3009),(3175,911,3009),(3176,912,3009),(3177,913,3009),(3178,914,3009),(3179,915,3009),(3180,201,3102),(3181,202,3102),(3182,203,3102),(3183,204,3102),(3184,205,3102),(3185,206,3102),(3186,207,3102),(3187,208,3102),(3188,209,3102),(3189,210,3102),(3190,211,3102),(3191,212,3102),(3192,213,3102),(3193,214,3102),(3194,215,3102),(3195,216,3102),(3196,217,3102),(3197,218,3102),(3198,219,3102),(3199,220,3102),(3200,221,3102),(3201,222,3102),(3202,223,3102),(3203,224,3102),(3204,225,3102),(3205,226,3102),(3206,227,3102),(3207,228,3102),(3208,229,3102),(3209,230,3102),(3210,231,3102),(3211,232,3102),(3212,233,3102),(3213,101,3201),(3214,102,3201),(3215,103,3201),(3216,104,3201),(3217,105,3201),(3218,106,3201),(3219,107,3201),(3220,108,3201),(3221,109,3201),(3222,110,3201),(3223,111,3201),(3224,112,3201),(3225,113,3201),(3226,114,3201),(3227,115,3201),(3228,116,3201),(3229,117,3201),(3230,118,3201),(3231,119,3201),(3232,1801,2818),(3233,1802,2818),(3234,1803,2818),(3235,1804,2818),(3236,1805,2818),(3237,1806,2818),(3238,1807,2818),(3239,1808,2818),(3240,1809,2818),(3241,1810,2818),(3242,1811,2818),(3243,1812,2818),(3244,1813,2818),(3245,1814,2818),(3246,1815,2818),(3247,1816,2818),(3248,601,3206),(3249,602,3206),(3250,603,3206),(3251,604,3206),(3252,605,3206),(3253,606,3206),(3254,607,3206),(3255,608,3206),(3256,609,3206),(3257,610,3206),(3258,611,3206),(3259,1001,3010),(3260,1002,3010),(3261,1003,3010),(3262,1004,3010),(3263,1005,3010),(3264,501,3205),(3265,502,3205),(3266,503,3205),(3267,504,3205),(3268,505,3205),(3269,506,3205),(3270,507,3205),(3271,508,3205),(3272,509,3205),(3273,510,3205),(3274,511,3205),(3275,512,3205),(3276,513,3205),(3277,1101,3011),(3278,1102,3011),(3279,1103,3011),(3280,1104,3011),(3281,1105,3011),(3282,1106,3011),(3283,1107,3011),(3284,1108,3011),(3285,1109,3011),(3286,1110,3011),(3287,1111,3011),(3288,1112,3011),(3289,1113,3011),(3290,1114,3011),(3291,1115,3011),(3292,1116,3011),(3293,1117,3011),(3294,1401,3014),(3295,1402,3014),(3296,1403,3014),(3297,1404,3014),(3298,1405,3014),(3299,1406,3014),(3300,1407,3014),(3301,1408,3014),(3302,1409,3014),(3303,1410,3014),(3304,1411,3014),(3305,1412,3014),(3306,1413,3014),(3307,1801,3018),(3308,1802,3018),(3309,1803,3018),(3310,1804,3018),(3311,1805,3018),(3312,1806,3018),(3313,1807,3018),(3314,1808,3018),(3315,1809,3018),(3316,1810,3018),(3317,1811,3018),(3318,1812,3018),(3319,1813,3018),(3320,1814,3018),(3321,1815,3018),(3322,1816,3018),(3323,1201,3412),(3324,1202,3412),(3325,1203,3412),(3326,1204,3412),(3327,1205,3412),(3328,1206,3412),(3329,1207,3412),(3330,1208,3412),(3331,1209,3412),(3332,1210,3412),(3333,1211,3412),(3334,1212,3412),(3335,1213,3412),(3336,1214,3412),(3337,1215,3412),(3338,1216,3412),(3339,1217,3412),(3340,1218,3412),(3341,1501,3415),(3342,1502,3415),(3343,1503,3415),(3344,1504,3415),(3345,1505,3415),(3346,1506,3415),(3347,1507,3415),(3348,1508,3415),(3349,1509,3415),(3350,1510,3415),(3351,1511,3415),(3352,1701,3417),(3353,1702,3417),(3354,1703,3417),(3355,1704,3417),(3356,1705,3417),(3357,1706,3417),(3358,1707,3417),(3359,1708,3417),(3360,1709,3417),(3361,1710,3417),(3362,1711,3417),(3363,1712,3417),(3364,1713,3417),(3365,2001,3420),(3366,2002,3420),(3367,2003,3420),(3368,2004,3420),(3369,2005,3420),(3370,2006,3420),(3371,2007,3420),(3372,2008,3420),(3373,2009,3420),(3374,2010,3420),(3375,2011,3420),(3376,2012,3420),(3377,2013,3420),(3378,2014,3420),(3379,2015,3420),(3380,2016,3420),(3381,2017,3420),(3382,2018,3420),(3383,2019,3420),(3384,2020,3420),(3385,2021,3420),(3386,2022,3420),(3387,2023,3420),(3388,2024,3420),(3389,2025,3420),(3390,2026,3420),(3391,2027,3420),(3392,2028,3420),(3393,2029,3420),(3394,2030,3420),(3395,2031,3420),(3396,2032,3420),(3397,901,3409),(3398,902,3409),(3399,903,3409),(3400,904,3409),(3401,905,3409),(3402,906,3409),(3403,907,3409),(3404,908,3409),(3405,909,3409),(3406,910,3409),(3407,911,3409),(3408,912,3409),(3409,913,3409),(3410,914,3409),(3411,915,3409),(3412,1001,3410),(3413,1002,3410),(3414,1003,3410),(3415,1004,3410),(3416,1005,3410),(3417,1101,3411),(3418,1102,3411),(3419,1103,3411),(3420,1104,3411),(3421,1105,3411),(3422,1106,3411),(3423,1107,3411),(3424,1108,3411),(3425,1109,3411),(3426,1110,3411),(3427,1111,3411),(3428,1112,3411),(3429,1113,3411),(3430,1114,3411),(3431,1115,3411),(3432,1116,3411),(3433,1117,3411),(3434,1801,3518),(3435,1802,3518),(3436,1803,3518),(3437,1804,3518),(3438,1805,3518),(3439,1806,3518),(3440,1807,3518),(3441,1808,3518),(3442,1809,3518),(3443,1810,3518),(3444,1811,3518),(3445,1812,3518),(3446,1813,3518),(3447,1814,3518),(3448,1815,3518),(3449,1816,3518),(3455,907,3909),(3456,908,3909),(3457,909,3909),(3458,910,3909),(3459,911,3909),(3460,912,3909),(3461,913,3909),(3462,914,3909),(3463,915,3909),(3464,1001,3910),(3465,1002,3910),(3466,1003,3910),(3467,1004,3910),(3468,1005,3910),(3469,1101,3911),(3470,1102,3911),(3471,1103,3911),(3472,1104,3911),(3473,1105,3911),(3474,1106,3911),(3475,1107,3911),(3476,1108,3911),(3477,1109,3911),(3478,1110,3911),(3479,1111,3911),(3480,1112,3911),(3481,1113,3911),(3482,1114,3911),(3483,1115,3911),(3484,1116,3911),(3485,1117,3911),(3486,1401,3914),(3487,1402,3914),(3488,1403,3914),(3489,1404,3914),(3490,1405,3914),(3491,1406,3914),(3492,1407,3914),(3493,1408,3914),(3494,1409,3914),(3495,1410,3914),(3496,1411,3914),(3497,1412,3914),(3498,1413,3914),(3499,1801,3918),(3500,1802,3918),(3501,1803,3918),(3502,1804,3918),(3503,1805,3918),(3504,1806,3918),(3505,1807,3918),(3506,1808,3918),(3507,1809,3918),(3508,1810,3918),(3509,1811,3918),(3510,1812,3918),(3511,1813,3918),(3512,1814,3918),(3513,1815,3918),(3514,1816,3918),(3515,901,4009),(3516,902,4009),(3517,903,4009),(3518,904,4009),(3519,905,4009),(3520,906,4009),(3521,907,4009),(3522,908,4009),(3523,909,4009),(3524,910,4009),(3525,911,4009),(3526,912,4009),(3527,913,4009),(3528,914,4009),(3529,915,4009),(3530,1001,4010),(3531,1002,4010),(3532,1003,4010),(3533,1004,4010),(3534,1005,4010),(3535,1101,4011),(3536,1102,4011),(3537,1103,4011),(3538,1104,4011),(3539,1105,4011),(3540,1106,4011),(3541,1107,4011),(3542,1108,4011),(3543,1109,4011),(3544,1110,4011),(3545,1111,4011),(3546,1112,4011),(3547,1113,4011),(3548,1114,4011),(3549,1115,4011),(3550,1116,4011),(3551,1117,4011),(3552,901,4109),(3553,902,4109),(3554,903,4109),(3555,904,4109),(3556,905,4109),(3557,906,4109),(3558,907,4109),(3559,908,4109),(3560,909,4109),(3561,910,4109),(3562,911,4109),(3563,912,4109),(3564,913,4109),(3565,914,4109),(3566,915,4109),(3567,1001,4110),(3568,1002,4110),(3569,1003,4110),(3570,1004,4110),(3571,1005,4110),(3572,1001,4110),(3573,1002,4110),(3574,1003,4110),(3575,1004,4110),(3576,1005,4110),(3577,1101,4111),(3578,1102,4111),(3579,1103,4111),(3580,1104,4111),(3581,1105,4111),(3582,1106,4111),(3583,1107,4111),(3584,1108,4111),(3585,1109,4111),(3586,1110,4111),(3587,1111,4111),(3588,1112,4111),(3589,1113,4111),(3590,1114,4111),(3591,1115,4111),(3592,1116,4111),(3593,1117,4111),(3594,1801,4118),(3595,1802,4118),(3596,1803,4118),(3597,1804,4118),(3598,1805,4118),(3599,1806,4118),(3600,1807,4118),(3601,1808,4118),(3602,1809,4118),(3603,1810,4118),(3604,1811,4118),(3605,1812,4118),(3606,1813,4118),(3607,1814,4118),(3608,1815,4118),(3609,1816,4118),(3610,1201,4112),(3611,1202,4112),(3612,1203,4112),(3613,1204,4112),(3614,1205,4112),(3615,1206,4112),(3616,1207,4112),(3617,1208,4112),(3618,1209,4112),(3619,1210,4112),(3620,1211,4112),(3621,1212,4112),(3622,1213,4112),(3623,1214,4112),(3624,1215,4112),(3625,1216,4112),(3626,1217,4112),(3627,1218,4112),(3628,1501,4115),(3629,1502,4115),(3630,1503,4115),(3631,1504,4115),(3632,1505,4115),(3633,1506,4115),(3634,1507,4115),(3635,1508,4115),(3636,1509,4115),(3637,1510,4115),(3638,1511,4115),(3639,1701,4117),(3640,1702,4117),(3641,1703,4117),(3642,1704,4117),(3643,1705,4117),(3644,1706,4117),(3645,1707,4117),(3646,1708,4117),(3647,1709,4117),(3648,1710,4117),(3649,1711,4117),(3650,1712,4117),(3651,1713,4117),(3652,2001,4120),(3653,2002,4120),(3654,2003,4120),(3655,2004,4120),(3656,2005,4120),(3657,2006,4120),(3658,2007,4120),(3659,2008,4120),(3660,2009,4120),(3661,2010,4120),(3662,2011,4120),(3663,2012,4120),(3664,2013,4120),(3665,2014,4120),(3666,2015,4120),(3667,2016,4120),(3668,2017,4120),(3669,2018,4120),(3670,2019,4120),(3671,2020,4120),(3672,2021,4120),(3673,2022,4120),(3674,2023,4120),(3675,2024,4120),(3676,2025,4120),(3677,2026,4120),(3678,2027,4120),(3679,2028,4120),(3680,2029,4120),(3681,2030,4120),(3682,2031,4120),(3683,2032,4120),(3684,1401,4014),(3685,1402,4014),(3686,1403,4014),(3687,1404,4014),(3688,1405,4014),(3689,1406,4014),(3690,1407,4014),(3691,1408,4014),(3692,1409,4014),(3693,1410,4014),(3694,1411,4014),(3695,1412,4014),(3696,1413,4014),(3697,1801,4018),(3698,1802,4018),(3699,1803,4018),(3700,1804,4018),(3701,1805,4018),(3702,1806,4018),(3703,1807,4018),(3704,1808,4018),(3705,1809,4018),(3706,1810,4018),(3707,1811,4018),(3708,1812,4018),(3709,1813,4018),(3710,1814,4018),(3711,1815,4018),(3712,1816,4018),(3713,901,4209),(3714,902,4209),(3715,903,4209),(3716,904,4209),(3717,905,4209),(3718,906,4209),(3719,907,4209),(3720,908,4209),(3721,909,4209),(3722,910,4209),(3723,911,4209),(3724,912,4209),(3725,913,4209),(3726,914,4209),(3727,915,4209),(3728,1001,4210),(3729,1002,4210),(3730,1003,4210),(3731,1004,4210),(3732,1005,4210),(3733,1101,4211),(3734,1102,4211),(3735,1103,4211),(3736,1104,4211),(3737,1105,4211),(3738,1106,4211),(3739,1107,4211),(3740,1108,4211),(3741,1109,4211),(3742,1110,4211),(3743,1111,4211),(3744,1112,4211),(3745,1113,4211),(3746,1114,4211),(3747,1115,4211),(3748,1116,4211),(3749,1117,4211),(3750,1401,4214),(3751,1402,4214),(3752,1403,4214),(3753,1404,4214),(3754,1405,4214),(3755,1406,4214),(3756,1407,4214),(3757,1408,4214),(3758,1409,4214),(3759,1410,4214),(3760,1411,4214),(3761,1412,4214),(3762,1413,4214),(3763,1801,4218),(3764,1802,4218),(3765,1803,4218),(3766,1804,4218),(3767,1805,4218),(3768,1806,4218),(3769,1807,4218),(3770,1808,4218),(3771,1809,4218),(3772,1810,4218),(3773,1811,4218),(3774,1812,4218),(3775,1813,4218),(3776,1814,4218),(3777,1815,4218),(3778,1816,4218),(3779,1201,4212),(3780,1202,4212),(3781,1203,4212),(3782,1204,4212),(3783,1205,4212),(3784,1206,4212),(3785,1207,4212),(3786,1208,4212),(3787,1209,4212),(3788,1210,4212),(3789,1211,4212),(3790,1212,4212),(3791,1213,4212),(3792,1214,4212),(3793,1215,4212),(3794,1216,4212),(3795,1217,4212),(3796,1218,4212),(3797,1501,4215),(3798,1502,4215),(3799,1503,4215),(3800,1504,4215),(3801,1505,4215),(3802,1506,4215),(3803,1507,4215),(3804,1508,4215),(3805,1509,4215),(3806,1510,4215),(3807,1511,4215),(3808,1701,4217),(3809,1702,4217),(3810,1703,4217),(3811,1704,4217),(3812,1705,4217),(3813,1706,4217),(3814,1707,4217),(3815,1708,4217),(3816,1709,4217),(3817,1710,4217),(3818,1711,4217),(3819,1712,4217),(3820,1713,4217),(3821,2001,4220),(3822,2002,4220),(3823,2003,4220),(3824,2004,4220),(3825,2005,4220),(3826,2006,4220),(3827,2007,4220),(3828,2008,4220),(3829,2009,4220),(3830,2010,4220),(3831,2011,4220),(3832,2012,4220),(3833,2013,4220),(3834,2014,4220),(3835,2015,4220),(3836,2016,4220),(3837,2017,4220),(3838,2018,4220),(3839,2019,4220),(3840,2020,4220),(3841,2021,4220),(3842,2022,4220),(3843,2023,4220),(3844,2024,4220),(3845,2025,4220),(3846,2026,4220),(3847,2027,4220),(3848,2028,4220),(3849,2029,4220),(3850,2030,4220),(3851,2031,4220),(3852,2032,4220),(3853,701,4307),(3854,702,4307),(3855,703,4307),(3856,704,4307),(3857,705,4307),(3858,706,4307),(3859,707,4307),(3860,708,4307),(3861,709,4307),(3862,710,4307),(3863,711,4307),(3864,712,4307),(3865,713,4307),(3866,714,4307),(3867,715,4307),(3868,1301,4313),(3869,1302,4313),(3870,1303,4313),(3871,1304,4313),(3872,1305,4313),(3873,1306,4313),(3874,1307,4313),(3875,1308,4313),(3876,1309,4313),(3877,1601,4316),(3878,1602,4316),(3879,1603,4316),(3880,1604,4316),(3881,1605,4316),(3882,1606,4316),(3883,1607,4316),(3884,1608,4316),(3885,1609,4316),(3886,1610,4316),(3887,1611,4316),(3888,1612,4316),(3889,1613,4316),(3890,1614,4316),(3891,1615,4316),(3892,1616,4316),(3893,1617,4316),(3894,1901,4319),(3895,1902,4319),(3896,1903,4319),(3897,1904,4319),(3898,1905,4319),(3899,1906,4319),(3900,1907,4319),(3901,1908,4319),(3902,1909,4319),(3903,1910,4319),(3904,1911,4319),(3905,1912,4319),(3906,1913,4319),(3907,101,4301),(3908,102,4301),(3909,103,4301),(3910,104,4301),(3911,105,4301),(3912,106,4301),(3913,107,4301),(3914,108,4301),(3915,109,4301),(3916,110,4301),(3917,111,4301),(3918,112,4301),(3919,113,4301),(3920,114,4301),(3921,115,4301),(3922,116,4301),(3923,117,4301),(3924,118,4301),(3925,119,4301),(3926,601,4306),(3927,602,4306),(3928,603,4306),(3929,604,4306),(3930,605,4306),(3931,606,4306),(3932,607,4306),(3933,608,4306),(3934,609,4306),(3935,610,4306),(3936,611,4306),(3937,501,4305),(3938,502,4305),(3939,503,4305),(3940,504,4305),(3941,505,4305),(3942,506,4305),(3943,507,4305),(3944,508,4305),(3945,509,4305),(3946,510,4305),(3947,511,4305),(3948,512,4305),(3949,513,4305),(3950,1201,4012),(3951,1202,4012),(3952,1203,4012),(3953,1204,4012),(3954,1205,4012),(3955,1206,4012),(3956,1207,4012),(3957,1208,4012),(3958,1209,4012),(3959,1210,4012),(3960,1211,4012),(3961,1212,4012),(3962,1213,4012),(3963,1214,4012),(3964,1215,4012),(3965,1216,4012),(3966,1217,4012),(3967,1218,4012),(3968,201,4302),(3969,202,4302),(3970,203,4302),(3971,204,4302),(3972,205,4302),(3973,206,4302),(3974,207,4302),(3975,208,4302),(3976,209,4302),(3977,210,4302),(3978,211,4302),(3979,212,4302),(3980,213,4302),(3981,214,4302),(3982,215,4302),(3983,216,4302),(3984,217,4302),(3985,218,4302),(3986,219,4302),(3987,220,4302),(3988,221,4302),(3989,222,4302),(3990,223,4302),(3991,224,4302),(3992,225,4302),(3993,226,4302),(3994,227,4302),(3995,228,4302),(3996,229,4302),(3997,230,4302),(3998,231,4302),(3999,232,4302),(4000,233,4302),(4001,1501,4015),(4002,1502,4015),(4003,1503,4015),(4004,1504,4015),(4005,1505,4015),(4006,1506,4015),(4007,1507,4015),(4008,1508,4015),(4009,1509,4015),(4010,1510,4015),(4011,1511,4015),(4012,1701,4017),(4013,1702,4017),(4014,1703,4017),(4015,1704,4017),(4016,1705,4017),(4017,1706,4017),(4018,1707,4017),(4019,1708,4017),(4020,1709,4017),(4021,1710,4017),(4022,1711,4017),(4023,1712,4017),(4024,1713,4017),(4025,2001,4020),(4026,2002,4020),(4027,2003,4020),(4028,2004,4020),(4029,2005,4020),(4030,2006,4020),(4031,2007,4020),(4032,2008,4020),(4033,2009,4020),(4034,2010,4020),(4035,2011,4020),(4036,2012,4020),(4037,2013,4020),(4038,2014,4020),(4039,2015,4020),(4040,2016,4020),(4041,2017,4020),(4042,2018,4020),(4043,2019,4020),(4044,2020,4020),(4045,2021,4020),(4046,2022,4020),(4047,2023,4020),(4048,2024,4020),(4049,2025,4020),(4050,2026,4020),(4051,2027,4020),(4052,2028,4020),(4053,2029,4020),(4054,2030,4020),(4055,2031,4020),(4056,2032,4020),(4057,701,4407),(4058,702,4407),(4059,703,4407),(4060,704,4407),(4061,705,4407),(4062,706,4407),(4063,707,4407),(4064,708,4407),(4065,709,4407),(4066,710,4407),(4067,711,4407),(4068,712,4407),(4069,713,4407),(4070,714,4407),(4071,715,4407),(4072,1301,4413),(4073,1302,4413),(4074,1303,4413),(4075,1304,4413),(4076,1305,4413),(4077,1306,4413),(4078,1307,4413),(4079,1308,4413),(4080,1309,4413),(4081,1601,4416),(4082,1602,4416),(4083,1603,4416),(4084,1604,4416),(4085,1605,4416),(4086,1606,4416),(4087,1607,4416),(4088,1608,4416),(4089,1609,4416),(4090,1610,4416),(4091,1611,4416),(4092,1612,4416),(4093,1613,4416),(4094,1614,4416),(4095,1615,4416),(4096,1616,4416),(4097,1617,4416),(4098,1901,4419),(4099,1902,4419),(4100,1903,4419),(4101,1904,4419),(4102,1905,4419),(4103,1906,4419),(4104,1907,4419),(4105,1908,4419),(4106,1909,4419),(4107,1910,4419),(4108,1911,4419),(4109,1912,4419),(4110,1913,4419),(4111,801,4408),(4112,802,4408),(4113,803,4408),(4114,804,4408),(4115,805,4408),(4116,806,4408),(4117,807,4408),(4118,808,4408),(4119,809,4408),(4120,810,4408),(4121,811,4408),(4122,812,4408),(4123,813,4408),(4124,814,4408),(4125,815,4408),(4126,101,4401),(4127,102,4401),(4128,103,4401),(4129,104,4401),(4130,105,4401),(4131,106,4401),(4132,107,4401),(4133,108,4401),(4134,109,4401),(4135,110,4401),(4136,111,4401),(4137,112,4401),(4138,113,4401),(4139,114,4401),(4140,115,4401),(4141,116,4401),(4142,117,4401),(4143,118,4401),(4144,119,4401),(4145,601,4406),(4146,602,4406),(4147,603,4406),(4148,604,4406),(4149,605,4406),(4150,606,4406),(4151,607,4406),(4152,608,4406),(4153,609,4406),(4154,610,4406),(4155,611,4406),(4156,501,4405),(4157,502,4405),(4158,503,4405),(4159,504,4405),(4160,505,4405),(4161,506,4405),(4162,507,4405),(4163,508,4405),(4164,509,4405),(4165,510,4405),(4166,511,4405),(4167,512,4405),(4168,513,4405),(4169,201,4402),(4170,202,4402),(4171,203,4402),(4172,204,4402),(4173,205,4402),(4174,206,4402),(4175,207,4402),(4176,208,4402),(4177,209,4402),(4178,210,4402),(4179,211,4402),(4180,212,4402),(4181,213,4402),(4182,214,4402),(4183,215,4402),(4184,216,4402),(4185,217,4402),(4186,218,4402),(4187,219,4402),(4188,220,4402),(4189,221,4402),(4190,222,4402),(4191,223,4402),(4192,224,4402),(4193,225,4402),(4194,226,4402),(4195,227,4402),(4196,228,4402),(4197,229,4402),(4198,230,4402),(4199,231,4402),(4200,232,4402),(4201,233,4402),(4202,901,4509),(4203,902,4509),(4204,903,4509),(4205,904,4509),(4206,905,4509),(4207,906,4509),(4208,907,4509),(4209,908,4509),(4210,909,4509),(4211,910,4509),(4212,911,4509),(4213,912,4509),(4214,913,4509),(4215,914,4509),(4216,915,4509),(4217,901,4509),(4218,902,4509),(4219,903,4509),(4220,904,4509),(4221,905,4509),(4222,906,4509),(4223,907,4509),(4224,908,4509),(4225,909,4509),(4226,910,4509),(4227,911,4509),(4228,912,4509),(4229,913,4509),(4230,914,4509),(4231,915,4509),(4232,1101,4511),(4233,1102,4511),(4234,1103,4511),(4235,1104,4511),(4236,1105,4511),(4237,1106,4511),(4238,1107,4511),(4239,1108,4511),(4240,1109,4511),(4241,1110,4511),(4242,1111,4511),(4243,1112,4511),(4244,1113,4511),(4245,1114,4511),(4246,1115,4511),(4247,1116,4511),(4248,1117,4511),(4279,901,4709),(4280,902,4709),(4281,903,4709),(4282,904,4709),(4283,905,4709),(4284,906,4709),(4285,907,4709),(4286,908,4709),(4287,909,4709),(4288,910,4709),(4289,911,4709),(4290,912,4709),(4291,913,4709),(4292,914,4709),(4293,915,4709),(4294,101,4801),(4295,102,4801),(4296,103,4801),(4297,104,4801),(4298,105,4801),(4299,106,4801),(4300,107,4801),(4301,108,4801),(4302,109,4801),(4303,110,4801),(4304,111,4801),(4305,112,4801),(4306,113,4801),(4307,114,4801),(4308,115,4801),(4309,116,4801),(4310,117,4801),(4311,118,4801),(4312,119,4801),(4313,1001,4710),(4314,1002,4710),(4315,1003,4710),(4316,1004,4710),(4317,1005,4710),(4318,1101,4711),(4319,1102,4711),(4320,1103,4711),(4321,1104,4711),(4322,1105,4711),(4323,1106,4711),(4324,1107,4711),(4325,1108,4711),(4326,1109,4711),(4327,1110,4711),(4328,1111,4711),(4329,1112,4711),(4330,1113,4711),(4331,1114,4711),(4332,1115,4711),(4333,1116,4711),(4334,1117,4711),(4335,601,4806),(4336,602,4806),(4337,603,4806),(4338,604,4806),(4339,605,4806),(4340,606,4806),(4341,607,4806),(4342,608,4806),(4343,609,4806),(4344,610,4806),(4345,611,4806),(4346,501,4805),(4347,502,4805),(4348,503,4805),(4349,504,4805),(4350,505,4805),(4351,506,4805),(4352,507,4805),(4353,508,4805),(4354,509,4805),(4355,510,4805),(4356,511,4805),(4357,512,4805),(4358,513,4805),(4359,201,4802),(4360,202,4802),(4361,203,4802),(4362,204,4802),(4363,205,4802),(4364,206,4802),(4365,207,4802),(4366,208,4802),(4367,209,4802),(4368,210,4802),(4369,211,4802),(4370,212,4802),(4371,213,4802),(4372,214,4802),(4373,215,4802),(4374,216,4802),(4375,217,4802),(4376,218,4802),(4377,219,4802),(4378,220,4802),(4379,221,4802),(4380,222,4802),(4381,223,4802),(4382,224,4802),(4383,225,4802),(4384,226,4802),(4385,227,4802),(4386,228,4802),(4387,229,4802),(4388,230,4802),(4389,231,4802),(4390,232,4802),(4391,233,4802),(4392,1401,4714),(4393,1402,4714),(4394,1403,4714),(4395,1404,4714),(4396,1405,4714),(4397,1406,4714),(4398,1407,4714),(4399,1408,4714),(4400,1409,4714),(4401,1410,4714),(4402,1411,4714),(4403,1412,4714),(4404,1413,4714),(4405,701,4807),(4406,702,4807),(4407,703,4807),(4408,704,4807),(4409,705,4807),(4410,706,4807),(4411,707,4807),(4412,708,4807),(4413,709,4807),(4414,710,4807),(4415,711,4807),(4416,712,4807),(4417,713,4807),(4418,714,4807),(4419,715,4807),(4420,1801,4718),(4421,1802,4718),(4422,1803,4718),(4423,1804,4718),(4424,1805,4718),(4425,1806,4718),(4426,1807,4718),(4427,1808,4718),(4428,1809,4718),(4429,1810,4718),(4430,1811,4718),(4431,1812,4718),(4432,1813,4718),(4433,1814,4718),(4434,1815,4718),(4435,1816,4718),(4436,1201,4712),(4437,1202,4712),(4438,1203,4712),(4439,1204,4712),(4440,1205,4712),(4441,1206,4712),(4442,1207,4712),(4443,1208,4712),(4444,1209,4712),(4445,1210,4712),(4446,1211,4712),(4447,1212,4712),(4448,1213,4712),(4449,1214,4712),(4450,1215,4712),(4451,1216,4712),(4452,1217,4712),(4453,1218,4712),(4454,1501,4715),(4455,1502,4715),(4456,1503,4715),(4457,1504,4715),(4458,1505,4715),(4459,1506,4715),(4460,1507,4715),(4461,1508,4715),(4462,1509,4715),(4463,1510,4715),(4464,1511,4715),(4465,1701,4717),(4466,1702,4717),(4467,1703,4717),(4468,1704,4717),(4469,1705,4717),(4470,1706,4717),(4471,1707,4717),(4472,1708,4717),(4473,1709,4717),(4474,1710,4717),(4475,1711,4717),(4476,1712,4717),(4477,1713,4717),(4478,1301,4813),(4479,1302,4813),(4480,1303,4813),(4481,1304,4813),(4482,1305,4813),(4483,1306,4813),(4484,1307,4813),(4485,1308,4813),(4486,1309,4813),(4487,2001,4720),(4488,2002,4720),(4489,2003,4720),(4490,2004,4720),(4491,2005,4720),(4492,2006,4720),(4493,2007,4720),(4494,2008,4720),(4495,2009,4720),(4496,2010,4720),(4497,2011,4720),(4498,2012,4720),(4499,2013,4720),(4500,2014,4720),(4501,2015,4720),(4502,2016,4720),(4503,2017,4720),(4504,2018,4720),(4505,2019,4720),(4506,2020,4720),(4507,2021,4720),(4508,2022,4720),(4509,2023,4720),(4510,2024,4720),(4511,2025,4720),(4512,2026,4720),(4513,2027,4720),(4514,2028,4720),(4515,2029,4720),(4516,2030,4720),(4517,2031,4720),(4518,2032,4720),(4519,1601,4816),(4520,1602,4816),(4521,1603,4816),(4522,1604,4816),(4523,1605,4816),(4524,1606,4816),(4525,1607,4816),(4526,1608,4816),(4527,1609,4816),(4528,1610,4816),(4529,1611,4816),(4530,1612,4816),(4531,1613,4816),(4532,1614,4816),(4533,1615,4816),(4534,1616,4816),(4535,1617,4816),(4536,1901,4819),(4537,1902,4819),(4538,1903,4819),(4539,1904,4819),(4540,1905,4819),(4541,1906,4819),(4542,1907,4819),(4543,1908,4819),(4544,1909,4819),(4545,1910,4819),(4546,1911,4819),(4547,1912,4819),(4548,1913,4819),(4549,801,4808),(4550,802,4808),(4551,803,4808),(4552,804,4808),(4553,805,4808),(4554,806,4808),(4555,807,4808),(4556,808,4808),(4557,809,4808),(4558,810,4808),(4559,811,4808),(4560,812,4808),(4561,813,4808),(4562,814,4808),(4563,815,4808),(4564,901,4909),(4565,902,4909),(4566,903,4909),(4567,904,4909),(4568,905,4909),(4569,906,4909),(4570,907,4909),(4571,908,4909),(4572,909,4909),(4573,910,4909),(4574,911,4909),(4575,912,4909),(4576,913,4909),(4577,914,4909),(4578,915,4909),(4579,1001,4910),(4580,1002,4910),(4581,1003,4910),(4582,1004,4910),(4583,1005,4910),(4584,101,5001),(4585,102,5001),(4586,103,5001),(4587,104,5001),(4588,105,5001),(4589,106,5001),(4590,107,5001),(4591,108,5001),(4592,109,5001),(4593,110,5001),(4594,111,5001),(4595,112,5001),(4596,113,5001),(4597,114,5001),(4598,115,5001),(4599,116,5001),(4600,117,5001),(4601,118,5001),(4602,119,5001),(4603,701,5107),(4604,702,5107),(4605,703,5107),(4606,704,5107),(4607,705,5107),(4608,706,5107),(4609,707,5107),(4610,708,5107),(4611,709,5107),(4612,710,5107),(4613,711,5107),(4614,712,5107),(4615,713,5107),(4616,714,5107),(4617,715,5107),(4618,1101,4911),(4619,1102,4911),(4620,1103,4911),(4621,1104,4911),(4622,1105,4911),(4623,1106,4911),(4624,1107,4911),(4625,1108,4911),(4626,1109,4911),(4627,1110,4911),(4628,1111,4911),(4629,1112,4911),(4630,1113,4911),(4631,1114,4911),(4632,1115,4911),(4633,1116,4911),(4634,1117,4911),(4635,601,5006),(4636,602,5006),(4637,603,5006),(4638,604,5006),(4639,605,5006),(4640,606,5006),(4641,607,5006),(4642,608,5006),(4643,609,5006),(4644,610,5006),(4645,611,5006),(4646,1401,4914),(4647,1402,4914),(4648,1403,4914),(4649,1404,4914),(4650,1405,4914),(4651,1406,4914),(4652,1407,4914),(4653,1408,4914),(4654,1409,4914),(4655,1410,4914),(4656,1411,4914),(4657,1412,4914),(4658,1413,4914),(4659,1301,5113),(4660,1302,5113),(4661,1303,5113),(4662,1304,5113),(4663,1305,5113),(4664,1306,5113),(4665,1307,5113),(4666,1308,5113),(4667,1309,5113),(4668,501,5005),(4669,502,5005),(4670,503,5005),(4671,504,5005),(4672,505,5005),(4673,506,5005),(4674,507,5005),(4675,508,5005),(4676,509,5005),(4677,510,5005),(4678,511,5005),(4679,512,5005),(4680,513,5005),(4681,1801,4918),(4682,1802,4918),(4683,1803,4918),(4684,1804,4918),(4685,1805,4918),(4686,1806,4918),(4687,1807,4918),(4688,1808,4918),(4689,1809,4918),(4690,1810,4918),(4691,1811,4918),(4692,1812,4918),(4693,1813,4918),(4694,1814,4918),(4695,1815,4918),(4696,1816,4918),(4697,1601,5116),(4698,1602,5116),(4699,1603,5116),(4700,1604,5116),(4701,1605,5116),(4702,1606,5116),(4703,1607,5116),(4704,1608,5116),(4705,1609,5116),(4706,1610,5116),(4707,1611,5116),(4708,1612,5116),(4709,1613,5116),(4710,1614,5116),(4711,1615,5116),(4712,1616,5116),(4713,1617,5116),(4714,101,5201),(4715,102,5201),(4716,103,5201),(4717,104,5201),(4718,105,5201),(4719,106,5201),(4720,107,5201),(4721,108,5201),(4722,109,5201),(4723,110,5201),(4724,111,5201),(4725,112,5201),(4726,113,5201),(4727,114,5201),(4728,115,5201),(4729,116,5201),(4730,117,5201),(4731,118,5201),(4732,119,5201),(4733,1201,5312),(4734,1202,5312),(4735,1203,5312),(4736,1204,5312),(4737,1205,5312),(4738,1206,5312),(4739,1207,5312),(4740,1208,5312),(4741,1209,5312),(4742,1210,5312),(4743,1211,5312),(4744,1212,5312),(4745,1213,5312),(4746,1214,5312),(4747,1215,5312),(4748,1216,5312),(4749,1217,5312),(4750,1218,5312),(4751,901,5409),(4752,902,5409),(4753,903,5409),(4754,904,5409),(4755,905,5409),(4756,906,5409),(4757,907,5409),(4758,908,5409),(4759,909,5409),(4760,910,5409),(4761,911,5409),(4762,912,5409),(4763,913,5409),(4764,914,5409),(4765,915,5409),(4766,701,5507),(4767,702,5507),(4768,703,5507),(4769,704,5507),(4770,705,5507),(4771,706,5507),(4772,707,5507),(4773,708,5507),(4774,709,5507),(4775,710,5507),(4776,711,5507),(4777,712,5507),(4778,713,5507),(4779,714,5507),(4780,715,5507),(4781,601,5206),(4782,602,5206),(4783,603,5206),(4784,604,5206),(4785,605,5206),(4786,606,5206),(4787,607,5206),(4788,608,5206),(4789,609,5206),(4790,610,5206),(4791,611,5206),(4792,1901,5119),(4793,1902,5119),(4794,1903,5119),(4795,1904,5119),(4796,1905,5119),(4797,1906,5119),(4798,1907,5119),(4799,1908,5119),(4800,1909,5119),(4801,1910,5119),(4802,1911,5119),(4803,1912,5119),(4804,1913,5119),(4805,201,5002),(4806,202,5002),(4807,203,5002),(4808,204,5002),(4809,205,5002),(4810,206,5002),(4811,207,5002),(4812,208,5002),(4813,209,5002),(4814,210,5002),(4815,211,5002),(4816,212,5002),(4817,213,5002),(4818,214,5002),(4819,215,5002),(4820,216,5002),(4821,217,5002),(4822,218,5002),(4823,219,5002),(4824,220,5002),(4825,221,5002),(4826,222,5002),(4827,223,5002),(4828,224,5002),(4829,225,5002),(4830,226,5002),(4831,227,5002),(4832,228,5002),(4833,229,5002),(4834,230,5002),(4835,231,5002),(4836,232,5002),(4837,233,5002),(4838,1201,4912),(4839,1202,4912),(4840,1203,4912),(4841,1204,4912),(4842,1205,4912),(4843,1206,4912),(4844,1207,4912),(4845,1208,4912),(4846,1209,4912),(4847,1210,4912),(4848,1211,4912),(4849,1212,4912),(4850,1213,4912),(4851,1214,4912),(4852,1215,4912),(4853,1216,4912),(4854,1217,4912),(4855,1218,4912),(4856,1001,5410),(4857,1002,5410),(4858,1003,5410),(4859,1004,5410),(4860,1005,5410),(4861,1501,5315),(4862,1502,5315),(4863,1503,5315),(4864,1504,5315),(4865,1505,5315),(4866,1506,5315),(4867,1507,5315),(4868,1508,5315),(4869,1509,5315),(4870,1510,5315),(4871,1511,5315),(4872,1201,5612),(4873,1202,5612),(4874,1203,5612),(4875,1204,5612),(4876,1205,5612),(4877,1206,5612),(4878,1207,5612),(4879,1208,5612),(4880,1209,5612),(4881,1210,5612),(4882,1211,5612),(4883,1212,5612),(4884,1213,5612),(4885,1214,5612),(4886,1215,5612),(4887,1216,5612),(4888,1217,5612),(4889,1218,5612),(4890,801,5108),(4891,802,5108),(4892,803,5108),(4893,804,5108),(4894,805,5108),(4895,806,5108),(4896,807,5108),(4897,808,5108),(4898,809,5108),(4899,810,5108),(4900,811,5108),(4901,812,5108),(4902,813,5108),(4903,814,5108),(4904,815,5108),(4905,1501,4915),(4906,1502,4915),(4907,1503,4915),(4908,1504,4915),(4909,1505,4915),(4910,1506,4915),(4911,1507,4915),(4912,1508,4915),(4913,1509,4915),(4914,1510,4915),(4915,1511,4915),(4916,1301,5513),(4917,1301,5513),(4918,1302,5513),(4919,1303,5513),(4920,1304,5513),(4921,1305,5513),(4922,1306,5513),(4923,1307,5513),(4924,1308,5513),(4925,1309,5513),(4926,501,5205),(4927,502,5205),(4928,503,5205),(4929,504,5205),(4930,505,5205),(4931,506,5205),(4932,507,5205),(4933,508,5205),(4934,509,5205),(4935,510,5205),(4936,511,5205),(4937,512,5205),(4938,513,5205),(4939,701,5007),(4940,702,5007),(4941,703,5007),(4942,704,5007),(4943,705,5007),(4944,706,5007),(4945,707,5007),(4946,708,5007),(4947,709,5007),(4948,710,5007),(4949,711,5007),(4950,712,5007),(4951,713,5007),(4952,714,5007),(4953,715,5007),(4954,1701,4917),(4955,1702,4917),(4956,1703,4917),(4957,1704,4917),(4958,1705,4917),(4959,1706,4917),(4960,1707,4917),(4961,1708,4917),(4962,1709,4917),(4963,1710,4917),(4964,1711,4917),(4965,1712,4917),(4966,1713,4917),(4967,1701,5317),(4968,1702,5317),(4969,1703,5317),(4970,1704,5317),(4971,1705,5317),(4972,1706,5317),(4973,1707,5317),(4974,1708,5317),(4975,1709,5317),(4976,1710,5317),(4977,1711,5317),(4978,1712,5317),(4979,1713,5317),(4980,1501,5615),(4981,1502,5615),(4982,1503,5615),(4983,1504,5615),(4984,1505,5615),(4985,1506,5615),(4986,1507,5615),(4987,1508,5615),(4988,1509,5615),(4989,1510,5615),(4990,1511,5615),(4991,1301,5013),(4992,1302,5013),(4993,1303,5013),(4994,1304,5013),(4995,1305,5013),(4996,1306,5013),(4997,1307,5013),(4998,1308,5013),(4999,1309,5013),(5000,101,5101),(5001,102,5101),(5002,103,5101),(5003,104,5101),(5004,105,5101),(5005,106,5101),(5006,107,5101),(5007,108,5101),(5008,109,5101),(5009,110,5101),(5010,111,5101),(5011,112,5101),(5012,113,5101),(5013,114,5101),(5014,115,5101),(5015,116,5101),(5016,117,5101),(5017,118,5101),(5018,119,5101),(5019,1101,5411),(5020,1102,5411),(5021,1103,5411),(5022,1104,5411),(5023,1105,5411),(5024,1106,5411),(5025,1107,5411),(5026,1108,5411),(5027,1109,5411),(5028,1110,5411),(5029,1111,5411),(5030,1112,5411),(5031,1113,5411),(5032,1114,5411),(5033,1115,5411),(5034,1116,5411),(5035,1117,5411),(5036,101,5701),(5037,102,5701),(5038,103,5701),(5039,104,5701),(5040,105,5701),(5041,106,5701),(5042,107,5701),(5043,108,5701),(5044,109,5701),(5045,110,5701),(5046,111,5701),(5047,112,5701),(5048,113,5701),(5049,114,5701),(5050,115,5701),(5051,116,5701),(5052,117,5701),(5053,118,5701),(5054,119,5701),(5055,601,5106),(5056,602,5106),(5057,603,5106),(5058,604,5106),(5059,605,5106),(5060,606,5106),(5061,607,5106),(5062,608,5106),(5063,609,5106),(5064,610,5106),(5065,611,5106),(5066,1601,5016),(5067,1602,5016),(5068,1603,5016),(5069,1604,5016),(5070,1605,5016),(5071,1606,5016),(5072,1607,5016),(5073,1608,5016),(5074,1609,5016),(5075,1610,5016),(5076,1611,5016),(5077,1612,5016),(5078,1613,5016),(5079,1614,5016),(5080,1615,5016),(5081,1616,5016),(5082,1617,5016),(5083,2001,4920),(5084,2002,4920),(5085,2003,4920),(5086,2004,4920),(5087,2005,4920),(5088,2006,4920),(5089,2007,4920),(5090,2008,4920),(5091,2009,4920),(5092,2010,4920),(5093,2011,4920),(5094,2012,4920),(5095,2013,4920),(5096,2014,4920),(5097,2015,4920),(5098,2016,4920),(5099,2017,4920),(5100,2018,4920),(5101,2019,4920),(5102,2020,4920),(5103,2021,4920),(5104,2022,4920),(5105,2023,4920),(5106,2024,4920),(5107,2025,4920),(5108,2026,4920),(5109,2027,4920),(5110,2028,4920),(5111,2029,4920),(5112,2030,4920),(5113,2031,4920),(5114,2032,4920),(5115,1701,5617),(5116,1702,5617),(5117,1703,5617),(5118,1704,5617),(5119,1705,5617),(5120,1706,5617),(5121,1707,5617),(5122,1708,5617),(5123,1709,5617),(5124,1710,5617),(5125,1711,5617),(5126,1712,5617),(5127,1713,5617),(5128,1601,5516),(5129,1602,5516),(5130,1603,5516),(5131,1604,5516),(5132,1605,5516),(5133,1606,5516),(5134,1607,5516),(5135,1608,5516),(5136,1609,5516),(5137,1610,5516),(5138,1611,5516),(5139,1612,5516),(5140,1613,5516),(5141,1614,5516),(5142,1615,5516),(5143,1616,5516),(5144,1617,5516),(5145,501,5105),(5146,502,5105),(5147,503,5105),(5148,504,5105),(5149,505,5105),(5150,506,5105),(5151,507,5105),(5152,508,5105),(5153,509,5105),(5154,510,5105),(5155,511,5105),(5156,512,5105),(5157,513,5105),(5158,2001,5320),(5159,2002,5320),(5160,2003,5320),(5161,2004,5320),(5162,2005,5320),(5163,2006,5320),(5164,2007,5320),(5165,2008,5320),(5166,2009,5320),(5167,2010,5320),(5168,2011,5320),(5169,2012,5320),(5170,2013,5320),(5171,2014,5320),(5172,2015,5320),(5173,2016,5320),(5174,2017,5320),(5175,2018,5320),(5176,2019,5320),(5177,2020,5320),(5178,2021,5320),(5179,2022,5320),(5180,2023,5320),(5181,2024,5320),(5182,2025,5320),(5183,2026,5320),(5184,2027,5320),(5185,2028,5320),(5186,2029,5320),(5187,2030,5320),(5188,2031,5320),(5189,2032,5320),(5190,1901,5019),(5191,1902,5019),(5192,1903,5019),(5193,1904,5019),(5194,1905,5019),(5195,1906,5019),(5196,1907,5019),(5197,1908,5019),(5198,1909,5019),(5199,1910,5019),(5200,1911,5019),(5201,1912,5019),(5202,1913,5019),(5203,201,5102),(5204,202,5102),(5205,203,5102),(5206,204,5102),(5207,205,5102),(5208,206,5102),(5209,207,5102),(5210,208,5102),(5211,209,5102),(5212,210,5102),(5213,211,5102),(5214,212,5102),(5215,213,5102),(5216,214,5102),(5217,215,5102),(5218,216,5102),(5219,217,5102),(5220,218,5102),(5221,219,5102),(5222,220,5102),(5223,221,5102),(5224,222,5102),(5225,223,5102),(5226,224,5102),(5227,225,5102),(5228,226,5102),(5229,227,5102),(5230,228,5102),(5231,229,5102),(5232,230,5102),(5233,231,5102),(5234,232,5102),(5235,233,5102),(5236,1901,5519),(5237,1901,5519),(5238,1902,5519),(5239,1903,5519),(5240,1904,5519),(5241,1905,5519),(5242,1906,5519),(5243,1907,5519),(5244,1908,5519),(5245,1909,5519),(5246,1910,5519),(5247,1911,5519),(5248,1912,5519),(5249,1913,5519),(5250,201,5202),(5251,202,5202),(5252,203,5202),(5253,204,5202),(5254,205,5202),(5255,206,5202),(5256,207,5202),(5257,208,5202),(5258,209,5202),(5259,210,5202),(5260,211,5202),(5261,212,5202),(5262,213,5202),(5263,214,5202),(5264,215,5202),(5265,216,5202),(5266,217,5202),(5267,218,5202),(5268,219,5202),(5269,220,5202),(5270,221,5202),(5271,222,5202),(5272,223,5202),(5273,224,5202),(5274,225,5202),(5275,226,5202),(5276,227,5202),(5277,228,5202),(5278,229,5202),(5279,230,5202),(5280,231,5202),(5281,232,5202),(5282,233,5202),(5283,801,5008),(5284,802,5008),(5285,803,5008),(5286,804,5008),(5287,805,5008),(5288,806,5008),(5289,807,5008),(5290,808,5008),(5291,809,5008),(5292,810,5008),(5293,811,5008),(5294,812,5008),(5295,813,5008),(5296,814,5008),(5297,815,5008),(5298,901,5309),(5299,902,5309),(5300,903,5309),(5301,904,5309),(5302,905,5309),(5303,906,5309),(5304,907,5309),(5305,908,5309),(5306,909,5309),(5307,910,5309),(5308,911,5309),(5309,912,5309),(5310,913,5309),(5311,914,5309),(5312,915,5309),(5313,1401,5414),(5314,1402,5414),(5315,1403,5414),(5316,1404,5414),(5317,1405,5414),(5318,1406,5414),(5319,1407,5414),(5320,1408,5414),(5321,1409,5414),(5322,1410,5414),(5323,1411,5414),(5324,1412,5414),(5325,1413,5414),(5326,2001,5620),(5327,2002,5620),(5328,2003,5620),(5329,2004,5620),(5330,2005,5620),(5331,2006,5620),(5332,2007,5620),(5333,2008,5620),(5334,2009,5620),(5335,2010,5620),(5336,2011,5620),(5337,2012,5620),(5338,2013,5620),(5339,2014,5620),(5340,2015,5620),(5341,2016,5620),(5342,2017,5620),(5343,2018,5620),(5344,2019,5620),(5345,2020,5620),(5346,2021,5620),(5347,2022,5620),(5348,2023,5620),(5349,2024,5620),(5350,2025,5620),(5351,2026,5620),(5352,2027,5620),(5353,2028,5620),(5354,2029,5620),(5355,2030,5620),(5356,2031,5620),(5357,2032,5620),(5358,1001,5310),(5359,1002,5310),(5360,1003,5310),(5361,1004,5310),(5362,1005,5310),(5363,701,5207),(5364,702,5207),(5365,703,5207),(5366,704,5207),(5367,705,5207),(5368,706,5207),(5369,707,5207),(5370,708,5207),(5371,709,5207),(5372,710,5207),(5373,711,5207),(5374,712,5207),(5375,713,5207),(5376,714,5207),(5377,715,5207),(5378,1301,5213),(5379,1302,5213),(5380,1303,5213),(5381,1304,5213),(5382,1305,5213),(5383,1306,5213),(5384,1307,5213),(5385,1308,5213),(5386,1309,5213),(5387,901,5609),(5388,902,5609),(5389,903,5609),(5390,904,5609),(5391,905,5609),(5392,906,5609),(5393,907,5609),(5394,908,5609),(5395,909,5609),(5396,910,5609),(5397,911,5609),(5398,912,5609),(5399,913,5609),(5400,914,5609),(5401,915,5609),(5402,601,5706),(5403,602,5706),(5404,603,5706),(5405,604,5706),(5406,605,5706),(5407,606,5706),(5408,607,5706),(5409,608,5706),(5410,609,5706),(5411,610,5706),(5412,611,5706),(5413,801,5508),(5414,801,5508),(5415,802,5508),(5416,803,5508),(5417,804,5508),(5418,805,5508),(5419,806,5508),(5420,807,5508),(5421,808,5508),(5422,809,5508),(5423,810,5508),(5424,811,5508),(5425,812,5508),(5426,813,5508),(5427,814,5508),(5428,815,5508),(5429,1001,5610),(5430,1002,5610),(5431,1003,5610),(5432,1004,5610),(5433,1005,5610),(5434,1101,5311),(5435,1102,5311),(5436,1103,5311),(5437,1104,5311),(5438,1105,5311),(5439,1106,5311),(5440,1107,5311),(5441,1108,5311),(5442,1109,5311),(5443,1110,5311),(5444,1111,5311),(5445,1112,5311),(5446,1113,5311),(5447,1114,5311),(5448,1115,5311),(5449,1116,5311),(5450,1117,5311),(5451,1801,5418),(5452,1802,5418),(5453,1803,5418),(5454,1804,5418),(5455,1805,5418),(5456,1806,5418),(5457,1807,5418),(5458,1808,5418),(5459,1809,5418),(5460,1810,5418),(5461,1811,5418),(5462,1812,5418),(5463,1813,5418),(5464,1814,5418),(5465,1815,5418),(5466,1816,5418),(5467,501,5705),(5468,502,5705),(5469,503,5705),(5470,504,5705),(5471,505,5705),(5472,506,5705),(5473,507,5705),(5474,508,5705),(5475,509,5705),(5476,510,5705),(5477,511,5705),(5478,512,5705),(5479,513,5705),(5480,1401,5314),(5481,1402,5314),(5482,1403,5314),(5483,1404,5314),(5484,1405,5314),(5485,1406,5314),(5486,1407,5314),(5487,1408,5314),(5488,1409,5314),(5489,1410,5314),(5490,1411,5314),(5491,1412,5314),(5492,1413,5314),(5493,1101,5611),(5494,1102,5611),(5495,1103,5611),(5496,1104,5611),(5497,1105,5611),(5498,1106,5611),(5499,1107,5611),(5500,1108,5611),(5501,1109,5611),(5502,1110,5611),(5503,1111,5611),(5504,1112,5611),(5505,1113,5611),(5506,1114,5611),(5507,1115,5611),(5508,1116,5611),(5509,1117,5611),(5510,101,5501),(5511,102,5501),(5512,103,5501),(5513,104,5501),(5514,105,5501),(5515,106,5501),(5516,107,5501),(5517,108,5501),(5518,109,5501),(5519,110,5501),(5520,111,5501),(5521,112,5501),(5522,113,5501),(5523,114,5501),(5524,115,5501),(5525,116,5501),(5526,117,5501),(5527,118,5501),(5528,119,5501),(5529,1201,5412),(5530,1202,5412),(5531,1203,5412),(5532,1204,5412),(5533,1205,5412),(5534,1206,5412),(5535,1207,5412),(5536,1208,5412),(5537,1209,5412),(5538,1210,5412),(5539,1211,5412),(5540,1212,5412),(5541,1213,5412),(5542,1214,5412),(5543,1215,5412),(5544,1216,5412),(5545,1217,5412),(5546,1218,5412),(5547,1601,5216),(5548,1602,5216),(5549,1603,5216),(5550,1604,5216),(5551,1605,5216),(5552,1606,5216),(5553,1607,5216),(5554,1608,5216),(5555,1609,5216),(5556,1610,5216),(5557,1611,5216),(5558,1612,5216),(5559,1613,5216),(5560,1614,5216),(5561,1615,5216),(5562,1616,5216),(5563,1617,5216),(5564,1801,5318),(5565,1802,5318),(5566,1803,5318),(5567,1804,5318),(5568,1805,5318),(5569,1806,5318),(5570,1807,5318),(5571,1808,5318),(5572,1809,5318),(5573,1810,5318),(5574,1811,5318),(5575,1812,5318),(5576,1813,5318),(5577,1814,5318),(5578,1815,5318),(5579,1816,5318),(5580,601,5506),(5581,601,5506),(5582,602,5506),(5583,603,5506),(5584,604,5506),(5585,605,5506),(5586,606,5506),(5587,607,5506),(5588,608,5506),(5589,609,5506),(5590,610,5506),(5591,611,5506),(5592,1401,5614),(5593,1402,5614),(5594,1403,5614),(5595,1404,5614),(5596,1405,5614),(5597,1406,5614),(5598,1407,5614),(5599,1408,5614),(5600,1409,5614),(5601,1410,5614),(5602,1411,5614),(5603,1412,5614),(5604,1413,5614),(5605,1501,5415),(5606,1502,5415),(5607,1503,5415),(5608,1504,5415),(5609,1505,5415),(5610,1506,5415),(5611,1507,5415),(5612,1508,5415),(5613,1509,5415),(5614,1510,5415),(5615,1511,5415),(5616,1901,5219),(5617,1902,5219),(5618,1903,5219),(5619,1904,5219),(5620,1905,5219),(5621,1906,5219),(5622,1907,5219),(5623,1908,5219),(5624,1909,5219),(5625,1910,5219),(5626,1911,5219),(5627,1912,5219),(5628,1913,5219),(5629,201,5702),(5630,202,5702),(5631,203,5702),(5632,204,5702),(5633,205,5702),(5634,206,5702),(5635,207,5702),(5636,208,5702),(5637,209,5702),(5638,210,5702),(5639,211,5702),(5640,212,5702),(5641,213,5702),(5642,214,5702),(5643,215,5702),(5644,216,5702),(5645,217,5702),(5646,218,5702),(5647,219,5702),(5648,220,5702),(5649,221,5702),(5650,222,5702),(5651,223,5702),(5652,224,5702),(5653,225,5702),(5654,226,5702),(5655,227,5702),(5656,228,5702),(5657,229,5702),(5658,230,5702),(5659,231,5702),(5660,232,5702),(5661,233,5702),(5662,501,5505),(5663,501,5505),(5664,502,5505),(5665,503,5505),(5666,504,5505),(5667,505,5505),(5668,506,5505),(5669,507,5505),(5670,508,5505),(5671,509,5505),(5672,510,5505),(5673,511,5505),(5674,512,5505),(5675,513,5505),(5676,1801,5618),(5677,1802,5618),(5678,1803,5618),(5679,1804,5618),(5680,1805,5618),(5681,1806,5618),(5682,1807,5618),(5683,1808,5618),(5684,1809,5618),(5685,1810,5618),(5686,1811,5618),(5687,1812,5618),(5688,1813,5618),(5689,1814,5618),(5690,1815,5618),(5691,1816,5618),(5692,1701,5417),(5693,1702,5417),(5694,1703,5417),(5695,1704,5417),(5696,1705,5417),(5697,1706,5417),(5698,1707,5417),(5699,1708,5417),(5700,1709,5417),(5701,1710,5417),(5702,1711,5417),(5703,1712,5417),(5704,1713,5417),(5705,801,5208),(5706,802,5208),(5707,803,5208),(5708,804,5208),(5709,805,5208),(5710,806,5208),(5711,807,5208),(5712,808,5208),(5713,809,5208),(5714,810,5208),(5715,811,5208),(5716,812,5208),(5717,813,5208),(5718,814,5208),(5719,815,5208),(5720,701,5707),(5721,702,5707),(5722,703,5707),(5723,704,5707),(5724,705,5707),(5725,706,5707),(5726,707,5707),(5727,708,5707),(5728,709,5707),(5729,710,5707),(5730,711,5707),(5731,712,5707),(5732,713,5707),(5733,714,5707),(5734,715,5707),(5735,201,5502),(5736,201,5502),(5737,202,5502),(5738,203,5502),(5739,204,5502),(5740,205,5502),(5741,206,5502),(5742,207,5502),(5743,208,5502),(5744,209,5502),(5745,210,5502),(5746,211,5502),(5747,212,5502),(5748,213,5502),(5749,214,5502),(5750,215,5502),(5751,216,5502),(5752,217,5502),(5753,218,5502),(5754,219,5502),(5755,220,5502),(5756,221,5502),(5757,222,5502),(5758,223,5502),(5759,224,5502),(5760,225,5502),(5761,226,5502),(5762,227,5502),(5763,228,5502),(5764,229,5502),(5765,230,5502),(5766,231,5502),(5767,232,5502),(5768,233,5502),(5769,2001,5420),(5770,2002,5420),(5771,2003,5420),(5772,2004,5420),(5773,2005,5420),(5774,2006,5420),(5775,2007,5420),(5776,2008,5420),(5777,2009,5420),(5778,2010,5420),(5779,2011,5420),(5780,2012,5420),(5781,2013,5420),(5782,2014,5420),(5783,2015,5420),(5784,2016,5420),(5785,2017,5420),(5786,2018,5420),(5787,2019,5420),(5788,2020,5420),(5789,2021,5420),(5790,2022,5420),(5791,2023,5420),(5792,2024,5420),(5793,2025,5420),(5794,2026,5420),(5795,2027,5420),(5796,2028,5420),(5797,2029,5420),(5798,2030,5420),(5799,2031,5420),(5800,2032,5420),(5801,1301,5713),(5802,1302,5713),(5803,1303,5713),(5804,1304,5713),(5805,1305,5713),(5806,1306,5713),(5807,1307,5713),(5808,1308,5713),(5809,1309,5713),(5810,1601,5716),(5811,1602,5716),(5812,1603,5716),(5813,1604,5716),(5814,1605,5716),(5815,1606,5716),(5816,1607,5716),(5817,1608,5716),(5818,1609,5716),(5819,1610,5716),(5820,1611,5716),(5821,1612,5716),(5822,1613,5716),(5823,1614,5716),(5824,1615,5716),(5825,1616,5716),(5826,1617,5716),(5827,1901,5719),(5828,1902,5719),(5829,1903,5719),(5830,1904,5719),(5831,1905,5719),(5832,1906,5719),(5833,1907,5719),(5834,1908,5719),(5835,1909,5719),(5836,1910,5719),(5837,1911,5719),(5838,1912,5719),(5839,1913,5719),(5840,801,5708),(5841,802,5708),(5842,803,5708),(5843,804,5708),(5844,805,5708),(5845,806,5708),(5846,807,5708),(5847,808,5708),(5848,809,5708),(5849,810,5708),(5850,811,5708),(5851,812,5708),(5852,813,5708),(5853,814,5708),(5854,815,5708),(5855,1201,5812),(5856,1202,5812),(5857,1203,5812),(5858,1204,5812),(5859,1205,5812),(5860,1206,5812),(5861,1207,5812),(5862,1208,5812),(5863,1209,5812),(5864,1210,5812),(5865,1211,5812),(5866,1212,5812),(5867,1213,5812),(5868,1214,5812),(5869,1215,5812),(5870,1216,5812),(5871,1217,5812),(5872,1218,5812),(5873,1501,5815),(5874,1502,5815),(5875,1503,5815),(5876,1504,5815),(5877,1505,5815),(5878,1506,5815),(5879,1507,5815),(5880,1508,5815),(5881,1509,5815),(5882,1510,5815),(5883,1511,5815),(5884,1201,3912),(5885,1202,3912),(5886,1203,3912),(5887,1204,3912),(5888,1205,3912),(5889,1206,3912),(5890,1207,3912),(5891,1208,3912),(5892,1209,3912),(5893,1210,3912),(5894,1211,3912),(5895,1212,3912),(5896,1213,3912),(5897,1214,3912),(5898,1215,3912),(5899,1216,3912),(5900,1217,3912),(5901,1218,3912),(5902,1701,5817),(5903,1702,5817),(5904,1703,5817),(5905,1704,5817),(5906,1705,5817),(5907,1706,5817),(5908,1707,5817),(5909,1708,5817),(5910,1709,5817),(5911,1710,5817),(5912,1711,5817),(5913,1712,5817),(5914,1713,5817),(5915,1501,3915),(5916,1502,3915),(5917,1503,3915),(5918,1504,3915),(5919,1505,3915),(5920,1506,3915),(5921,1507,3915),(5922,1508,3915),(5923,1509,3915),(5924,1510,3915),(5925,1511,3915),(5926,2001,5820),(5927,2002,5820),(5928,2003,5820),(5929,2004,5820),(5930,2005,5820),(5931,2006,5820),(5932,2007,5820),(5933,2008,5820),(5934,2009,5820),(5935,2010,5820),(5936,2011,5820),(5937,2012,5820),(5938,2013,5820),(5939,2014,5820),(5940,2015,5820),(5941,2016,5820),(5942,2017,5820),(5943,2018,5820),(5944,2019,5820),(5945,2020,5820),(5946,2021,5820),(5947,2022,5820),(5948,2023,5820),(5949,2024,5820),(5950,2025,5820),(5951,2026,5820),(5952,2027,5820),(5953,2028,5820),(5954,2029,5820),(5955,2030,5820),(5956,2031,5820),(5957,2032,5820),(5958,701,5907),(5959,702,5907),(5960,703,5907),(5961,704,5907),(5962,705,5907),(5963,706,5907),(5964,707,5907),(5965,708,5907),(5966,709,5907),(5967,710,5907),(5968,711,5907),(5969,712,5907),(5970,713,5907),(5971,714,5907),(5972,715,5907),(5973,1701,3917),(5974,1702,3917),(5975,1703,3917),(5976,1704,3917),(5977,1705,3917),(5978,1706,3917),(5979,1707,3917),(5980,1708,3917),(5981,1709,3917),(5982,1710,3917),(5983,1711,3917),(5984,1712,3917),(5985,1713,3917),(5986,901,5809),(5987,902,5809),(5988,903,5809),(5989,904,5809),(5990,905,5809),(5991,906,5809),(5992,907,5809),(5993,908,5809),(5994,909,5809),(5995,910,5809),(5996,911,5809),(5997,912,5809),(5998,913,5809),(5999,914,5809),(6000,915,5809),(6001,1001,5810),(6002,1002,5810),(6003,1003,5810),(6004,1004,5810),(6005,1005,5810),(6006,1101,5811),(6007,1102,5811),(6008,1103,5811),(6009,1104,5811),(6010,1105,5811),(6011,1106,5811),(6012,1107,5811),(6013,1108,5811),(6014,1109,5811),(6015,1110,5811),(6016,1111,5811),(6017,1112,5811),(6018,1113,5811),(6019,1114,5811),(6020,1115,5811),(6021,1116,5811),(6022,1117,5811),(6023,2001,3920),(6024,2002,3920),(6025,2003,3920),(6026,2004,3920),(6027,2005,3920),(6028,2006,3920),(6029,2007,3920),(6030,2008,3920),(6031,2009,3920),(6032,2010,3920),(6033,2011,3920),(6034,2012,3920),(6035,2013,3920),(6036,2014,3920),(6037,2015,3920),(6038,2016,3920),(6039,2017,3920),(6040,2018,3920),(6041,2019,3920),(6042,2020,3920),(6043,2021,3920),(6044,2022,3920),(6045,2023,3920),(6046,2024,3920),(6047,2025,3920),(6048,2026,3920),(6049,2027,3920),(6050,2028,3920),(6051,2029,3920),(6052,2030,3920),(6053,2031,3920),(6054,2032,3920),(6055,1401,5814),(6056,1402,5814),(6057,1403,5814),(6058,1404,5814),(6059,1405,5814),(6060,1406,5814),(6061,1407,5814),(6062,1408,5814),(6063,1409,5814),(6064,1410,5814),(6065,1411,5814),(6066,1412,5814),(6067,1413,5814),(6068,101,5901),(6069,102,5901),(6070,103,5901),(6071,104,5901),(6072,105,5901),(6073,106,5901),(6074,107,5901),(6075,108,5901),(6076,109,5901),(6077,110,5901),(6078,111,5901),(6079,112,5901),(6080,113,5901),(6081,114,5901),(6082,115,5901),(6083,116,5901),(6084,117,5901),(6085,118,5901),(6086,119,5901),(6087,901,6009),(6088,902,6009),(6089,903,6009),(6090,904,6009),(6091,905,6009),(6092,906,6009),(6093,907,6009),(6094,908,6009),(6095,909,6009),(6096,910,6009),(6097,911,6009),(6098,912,6009),(6099,913,6009),(6100,914,6009),(6101,915,6009),(6102,1001,6010),(6103,1002,6010),(6104,1003,6010),(6105,1004,6010),(6106,1005,6010),(6107,701,6107),(6108,702,6107),(6109,703,6107),(6110,704,6107),(6111,705,6107),(6112,706,6107),(6113,707,6107),(6114,708,6107),(6115,709,6107),(6116,710,6107),(6117,711,6107),(6118,712,6107),(6119,713,6107),(6120,714,6107),(6121,715,6107),(6122,1801,5818),(6123,1802,5818),(6124,1803,5818),(6125,1804,5818),(6126,1805,5818),(6127,1806,5818),(6128,1807,5818),(6129,1808,5818),(6130,1809,5818),(6131,1810,5818),(6132,1811,5818),(6133,1812,5818),(6134,1813,5818),(6135,1814,5818),(6136,1815,5818),(6137,1816,5818),(6138,1301,6113),(6139,1302,6113),(6140,1303,6113),(6141,1304,6113),(6142,1305,6113),(6143,1306,6113),(6144,1307,6113),(6145,1308,6113),(6146,1309,6113),(6147,1101,6011),(6148,1102,6011),(6149,1103,6011),(6150,1104,6011),(6151,1105,6011),(6152,1106,6011),(6153,1107,6011),(6154,1108,6011),(6155,1109,6011),(6156,1110,6011),(6157,1111,6011),(6158,1112,6011),(6159,1113,6011),(6160,1114,6011),(6161,1115,6011),(6162,1116,6011),(6163,1117,6011),(6164,701,6207),(6165,702,6207),(6166,703,6207),(6167,704,6207),(6168,705,6207),(6169,706,6207),(6170,707,6207),(6171,708,6207),(6172,709,6207),(6173,710,6207),(6174,711,6207),(6175,712,6207),(6176,713,6207),(6177,714,6207),(6178,715,6207),(6179,101,6301),(6180,102,6301),(6181,103,6301),(6182,104,6301),(6183,105,6301),(6184,106,6301),(6185,107,6301),(6186,108,6301),(6187,109,6301),(6188,110,6301),(6189,111,6301),(6190,112,6301),(6191,113,6301),(6192,114,6301),(6193,115,6301),(6194,116,6301),(6195,117,6301),(6196,118,6301),(6197,119,6301),(6198,901,6409),(6199,902,6409),(6200,903,6409),(6201,904,6409),(6202,905,6409),(6203,906,6409),(6204,907,6409),(6205,908,6409),(6206,909,6409),(6207,910,6409),(6208,911,6409),(6209,912,6409),(6210,913,6409),(6211,914,6409),(6212,915,6409),(6213,1201,6512),(6214,1202,6512),(6215,1203,6512),(6216,1204,6512),(6217,1205,6512),(6218,1206,6512),(6219,1207,6512),(6220,1208,6512),(6221,1209,6512),(6222,1210,6512),(6223,1211,6512),(6224,1212,6512),(6225,1213,6512),(6226,1214,6512),(6227,1215,6512),(6228,1216,6512),(6229,1217,6512),(6230,1218,6512),(6231,1201,6612),(6232,1202,6612),(6233,1203,6612),(6234,1204,6612),(6235,1205,6612),(6236,1206,6612),(6237,1207,6612),(6238,1208,6612),(6239,1209,6612),(6240,1210,6612),(6241,1211,6612),(6242,1212,6612),(6243,1213,6612),(6244,1214,6612),(6245,1215,6612),(6246,1216,6612),(6247,1217,6612),(6248,1218,6612),(6249,1601,6116),(6250,1602,6116),(6251,1603,6116),(6252,1604,6116),(6253,1605,6116),(6254,1606,6116),(6255,1607,6116),(6256,1608,6116),(6257,1609,6116),(6258,1610,6116),(6259,1611,6116),(6260,1612,6116),(6261,1613,6116),(6262,1614,6116),(6263,1615,6116),(6264,1616,6116),(6265,1617,6116),(6266,1301,6213),(6267,1301,6213),(6268,1302,6213),(6269,1303,6213),(6270,1304,6213),(6271,1305,6213),(6272,1306,6213),(6273,1307,6213),(6274,1308,6213),(6275,1309,6213),(6276,1401,6014),(6277,1402,6014),(6278,1403,6014),(6279,1404,6014),(6280,1405,6014),(6281,1406,6014),(6282,1407,6014),(6283,1408,6014),(6284,1409,6014),(6285,1410,6014),(6286,1411,6014),(6287,1412,6014),(6288,1413,6014),(6289,1501,6615),(6290,1502,6615),(6291,1503,6615),(6292,1504,6615),(6293,1505,6615),(6294,1506,6615),(6295,1507,6615),(6296,1508,6615),(6297,1509,6615),(6298,1510,6615),(6299,1511,6615),(6300,1001,6410),(6301,1002,6410),(6302,1003,6410),(6303,1004,6410),(6304,1005,6410),(6305,1501,6515),(6306,1502,6515),(6307,1503,6515),(6308,1504,6515),(6309,1505,6515),(6310,1506,6515),(6311,1507,6515),(6312,1508,6515),(6313,1509,6515),(6314,1510,6515),(6315,1511,6515),(6316,601,6306),(6317,602,6306),(6318,603,6306),(6319,604,6306),(6320,605,6306),(6321,606,6306),(6322,607,6306),(6323,608,6306),(6324,609,6306),(6325,610,6306),(6326,611,6306),(6327,1801,6018),(6328,1802,6018),(6329,1803,6018),(6330,1804,6018),(6331,1805,6018),(6332,1806,6018),(6333,1807,6018),(6334,1808,6018),(6335,1809,6018),(6336,1810,6018),(6337,1811,6018),(6338,1812,6018),(6339,1813,6018),(6340,1814,6018),(6341,1815,6018),(6342,1816,6018),(6343,1701,6617),(6344,1702,6617),(6345,1703,6617),(6346,1704,6617),(6347,1705,6617),(6348,1706,6617),(6349,1707,6617),(6350,1708,6617),(6351,1709,6617),(6352,1710,6617),(6353,1711,6617),(6354,1712,6617),(6355,1713,6617),(6356,1901,6119),(6357,1902,6119),(6358,1903,6119),(6359,1904,6119),(6360,1905,6119),(6361,1906,6119),(6362,1907,6119),(6363,1908,6119),(6364,1909,6119),(6365,1910,6119),(6366,1911,6119),(6367,1912,6119),(6368,1913,6119),(6369,1701,6517),(6370,1702,6517),(6371,1703,6517),(6372,1704,6517),(6373,1705,6517),(6374,1706,6517),(6375,1707,6517),(6376,1708,6517),(6377,1709,6517),(6378,1710,6517),(6379,1711,6517),(6380,1712,6517),(6381,1713,6517),(6382,1101,6411),(6383,1102,6411),(6384,1103,6411),(6385,1104,6411),(6386,1105,6411),(6387,1106,6411),(6388,1107,6411),(6389,1108,6411),(6390,1109,6411),(6391,1110,6411),(6392,1111,6411),(6393,1112,6411),(6394,1113,6411),(6395,1114,6411),(6396,1115,6411),(6397,1116,6411),(6398,1117,6411),(6399,1601,6216),(6400,1602,6216),(6401,1603,6216),(6402,1604,6216),(6403,1605,6216),(6404,1606,6216),(6405,1607,6216),(6406,1608,6216),(6407,1609,6216),(6408,1610,6216),(6409,1611,6216),(6410,1612,6216),(6411,1613,6216),(6412,1614,6216),(6413,1615,6216),(6414,1616,6216),(6415,1617,6216),(6416,1201,6012),(6417,1202,6012),(6418,1203,6012),(6419,1204,6012),(6420,1205,6012),(6421,1206,6012),(6422,1207,6012),(6423,1208,6012),(6424,1209,6012),(6425,1210,6012),(6426,1211,6012),(6427,1212,6012),(6428,1213,6012),(6429,1214,6012),(6430,1215,6012),(6431,1216,6012),(6432,1217,6012),(6433,1218,6012),(6434,801,6108),(6435,802,6108),(6436,803,6108),(6437,804,6108),(6438,805,6108),(6439,806,6108),(6440,807,6108),(6441,808,6108),(6442,809,6108),(6443,810,6108),(6444,811,6108),(6445,812,6108),(6446,813,6108),(6447,814,6108),(6448,815,6108),(6449,501,6305),(6450,502,6305),(6451,503,6305),(6452,504,6305),(6453,505,6305),(6454,506,6305),(6455,507,6305),(6456,508,6305),(6457,509,6305),(6458,510,6305),(6459,511,6305),(6460,512,6305),(6461,513,6305),(6462,1501,6015),(6463,1502,6015),(6464,1503,6015),(6465,1504,6015),(6466,1505,6015),(6467,1506,6015),(6468,1507,6015),(6469,1508,6015),(6470,1509,6015),(6471,1510,6015),(6472,1511,6015),(6473,2001,6620),(6474,2002,6620),(6475,2003,6620),(6476,2004,6620),(6477,2005,6620),(6478,2006,6620),(6479,2007,6620),(6480,2008,6620),(6481,2009,6620),(6482,2010,6620),(6483,2011,6620),(6484,2012,6620),(6485,2013,6620),(6486,2014,6620),(6487,2015,6620),(6488,2016,6620),(6489,2017,6620),(6490,2018,6620),(6491,2019,6620),(6492,2020,6620),(6493,2021,6620),(6494,2022,6620),(6495,2023,6620),(6496,2024,6620),(6497,2025,6620),(6498,2026,6620),(6499,2027,6620),(6500,2028,6620),(6501,2029,6620),(6502,2030,6620),(6503,2031,6620),(6504,2032,6620),(6505,1901,6219),(6506,1902,6219),(6507,1903,6219),(6508,1904,6219),(6509,1905,6219),(6510,1906,6219),(6511,1907,6219),(6512,1908,6219),(6513,1909,6219),(6514,1910,6219),(6515,1911,6219),(6516,1912,6219),(6517,1913,6219),(6518,1701,6017),(6519,1702,6017),(6520,1703,6017),(6521,1704,6017),(6522,1705,6017),(6523,1706,6017),(6524,1707,6017),(6525,1708,6017),(6526,1709,6017),(6527,1710,6017),(6528,1711,6017),(6529,1712,6017),(6530,1713,6017),(6531,1801,6418),(6532,1802,6418),(6533,1803,6418),(6534,1804,6418),(6535,1805,6418),(6536,1806,6418),(6537,1807,6418),(6538,1808,6418),(6539,1809,6418),(6540,1810,6418),(6541,1811,6418),(6542,1812,6418),(6543,1813,6418),(6544,1814,6418),(6545,1815,6418),(6546,1816,6418),(6547,101,6101),(6548,102,6101),(6549,103,6101),(6550,104,6101),(6551,105,6101),(6552,106,6101),(6553,107,6101),(6554,108,6101),(6555,109,6101),(6556,110,6101),(6557,111,6101),(6558,112,6101),(6559,113,6101),(6560,114,6101),(6561,115,6101),(6562,116,6101),(6563,117,6101),(6564,118,6101),(6565,119,6101),(6566,901,6609),(6567,902,6609),(6568,903,6609),(6569,904,6609),(6570,905,6609),(6571,906,6609),(6572,907,6609),(6573,908,6609),(6574,909,6609),(6575,910,6609),(6576,911,6609),(6577,912,6609),(6578,913,6609),(6579,914,6609),(6580,915,6609),(6581,801,6208),(6582,802,6208),(6583,803,6208),(6584,804,6208),(6585,805,6208),(6586,806,6208),(6587,807,6208),(6588,808,6208),(6589,809,6208),(6590,810,6208),(6591,811,6208),(6592,812,6208),(6593,813,6208),(6594,814,6208),(6595,815,6208),(6596,2001,6020),(6597,2002,6020),(6598,2003,6020),(6599,2004,6020),(6600,2005,6020),(6601,2006,6020),(6602,2007,6020),(6603,2008,6020),(6604,2009,6020),(6605,2010,6020),(6606,2011,6020),(6607,2012,6020),(6608,2013,6020),(6609,2014,6020),(6610,2015,6020),(6611,2016,6020),(6612,2017,6020),(6613,2018,6020),(6614,2019,6020),(6615,2020,6020),(6616,2021,6020),(6617,2022,6020),(6618,2023,6020),(6619,2024,6020),(6620,2025,6020),(6621,2026,6020),(6622,2027,6020),(6623,2028,6020),(6624,2029,6020),(6625,2030,6020),(6626,2031,6020),(6627,2032,6020),(6628,1001,6610),(6629,1002,6610),(6630,1003,6610),(6631,1004,6610),(6632,1005,6610),(6633,1201,6412),(6634,1202,6412),(6635,1203,6412),(6636,1204,6412),(6637,1205,6412),(6638,1206,6412),(6639,1207,6412),(6640,1208,6412),(6641,1209,6412),(6642,1210,6412),(6643,1211,6412),(6644,1212,6412),(6645,1213,6412),(6646,1214,6412),(6647,1215,6412),(6648,1216,6412),(6649,1217,6412),(6650,1218,6412),(6651,1101,6611),(6652,1102,6611),(6653,1103,6611),(6654,1104,6611),(6655,1105,6611),(6656,1106,6611),(6657,1107,6611),(6658,1108,6611),(6659,1109,6611),(6660,1110,6611),(6661,1111,6611),(6662,1112,6611),(6663,1113,6611),(6664,1114,6611),(6665,1115,6611),(6666,1116,6611),(6667,1117,6611),(6668,701,6307),(6669,702,6307),(6670,703,6307),(6671,704,6307),(6672,705,6307),(6673,706,6307),(6674,707,6307),(6675,708,6307),(6676,709,6307),(6677,710,6307),(6678,711,6307),(6679,712,6307),(6680,713,6307),(6681,714,6307),(6682,715,6307),(6683,601,6106),(6684,602,6106),(6685,603,6106),(6686,604,6106),(6687,605,6106),(6688,606,6106),(6689,607,6106),(6690,608,6106),(6691,609,6106),(6692,610,6106),(6693,611,6106),(6694,101,6201),(6695,102,6201),(6696,103,6201),(6697,104,6201),(6698,105,6201),(6699,106,6201),(6700,107,6201),(6701,108,6201),(6702,109,6201),(6703,110,6201),(6704,111,6201),(6705,112,6201),(6706,113,6201),(6707,114,6201),(6708,115,6201),(6709,116,6201),(6710,117,6201),(6711,118,6201),(6712,119,6201),(6713,1501,6415),(6714,1502,6415),(6715,1503,6415),(6716,1504,6415),(6717,1505,6415),(6718,1506,6415),(6719,1507,6415),(6720,1508,6415),(6721,1509,6415),(6722,1510,6415),(6723,1511,6415),(6724,501,6105),(6725,502,6105),(6726,503,6105),(6727,504,6105),(6728,505,6105),(6729,506,6105),(6730,507,6105),(6731,508,6105),(6732,509,6105),(6733,510,6105),(6734,511,6105),(6735,512,6105),(6736,513,6105),(6737,2001,6520),(6738,2002,6520),(6739,2003,6520),(6740,2004,6520),(6741,2005,6520),(6742,2006,6520),(6743,2007,6520),(6744,2008,6520),(6745,2009,6520),(6746,2010,6520),(6747,2011,6520),(6748,2012,6520),(6749,2013,6520),(6750,2014,6520),(6751,2015,6520),(6752,2016,6520),(6753,2017,6520),(6754,2018,6520),(6755,2019,6520),(6756,2020,6520),(6757,2021,6520),(6758,2022,6520),(6759,2023,6520),(6760,2024,6520),(6761,2025,6520),(6762,2026,6520),(6763,2027,6520),(6764,2028,6520),(6765,2029,6520),(6766,2030,6520),(6767,2031,6520),(6768,2032,6520),(6769,601,6206),(6770,602,6206),(6771,603,6206),(6772,604,6206),(6773,605,6206),(6774,606,6206),(6775,607,6206),(6776,608,6206),(6777,609,6206),(6778,610,6206),(6779,611,6206),(6780,1301,6313),(6781,1302,6313),(6782,1303,6313),(6783,1304,6313),(6784,1305,6313),(6785,1306,6313),(6786,1307,6313),(6787,1308,6313),(6788,1309,6313),(6789,901,6509),(6790,902,6509),(6791,903,6509),(6792,904,6509),(6793,905,6509),(6794,906,6509),(6795,907,6509),(6796,908,6509),(6797,909,6509),(6798,910,6509),(6799,911,6509),(6800,912,6509),(6801,913,6509),(6802,914,6509),(6803,915,6509),(6804,201,6102),(6805,202,6102),(6806,203,6102),(6807,204,6102),(6808,205,6102),(6809,206,6102),(6810,207,6102),(6811,208,6102),(6812,209,6102),(6813,210,6102),(6814,211,6102),(6815,212,6102),(6816,213,6102),(6817,214,6102),(6818,215,6102),(6819,216,6102),(6820,217,6102),(6821,218,6102),(6822,219,6102),(6823,220,6102),(6824,221,6102),(6825,222,6102),(6826,223,6102),(6827,224,6102),(6828,225,6102),(6829,226,6102),(6830,227,6102),(6831,228,6102),(6832,229,6102),(6833,230,6102),(6834,231,6102),(6835,232,6102),(6836,233,6102),(6837,501,6205),(6838,502,6205),(6839,503,6205),(6840,504,6205),(6841,505,6205),(6842,506,6205),(6843,507,6205),(6844,508,6205),(6845,509,6205),(6846,510,6205),(6847,511,6205),(6848,512,6205),(6849,513,6205),(6850,1701,6417),(6851,1702,6417),(6852,1703,6417),(6853,1704,6417),(6854,1705,6417),(6855,1706,6417),(6856,1707,6417),(6857,1708,6417),(6858,1709,6417),(6859,1710,6417),(6860,1711,6417),(6861,1712,6417),(6862,1713,6417),(6863,1401,6614),(6864,1402,6614),(6865,1403,6614),(6866,1404,6614),(6867,1405,6614),(6868,1406,6614),(6869,1407,6614),(6870,1408,6614),(6871,1409,6614),(6872,1410,6614),(6873,1411,6614),(6874,1412,6614),(6875,1413,6614),(6876,901,6509),(6877,902,6509),(6878,903,6509),(6879,904,6509),(6880,905,6509),(6881,906,6509),(6882,907,6509),(6883,908,6509),(6884,909,6509),(6885,910,6509),(6886,911,6509),(6887,912,6509),(6888,913,6509),(6889,914,6509),(6890,915,6509),(6891,1801,6618),(6892,1802,6618),(6893,1803,6618),(6894,1804,6618),(6895,1805,6618),(6896,1806,6618),(6897,1807,6618),(6898,1808,6618),(6899,1809,6618),(6900,1810,6618),(6901,1811,6618),(6902,1812,6618),(6903,1813,6618),(6904,1814,6618),(6905,1815,6618),(6906,1816,6618),(6907,1001,6510),(6908,1002,6510),(6909,1003,6510),(6910,1004,6510),(6911,1005,6510),(6912,1601,6316),(6913,1601,6316),(6914,1602,6316),(6915,1603,6316),(6916,1604,6316),(6917,1605,6316),(6918,1606,6316),(6919,1607,6316),(6920,1608,6316),(6921,1609,6316),(6922,1610,6316),(6923,1611,6316),(6924,1612,6316),(6925,1613,6316),(6926,1614,6316),(6927,1615,6316),(6928,1616,6316),(6929,1617,6316),(6930,1101,6511),(6931,1102,6511),(6932,1103,6511),(6933,1104,6511),(6934,1105,6511),(6935,1106,6511),(6936,1107,6511),(6937,1108,6511),(6938,1109,6511),(6939,1110,6511),(6940,1111,6511),(6941,1112,6511),(6942,1113,6511),(6943,1114,6511),(6944,1115,6511),(6945,1116,6511),(6946,1117,6511),(6947,2001,6420),(6948,2002,6420),(6949,2003,6420),(6950,2004,6420),(6951,2005,6420),(6952,2006,6420),(6953,2007,6420),(6954,2008,6420),(6955,2009,6420),(6956,2010,6420),(6957,2011,6420),(6958,2012,6420),(6959,2013,6420),(6960,2014,6420),(6961,2015,6420),(6962,2016,6420),(6963,2017,6420),(6964,2018,6420),(6965,2019,6420),(6966,2020,6420),(6967,2021,6420),(6968,2022,6420),(6969,2023,6420),(6970,2024,6420),(6971,2025,6420),(6972,2026,6420),(6973,2027,6420),(6974,2028,6420),(6975,2029,6420),(6976,2030,6420),(6977,2031,6420),(6978,2032,6420),(6979,201,6202),(6980,202,6202),(6981,203,6202),(6982,204,6202),(6983,205,6202),(6984,206,6202),(6985,207,6202),(6986,208,6202),(6987,209,6202),(6988,210,6202),(6989,211,6202),(6990,212,6202),(6991,213,6202),(6992,214,6202),(6993,215,6202),(6994,216,6202),(6995,217,6202),(6996,218,6202),(6997,219,6202),(6998,220,6202),(6999,221,6202),(7000,222,6202),(7001,223,6202),(7002,224,6202),(7003,225,6202),(7004,226,6202),(7005,227,6202),(7006,228,6202),(7007,229,6202),(7008,230,6202),(7009,231,6202),(7010,232,6202),(7011,233,6202),(7012,1401,6514),(7013,1402,6514),(7014,1403,6514),(7015,1404,6514),(7016,1405,6514),(7017,1406,6514),(7018,1407,6514),(7019,1408,6514),(7020,1409,6514),(7021,1410,6514),(7022,1411,6514),(7023,1412,6514),(7024,1413,6514),(7025,1901,6319),(7026,1902,6319),(7027,1903,6319),(7028,1904,6319),(7029,1905,6319),(7030,1906,6319),(7031,1907,6319),(7032,1908,6319),(7033,1909,6319),(7034,1910,6319),(7035,1911,6319),(7036,1912,6319),(7037,1913,6319),(7038,801,6308),(7039,802,6308),(7040,803,6308),(7041,804,6308),(7042,805,6308),(7043,806,6308),(7044,807,6308),(7045,808,6308),(7046,809,6308),(7047,810,6308),(7048,811,6308),(7049,812,6308),(7050,813,6308),(7051,814,6308),(7052,815,6308),(7053,1801,6518),(7054,1802,6518),(7055,1803,6518),(7056,1804,6518),(7057,1805,6518),(7058,1806,6518),(7059,1807,6518),(7060,1808,6518),(7061,1809,6518),(7062,1810,6518),(7063,1811,6518),(7064,1812,6518),(7065,1813,6518),(7066,1814,6518),(7067,1815,6518),(7068,1816,6518);
/*!40000 ALTER TABLE `usability_tests_executions_interactionstepexecution` ENABLE KEYS */;
UNLOCK TABLES;

--
-- Table structure for table `usability_tests_executions_observation`
--

DROP TABLE IF EXISTS `usability_tests_executions_observation`;
/*!40101 SET @saved_cs_client     = @@character_set_client */;
/*!40101 SET character_set_client = utf8 */;
CREATE TABLE `usability_tests_executions_observation` (
  `id` int(11) NOT NULL AUTO_INCREMENT,
  `value` double NOT NULL,
  `observation_type_id` int(11) NOT NULL,
  `step_execution_id` int(11) NOT NULL,
  PRIMARY KEY (`id`),
  KEY `usabili_observation_type_id_6bd3131c_fk_tasks_observationtype_id` (`observation_type_id`),
  KEY `c5055f36387f79732e59aa0d5a5fb28b` (`step_execution_id`),
  CONSTRAINT `c5055f36387f79732e59aa0d5a5fb28b` FOREIGN KEY (`step_execution_id`) REFERENCES `usability_tests_executions_interactionstepexecution` (`id`),
  CONSTRAINT `usabili_observation_type_id_6bd3131c_fk_tasks_observationtype_id` FOREIGN KEY (`observation_type_id`) REFERENCES `tasks_observationtype` (`id`)
) ENGINE=InnoDB AUTO_INCREMENT=20479 DEFAULT CHARSET=latin1;
/*!40101 SET character_set_client = @saved_cs_client */;

--
-- Dumping data for table `usability_tests_executions_observation`
--

LOCK TABLES `usability_tests_executions_observation` WRITE;
/*!40000 ALTER TABLE `usability_tests_executions_observation` DISABLE KEYS */;
INSERT INTO `usability_tests_executions_observation` VALUES (8193,1,1,1),(8194,1,1,2),(8195,1,1,3),(8196,1,1,4),(8197,1,1,5),(8198,1,1,8),(8199,1,1,9),(8200,1,1,12),(8201,1,1,13),(8202,1,1,14),(8203,1,1,15),(8204,1,1,18),(8205,1,1,19),(8206,1,1,20),(8207,1,1,21),(8208,1,1,22),(8209,1,1,23),(8210,1,1,24),(8211,1,1,25),(8212,1,1,28),(8213,1,1,31),(8214,1,1,32),(8215,1,1,33),(8216,1,1,34),(8217,1,1,35),(8218,1,1,36),(8219,1,1,37),(8220,1,1,38),(8221,1,1,39),(8222,1,1,40),(8223,1,1,43),(8224,1,1,44),(8225,1,1,47),(8226,1,1,48),(8227,1,1,49),(8228,1,1,50),(8229,1,1,52),(8230,1,1,54),(8231,1,1,55),(8232,1,1,56),(8233,1,1,58),(8234,1,1,59),(8235,1,1,61),(8236,1,1,63),(8237,1,1,64),(8238,1,1,66),(8239,1,1,67),(8240,1,1,68),(8241,1,1,69),(8242,1,1,70),(8243,1,1,71),(8244,1,1,72),(8245,1,1,75),(8246,1,1,78),(8247,1,1,82),(8248,1,1,83),(8249,1,1,84),(8250,1,1,85),(8251,1,1,87),(8252,1,1,88),(8253,1,1,89),(8254,1,1,90),(8255,1,1,91),(8256,1,1,94),(8257,1,1,97),(8258,1,1,98),(8259,1,1,99),(8260,1,1,100),(8261,1,1,101),(8262,1,1,102),(8263,1,1,103),(8264,1,1,104),(8265,1,1,105),(8266,1,1,106),(8267,1,1,109),(8268,1,1,112),(8269,1,1,113),(8270,1,1,114),(8271,1,1,115),(8272,1,1,116),(8273,1,1,117),(8274,1,1,118),(8275,1,1,119),(8276,1,1,120),(8277,1,1,121),(8278,1,1,124),(8279,1,1,127),(8280,1,1,131),(8281,1,1,132),(8282,1,1,133),(8283,1,1,134),(8284,1,1,138),(8285,1,1,139),(8286,1,1,140),(8287,1,1,141),(8288,1,1,142),(8289,1,1,143),(8290,1,1,144),(8291,1,1,145),(8292,1,1,148),(8293,1,1,151),(8294,1,1,154),(8295,1,1,155),(8296,1,1,156),(8297,1,1,157),(8298,1,1,159),(8299,1,1,160),(8300,1,1,161),(8301,1,1,162),(8302,1,1,163),(8303,1,1,166),(8304,1,1,167),(8305,1,1,170),(8306,1,1,171),(8307,1,1,172),(8308,1,1,173),(8309,1,1,178),(8310,1,1,180),(8311,1,1,181),(8312,1,1,182),(8313,1,1,183),(8314,1,1,184),(8315,1,1,185),(8316,1,1,186),(8317,1,1,187),(8318,1,1,190),(8319,1,1,193),(8320,1,1,197),(8321,1,1,198),(8322,1,1,199),(8323,1,1,200),(8324,1,1,204),(8325,1,1,205),(8326,1,1,206),(8327,1,1,207),(8328,1,1,208),(8329,1,1,209),(8330,1,1,210),(8331,1,1,211),(8332,1,1,214),(8333,1,1,217),(8334,1,1,220),(8335,1,1,221),(8336,1,1,222),(8337,1,1,223),(8338,1,1,229),(8339,1,1,231),(8340,1,1,232),(8341,1,1,233),(8342,1,1,234),(8343,1,1,235),(8344,1,1,236),(8345,1,1,237),(8346,1,1,238),(8347,1,1,241),(8348,1,1,244),(8349,1,1,248),(8350,1,1,249),(8351,1,1,250),(8352,1,1,251),(8353,1,1,254),(8354,1,1,256),(8355,1,1,257),(8356,1,1,259),(8357,1,1,261),(8358,1,1,263),(8359,1,1,265),(8360,1,1,267),(8361,1,1,269),(8362,1,1,270),(8363,1,1,271),(8364,1,1,273),(8365,1,1,274),(8366,1,1,276),(8367,1,1,278),(8368,1,1,279),(8369,1,1,281),(8370,1,1,282),(8371,1,1,283),(8372,1,1,284),(8373,1,1,285),(8374,1,1,286),(8375,1,1,287),(8376,1,1,290),(8377,1,1,291),(8378,1,1,294),(8379,1,1,295),(8380,1,1,296),(8381,1,1,297),(8382,1,1,306),(8383,1,1,307),(8384,1,1,308),(8385,1,1,313),(8386,1,1,315),(8387,1,1,316),(8388,1,1,317),(8389,1,1,319),(8390,1,1,321),(8391,1,1,322),(8392,1,1,323),(8393,1,1,325),(8394,1,1,326),(8395,1,1,328),(8396,1,1,330),(8397,1,1,331),(8398,1,1,333),(8399,1,1,334),(8400,1,1,336),(8401,1,1,338),(8402,1,1,339),(8403,1,1,340),(8404,1,1,342),(8405,1,1,343),(8406,1,1,345),(8407,1,1,347),(8408,1,1,348),(8409,1,1,350),(8410,1,1,351),(8411,1,1,360),(8412,1,1,361),(8413,1,1,362),(8414,1,1,364),(8415,1,1,366),(8416,1,1,367),(8417,1,1,368),(8418,1,1,370),(8419,1,1,371),(8420,1,1,373),(8421,1,1,375),(8422,1,1,376),(8423,1,1,378),(8424,1,1,379),(8425,1,1,381),(8426,1,1,383),(8427,1,1,384),(8428,1,1,386),(8429,1,1,387),(8430,1,1,388),(8431,1,1,390),(8432,1,1,391),(8433,1,1,392),(8434,1,1,395),(8435,1,1,399),(8436,1,1,401),(8437,1,1,403),(8438,1,1,405),(8439,1,1,406),(8440,1,1,407),(8441,1,1,408),(8442,1,1,417),(8443,1,1,418),(8444,1,1,419),(8445,1,1,421),(8446,1,1,423),(8447,1,1,424),(8448,1,1,426),(8449,1,1,428),(8450,1,1,430),(8451,1,1,432),(8452,1,1,434),(8453,1,1,436),(8454,1,1,437),(8455,1,1,439),(8456,1,1,440),(8457,1,1,441),(8458,1,1,443),(8459,1,1,444),(8460,1,1,445),(8461,1,1,447),(8462,1,1,449),(8463,1,1,450),(8464,1,1,451),(8465,1,1,453),(8466,1,1,454),(8467,1,1,456),(8468,1,1,458),(8469,1,1,459),(8470,1,1,461),(8471,1,1,462),(8472,1,1,463),(8473,1,1,464),(8474,1,1,465),(8475,1,1,466),(8476,1,1,467),(8477,1,1,470),(8478,1,1,473),(8479,1,1,476),(8480,1,1,477),(8481,1,1,478),(8482,1,1,479),(8483,1,1,482),(8484,1,1,484),(8485,1,1,485),(8486,1,1,487),(8487,1,1,489),(8488,1,1,491),(8489,1,1,493),(8490,1,1,495),(8491,1,1,497),(8492,1,1,498),(8493,1,1,500),(8494,1,1,501),(8495,1,1,502),(8496,0,1,504),(8497,1,1,505),(8498,1,1,506),(8499,1,1,508),(8500,1,1,510),(8501,1,1,511),(8502,1,1,513),(8503,1,1,515),(8504,1,1,517),(8505,1,1,519),(8506,1,1,522),(8507,1,1,523),(8508,1,1,524),(8509,1,1,533),(8510,1,1,534),(8511,1,1,535),(8512,1,1,537),(8513,1,1,539),(8514,1,1,540),(8515,1,1,541),(8516,1,1,544),(8517,1,1,545),(8518,1,1,547),(8519,1,1,548),(8520,1,1,551),(8521,1,1,554),(8522,1,1,557),(8523,1,1,558),(8524,1,1,561),(8525,1,1,564),(8526,1,1,566),(8527,1,1,567),(8528,1,1,568),(8529,1,1,570),(8530,1,1,572),(8531,1,1,573),(8532,1,1,575),(8533,1,1,576),(8534,1,1,577),(8535,0,1,579),(8536,1,1,580),(8537,1,1,581),(8538,1,1,583),(8539,1,1,585),(8540,1,1,586),(8541,1,1,588),(8542,1,1,589),(8543,1,1,590),(8544,0,1,592),(8545,1,1,593),(8546,1,1,594),(8547,1,1,596),(8548,1,1,598),(8549,1,1,599),(8550,1,1,601),(8551,1,1,602),(8552,1,1,603),(8553,1,1,605),(8554,1,1,606),(8555,1,1,607),(8556,1,1,616),(8557,1,1,617),(8558,1,1,618),(8559,1,1,621),(8560,1,1,625),(8561,1,1,627),(8562,1,1,629),(8563,1,1,631),(8564,1,1,632),(8565,1,1,633),(8566,1,1,634),(8567,1,1,643),(8568,1,1,644),(8569,1,1,645),(8570,1,1,654),(8571,1,1,655),(8572,1,1,656),(8573,1,1,657),(8574,1,1,658),(8575,1,1,659),(8576,1,1,660),(8577,1,1,661),(8578,1,1,664),(8579,1,1,667),(8580,1,1,668),(8581,1,1,669),(8582,1,1,670),(8583,1,1,671),(8584,1,1,673),(8585,1,1,675),(8586,1,1,676),(8587,1,1,678),(8588,1,1,680),(8589,1,1,682),(8590,1,1,684),(8591,1,1,686),(8592,1,1,688),(8593,1,1,689),(8594,1,1,690),(8595,0,1,693),(8596,1,1,694),(8597,0,1,696),(8598,1,1,697),(8599,1,1,699),(8600,1,1,702),(8601,1,1,705),(8602,1,1,706),(8603,1,1,709),(8604,1,1,712),(8605,1,1,714),(8606,1,1,715),(8607,1,1,716),(8608,1,1,718),(8609,1,1,720),(8610,1,1,721),(8611,1,1,723),(8612,1,1,725),(8613,1,1,727),(8614,1,1,729),(8615,1,1,731),(8616,1,1,733),(8617,1,1,734),(8618,1,1,735),(8619,1,1,737),(8620,1,1,738),(8621,1,1,740),(8622,1,1,742),(8623,1,1,743),(8624,1,1,745),(8625,1,1,746),(8626,1,1,751),(8627,1,1,753),(8628,1,1,754),(8629,1,1,755),(8630,1,1,757),(8631,1,1,759),(8632,1,1,760),(8633,1,1,761),(8634,1,1,764),(8635,1,1,765),(8636,1,1,767),(8637,1,1,768),(8638,1,1,771),(8639,1,1,774),(8640,0,1,777),(8641,1,1,778),(8642,1,1,781),(8643,1,1,784),(8644,1,1,786),(8645,1,1,787),(8646,1,1,788),(8647,1,1,790),(8648,1,1,792),(8649,1,1,793),(8650,1,1,794),(8651,1,1,797),(8652,1,1,798),(8653,1,1,800),(8654,1,1,801),(8655,1,1,803),(8656,1,1,806),(8657,0,1,809),(8658,1,1,810),(8659,1,1,813),(8660,1,1,816),(8661,1,1,818),(8662,1,1,819),(8663,1,1,820),(8664,1,1,823),(8665,1,1,826),(8666,1,1,828),(8667,1,1,830),(8668,1,1,832),(8669,1,1,833),(8670,1,1,834),(8671,1,1,835),(8672,1,1,838),(8673,1,1,841),(8674,1,1,843),(8675,1,1,845),(8676,1,1,847),(8677,1,1,848),(8678,1,1,849),(8679,1,1,850),(8680,1,1,851),(8681,1,1,852),(8682,1,1,853),(8683,1,1,854),(8684,1,1,855),(8685,1,1,858),(8686,1,1,859),(8687,1,1,862),(8688,1,1,863),(8689,1,1,864),(8690,1,1,865),(8691,1,1,867),(8692,1,1,869),(8693,1,1,870),(8694,1,1,871),(8695,1,1,873),(8696,1,1,874),(8697,1,1,876),(8698,1,1,878),(8699,1,1,879),(8700,1,1,881),(8701,1,1,882),(8702,1,1,883),(8703,1,1,884),(8704,1,1,885),(8705,1,1,886),(8706,1,1,887),(8707,1,1,890),(8708,1,1,893),(8709,1,1,896),(8710,1,1,897),(8711,1,1,898),(8712,1,1,899),(8713,1,1,903),(8714,1,1,904),(8715,1,1,905),(8716,1,1,908),(8717,1,1,912),(8718,1,1,914),(8719,1,1,916),(8720,1,1,918),(8721,1,1,919),(8722,1,1,920),(8723,1,1,921),(8724,1,1,923),(8725,1,1,925),(8726,1,1,926),(8727,1,1,928),(8728,1,1,929),(8729,1,1,930),(8730,0,1,932),(8731,1,1,933),(8732,1,1,934),(8733,1,1,936),(8734,1,1,938),(8735,1,1,939),(8736,1,1,941),(8737,1,1,943),(8738,1,1,945),(8739,1,1,947),(8740,1,1,948),(8741,1,1,949),(8742,1,1,950),(8743,1,1,951),(8744,1,1,952),(8745,1,1,955),(8746,1,1,958),(8747,1,1,962),(8748,1,1,963),(8749,1,1,964),(8750,1,1,965),(8751,1,1,975),(8752,1,1,976),(8753,1,1,977),(8754,1,1,978),(8755,1,1,979),(8756,1,1,980),(8757,1,1,981),(8758,1,1,982),(8759,1,1,985),(8760,1,1,988),(8761,1,1,989),(8762,1,1,990),(8763,1,1,991),(8764,1,1,992),(8765,1,1,994),(8766,1,1,996),(8767,1,1,997),(8768,1,1,998),(8769,1,1,1001),(8770,1,1,1002),(8771,1,1,1004),(8772,1,1,1005),(8773,1,1,1008),(8774,1,1,1011),(8775,1,1,1014),(8776,1,1,1015),(8777,1,1,1018),(8778,1,1,1021),(8779,1,1,1023),(8780,1,1,1024),(8781,1,1,1025),(8782,1,1,1027),(8783,1,1,1029),(8784,1,1,1030),(8785,1,1,1031),(8786,1,1,1034),(8787,1,1,1035),(8788,1,1,1037),(8789,1,1,1038),(8790,1,1,1040),(8791,1,1,1043),(8792,0,1,1046),(8793,1,1,1047),(8794,1,1,1050),(8795,1,1,1053),(8796,1,1,1055),(8797,1,1,1056),(8798,1,1,1057),(8799,1,1,1059),(8800,1,1,1061),(8801,1,1,1062),(8802,1,1,1063),(8803,1,1,1065),(8804,1,1,1066),(8805,1,1,1068),(8806,1,1,1070),(8807,1,1,1071),(8808,1,1,1073),(8809,1,1,1074),(8810,1,1,1075),(8811,1,1,1076),(8812,1,1,1077),(8813,1,1,1078),(8814,1,1,1079),(8815,1,1,1082),(8816,1,1,1085),(8817,1,1,1088),(8818,1,1,1089),(8819,1,1,1090),(8820,1,1,1091),(8821,1,1,1094),(8822,1,1,1096),(8823,1,1,1097),(8824,1,1,1099),(8825,1,1,1100),(8826,1,1,1101),(8827,0,1,1103),(8828,1,1,1104),(8829,1,1,1105),(8830,1,1,1108),(8831,1,1,1111),(8832,1,1,1113),(8833,1,1,1115),(8834,1,1,1117),(8835,1,1,1118),(8836,1,1,1119),(8837,1,1,1120),(8838,1,1,1125),(8839,1,1,1127),(8840,1,1,1128),(8841,1,1,1129),(8842,1,1,1130),(8843,1,1,1131),(8844,1,1,1132),(8845,1,1,1133),(8846,1,1,1134),(8847,1,1,1137),(8848,1,1,1140),(8849,1,1,1144),(8850,1,1,1145),(8851,1,1,1146),(8852,1,1,1147),(8853,1,1,1151),(8854,1,1,1154),(8855,1,1,1156),(8856,1,1,1158),(8857,1,1,1160),(8858,1,1,1161),(8859,1,1,1162),(8860,1,1,1163),(8861,1,1,1164),(8862,1,1,1165),(8863,1,1,1166),(8864,1,1,1167),(8865,1,1,1168),(8866,1,1,1171),(8867,1,1,1174),(8868,1,1,1175),(8869,1,1,1176),(8870,1,1,1177),(8871,1,1,1178),(8872,1,1,1187),(8873,1,1,1188),(8874,1,1,1189),(8875,1,1,1191),(8876,1,1,1193),(8877,1,1,1194),(8878,1,1,1196),(8879,1,1,1198),(8880,1,1,1200),(8881,1,1,1202),(8882,1,1,1204),(8883,1,1,1206),(8884,1,1,1207),(8885,1,1,1209),(8886,1,1,1210),(8887,1,1,1211),(8888,1,1,1213),(8889,1,1,1214),(8890,1,1,1215),(8891,1,1,1216),(8892,1,1,1217),(8893,1,1,1218),(8894,1,1,1219),(8895,1,1,1220),(8896,1,1,1223),(8897,1,1,1224),(8898,1,1,1227),(8899,1,1,1228),(8900,1,1,1229),(8901,1,1,1230),(8902,1,1,1231),(8903,1,1,1232),(8904,1,1,1233),(8905,1,1,1234),(8906,1,1,1235),(8907,1,1,1238),(8908,1,1,1241),(8909,1,1,1245),(8910,1,1,1246),(8911,1,1,1247),(8912,1,1,1248),(8913,1,1,1258),(8914,1,1,1259),(8915,1,1,1260),(8916,1,1,1262),(8917,1,1,1264),(8918,1,1,1265),(8919,1,1,1266),(8920,1,1,1268),(8921,1,1,1269),(8922,1,1,1271),(8923,1,1,1273),(8924,1,1,1274),(8925,1,1,1276),(8926,1,1,1277),(8927,1,1,1279),(8928,1,1,1281),(8929,1,1,1282),(8930,1,1,1284),(8931,1,1,1286),(8932,1,1,1288),(8933,1,1,1290),(8934,1,1,1299),(8935,1,1,1300),(8936,1,1,1301),(8937,1,1,1310),(8938,1,1,1311),(8939,1,1,1312),(8940,1,1,1314),(8941,1,1,1316),(8942,1,1,1317),(8943,1,1,1319),(8944,1,1,1320),(8945,1,1,1321),(8946,1,1,1323),(8947,1,1,1324),(8948,1,1,1325),(8949,1,1,1327),(8950,1,1,1329),(8951,1,1,1330),(8952,1,1,1331),(8953,1,1,1334),(8954,1,1,1335),(8955,1,1,1337),(8956,1,1,1338),(8957,1,1,1340),(8958,1,1,1343),(8959,1,1,1346),(8960,1,1,1347),(8961,1,1,1350),(8962,1,1,1353),(8963,1,1,1355),(8964,1,1,1356),(8965,1,1,1357),(8966,1,1,1360),(8967,1,1,1361),(8968,1,1,1362),(8969,1,1,1364),(8970,1,1,1366),(8971,1,1,1367),(8972,1,1,1368),(8973,1,1,1371),(8974,1,1,1372),(8975,1,1,1374),(8976,1,1,1375),(8977,1,1,1378),(8978,1,1,1381),(8979,1,1,1384),(8980,1,1,1385),(8981,1,1,1388),(8982,1,1,1391),(8983,1,1,1393),(8984,1,1,1394),(8985,1,1,1395),(8986,1,1,1397),(8987,1,1,1399),(8988,1,1,1400),(8989,1,1,1402),(8990,1,1,1403),(8991,1,1,1404),(8992,1,1,1406),(8993,1,1,1407),(8994,1,1,1408),(8995,1,1,1410),(8996,1,1,1412),(8997,1,1,1413),(8998,1,1,1415),(8999,1,1,1417),(9000,1,1,1419),(9001,1,1,1421),(9002,1,1,1423),(9003,1,1,1425),(9004,1,1,1426),(9005,1,1,1427),(9006,1,1,1430),(9007,1,1,1431),(9008,1,1,1433),(9009,1,1,1434),(9010,1,1,1437),(9011,1,1,1440),(9012,1,1,1443),(9013,1,1,1444),(9014,1,1,1447),(9015,1,1,1450),(9016,1,1,1452),(9017,1,1,1453),(9018,1,1,1454),(9019,1,1,1459),(9020,1,1,1461),(9021,1,1,1462),(9022,1,1,1463),(9023,1,1,1466),(9024,1,1,1470),(9025,1,1,1472),(9026,1,1,1474),(9027,1,1,1476),(9028,1,1,1477),(9029,1,1,1478),(9030,1,1,1479),(9031,1,1,1481),(9032,1,1,1483),(9033,1,1,1484),(9034,1,1,1485),(9035,1,1,1487),(9036,1,1,1488),(9037,1,1,1490),(9038,1,1,1492),(9039,1,1,1493),(9040,1,1,1495),(9041,1,1,1496),(9042,1,1,1498),(9043,1,1,1500),(9044,1,1,1501),(9045,1,1,1502),(9046,1,1,1505),(9047,1,1,1506),(9048,1,1,1508),(9049,1,1,1509),(9050,1,1,1512),(9051,1,1,1515),(9052,0,1,1518),(9053,1,1,1519),(9054,1,1,1522),(9055,1,1,1525),(9056,1,1,1527),(9057,1,1,1528),(9058,1,1,1529),(9059,1,1,1531),(9060,1,1,1533),(9061,1,1,1534),(9062,1,1,1535),(9063,1,1,1538),(9064,1,1,1539),(9065,1,1,1541),(9066,1,1,1542),(9067,1,1,1544),(9068,1,1,1547),(9069,1,1,1550),(9070,1,1,1551),(9071,1,1,1554),(9072,1,1,1557),(9073,1,1,1559),(9074,1,1,1560),(9075,1,1,1561),(9076,1,1,1564),(9077,1,1,1567),(9078,1,1,1569),(9079,1,1,1571),(9080,1,1,1573),(9081,1,1,1574),(9082,1,1,1575),(9083,1,1,1576),(9084,1,1,1577),(9085,1,1,1578),(9086,1,1,1579),(9087,1,1,1580),(9088,1,1,1581),(9089,1,1,1584),(9090,1,1,1587),(9091,1,1,1588),(9092,1,1,1589),(9093,1,1,1590),(9094,1,1,1591),(9095,1,1,1594),(9096,1,1,1598),(9097,1,1,1600),(9098,1,1,1602),(9099,1,1,1604),(9100,1,1,1605),(9101,1,1,1606),(9102,1,1,1607),(9103,1,1,1609),(9104,1,1,1611),(9105,1,1,1612),(9106,1,1,1613),(9107,1,1,1616),(9108,1,1,1617),(9109,1,1,1619),(9110,1,1,1620),(9111,1,1,1622),(9112,1,1,1625),(9113,0,1,1628),(9114,1,1,1629),(9115,1,1,1632),(9116,1,1,1635),(9117,1,1,1637),(9118,1,1,1638),(9119,1,1,1639),(9120,1,1,1641),(9121,1,1,1643),(9122,1,1,1644),(9123,1,1,1645),(9124,1,1,1648),(9125,1,1,1649),(9126,1,1,1651),(9127,1,1,1652),(9128,1,1,1655),(9129,1,1,1658),(9130,1,1,1661),(9131,1,1,1662),(9132,1,1,1665),(9133,1,1,1668),(9134,1,1,1670),(9135,1,1,1671),(9136,1,1,1672),(9137,1,1,1674),(9138,1,1,1676),(9139,1,1,1677),(9140,1,1,1679),(9141,1,1,1681),(9142,1,1,1683),(9143,1,1,1685),(9144,1,1,1687),(9145,1,1,1689),(9146,1,1,1690),(9147,1,1,1692),(9148,1,1,1694),(9149,1,1,1696),(9150,1,1,1698),(9151,1,1,1703),(9152,1,1,1705),(9153,1,1,1706),(9154,1,1,1707),(9155,1,1,1708),(9156,1,1,1709),(9157,1,1,1710),(9158,1,1,1711),(9159,1,1,1712),(9160,1,1,1715),(9161,1,1,1718),(9162,1,1,1721),(9163,1,1,1722),(9164,1,1,1723),(9165,1,1,1724),(9166,1,1,1728),(9167,1,1,1732),(9168,1,1,1734),(9169,1,1,1736),(9170,1,1,1738),(9171,1,1,1739),(9172,1,1,1740),(9173,1,1,1741),(9174,1,1,1743),(9175,1,1,1745),(9176,1,1,1746),(9177,1,1,1747),(9178,1,1,1749),(9179,1,1,1750),(9180,1,1,1752),(9181,1,1,1754),(9182,1,1,1755),(9183,1,1,1757),(9184,1,1,1758),(9185,1,1,1767),(9186,1,1,1768),(9187,1,1,1769),(9188,1,1,1771),(9189,1,1,1773),(9190,1,1,1774),(9191,1,1,1776),(9192,1,1,1778),(9193,1,1,1780),(9194,1,1,1782),(9195,1,1,1784),(9196,1,1,1786),(9197,1,1,1787),(9198,1,1,1789),(9199,1,1,1790),(9200,1,1,1791),(9201,0,1,1793),(9202,1,1,1794),(9203,1,1,1795),(9204,1,1,1798),(9205,1,1,1801),(9206,1,1,1803),(9207,1,1,1805),(9208,1,1,1807),(9209,1,1,1808),(9210,1,1,1809),(9211,1,1,1810),(9212,1,1,1812),(9213,1,1,1814),(9214,1,1,1815),(9215,1,1,1816),(9216,1,1,1819),(9217,1,1,1820),(9218,0,1,1822),(9219,1,1,1823),(9220,1,1,1825),(9221,1,1,1828),(9222,0,1,1831),(9223,1,1,1832),(9224,1,1,1835),(9225,1,1,1838),(9226,1,1,1840),(9227,1,1,1841),(9228,1,1,1842),(9229,1,1,1843),(9230,1,1,1844),(9231,1,1,1845),(9232,1,1,1846),(9233,1,1,1847),(9234,1,1,1850),(9235,1,1,1853),(9236,1,1,1856),(9237,1,1,1857),(9238,1,1,1858),(9239,1,1,1859),(9240,1,1,1869),(9241,1,1,1870),(9242,1,1,1871),(9243,1,1,1873),(9244,1,1,1875),(9245,1,1,1876),(9246,1,1,1878),(9247,1,1,1879),(9248,1,1,1880),(9249,0,1,1882),(9250,1,1,1883),(9251,1,1,1884),(9252,1,1,1886),(9253,1,1,1888),(9254,1,1,1889),(9255,1,1,1890),(9256,1,1,1893),(9257,1,1,1894),(9258,0,1,1896),(9259,1,1,1897),(9260,1,1,1899),(9261,1,1,1902),(9262,1,1,1905),(9263,1,1,1906),(9264,1,1,1909),(9265,1,1,1912),(9266,1,1,1914),(9267,1,1,1915),(9268,1,1,1916),(9269,1,1,1917),(9270,1,1,1918),(9271,1,1,1919),(9272,1,1,1920),(9273,1,1,1921),(9274,1,1,1924),(9275,1,1,1925),(9276,1,1,1928),(9277,1,1,1929),(9278,1,1,1930),(9279,1,1,1931),(9280,1,1,1934),(9281,1,1,1935),(9282,1,1,1936),(9283,1,1,1938),(9284,1,1,1940),(9285,1,1,1941),(9286,1,1,1942),(9287,1,1,1944),(9288,1,1,1945),(9289,1,1,1947),(9290,1,1,1949),(9291,1,1,1950),(9292,1,1,1952),(9293,1,1,1953),(9294,1,1,1955),(9295,1,1,1957),(9296,1,1,1958),(9297,1,1,1960),(9298,1,1,1962),(9299,1,1,1964),(9300,1,1,1966),(9301,1,1,1969),(9302,1,1,1973),(9303,1,1,1975),(9304,1,1,1977),(9305,1,1,1979),(9306,1,1,1980),(9307,1,1,1981),(9308,1,1,1982),(9309,1,1,1983),(9310,1,1,1984),(9311,1,1,1985),(9312,1,1,1986),(9313,1,1,1987),(9314,1,1,1990),(9315,1,1,1993),(9316,1,1,1996),(9317,1,1,1997),(9318,1,1,1998),(9319,1,1,1999),(9320,1,1,2001),(9321,1,1,2002),(9322,1,1,2003),(9323,1,1,2004),(9324,1,1,2005),(9325,1,1,2008),(9326,1,1,2011),(9327,1,1,2015),(9328,1,1,2016),(9329,1,1,2017),(9330,1,1,2018),(9331,1,1,2020),(9332,1,1,2021),(9333,1,1,2022),(9334,1,1,2023),(9335,1,1,2024),(9336,1,1,2027),(9337,1,1,2030),(9338,1,1,2033),(9339,1,1,2034),(9340,1,1,2035),(9341,1,1,2036),(9342,1,1,2046),(9343,1,1,2047),(9344,1,1,2048),(9345,1,1,2049),(9346,1,1,2050),(9347,1,1,2051),(9348,1,1,2052),(9349,1,1,2053),(9350,1,1,2056),(9351,1,1,2059),(9352,1,1,2062),(9353,1,1,2063),(9354,1,1,2064),(9355,1,1,2065),(9356,1,1,2075),(9357,1,1,2076),(9358,1,1,2077),(9359,1,1,2079),(9360,1,1,2081),(9361,1,1,2082),(9362,1,1,2084),(9363,1,1,2085),(9364,1,1,2086),(9365,0,1,2088),(9366,1,1,2089),(9367,1,1,2090),(9368,1,1,2091),(9369,1,1,2092),(9370,1,1,2093),(9371,1,1,2094),(9372,1,1,2095),(9373,1,1,2098),(9374,1,1,2101),(9375,1,1,2102),(9376,1,1,2103),(9377,1,1,2104),(9378,1,1,2105),(9379,1,1,2114),(9380,1,1,2115),(9381,1,1,2116),(9382,1,1,2117),(9383,1,1,2118),(9384,1,1,2119),(9385,1,1,2120),(9386,1,1,2121),(9387,1,1,2124),(9388,1,1,2125),(9389,1,1,2128),(9390,1,1,2129),(9391,1,1,2130),(9392,1,1,2131),(9393,1,1,2133),(9394,1,1,2135),(9395,1,1,2136),(9396,1,1,2138),(9397,1,1,2139),(9398,1,1,2140),(9399,1,1,2142),(9400,1,1,2143),(9401,1,1,2144),(9402,1,1,2147),(9403,1,1,2148),(9404,1,1,2149),(9405,1,1,2150),(9406,1,1,2151),(9407,1,1,2152),(9408,1,1,2153),(9409,1,1,2154),(9410,1,1,2157),(9411,1,1,2160),(9412,1,1,2161),(9413,1,1,2162),(9414,1,1,2163),(9415,1,1,2164),(9416,1,1,2166),(9417,1,1,2168),(9418,1,1,2169),(9419,1,1,2171),(9420,1,1,2172),(9421,1,1,2173),(9422,1,1,2175),(9423,1,1,2176),(9424,1,1,2177),(9425,1,1,2179),(9426,1,1,2181),(9427,1,1,2182),(9428,1,1,2183),(9429,1,1,2185),(9430,1,1,2186),(9431,1,1,2188),(9432,1,1,2190),(9433,1,1,2191),(9434,1,1,2193),(9435,1,1,2194),(9436,1,1,2196),(9437,1,1,2198),(9438,1,1,2199),(9439,1,1,2200),(9440,1,1,2203),(9441,1,1,2204),(9442,1,1,2206),(9443,1,1,2207),(9444,1,1,2209),(9445,1,1,2212),(9446,0,1,2215),(9447,1,1,2216),(9448,1,1,2219),(9449,1,1,2222),(9450,1,1,2224),(9451,1,1,2225),(9452,1,1,2226),(9453,1,1,2228),(9454,1,1,2230),(9455,1,1,2231),(9456,1,1,2232),(9457,1,1,2235),(9458,1,1,2236),(9459,1,1,2238),(9460,1,1,2239),(9461,1,1,2242),(9462,1,1,2245),(9463,1,1,2248),(9464,1,1,2249),(9465,1,1,2252),(9466,1,1,2255),(9467,1,1,2257),(9468,1,1,2258),(9469,1,1,2259),(9470,1,1,2260),(9471,1,1,2261),(9472,1,1,2262),(9473,1,1,2263),(9474,1,1,2264),(9475,1,1,2267),(9476,1,1,2268),(9477,1,1,2271),(9478,1,1,2272),(9479,1,1,2273),(9480,1,1,2274),(9481,1,1,2277),(9482,1,1,2278),(9483,1,1,2279),(9484,1,1,2281),(9485,1,1,2283),(9486,1,1,2284),(9487,1,1,2285),(9488,1,1,2288),(9489,1,1,2289),(9490,0,1,2291),(9491,1,1,2292),(9492,1,1,2294),(9493,1,1,2297),(9494,0,1,2300),(9495,1,1,2301),(9496,1,1,2304),(9497,1,1,2307),(9498,1,1,2309),(9499,1,1,2310),(9500,1,1,2311),(9501,1,1,2312),(9502,1,1,2313),(9503,1,1,2314),(9504,1,1,2315),(9505,1,1,2316),(9506,1,1,2319),(9507,1,1,2322),(9508,1,1,2323),(9509,1,1,2324),(9510,1,1,2325),(9511,1,1,2326),(9512,1,1,2331),(9513,1,1,2333),(9514,1,1,2334),(9515,1,1,2335),(9516,1,1,2336),(9517,1,1,2337),(9518,1,1,2338),(9519,1,1,2339),(9520,1,1,2340),(9521,1,1,2343),(9522,1,1,2344),(9523,1,1,2347),(9524,1,1,2348),(9525,1,1,2349),(9526,1,1,2350),(9527,1,1,2352),(9528,1,1,2354),(9529,1,1,2355),(9530,1,1,2356),(9531,1,1,2358),(9532,1,1,2359),(9533,1,1,2361),(9534,1,1,2363),(9535,1,1,2364),(9536,1,1,2366),(9537,1,1,2367),(9538,1,1,2370),(9539,1,1,2371),(9540,1,1,2372),(9541,1,1,2374),(9542,1,1,2376),(9543,1,1,2377),(9544,1,1,2378),(9545,1,1,2380),(9546,1,1,2381),(9547,1,1,2383),(9548,1,1,2385),(9549,1,1,2386),(9550,1,1,2388),(9551,1,1,2389),(9552,1,1,2391),(9553,1,1,2393),(9554,1,1,2394),(9555,1,1,2395),(9556,1,1,2397),(9557,1,1,2398),(9558,1,1,2400),(9559,1,1,2402),(9560,1,1,2403),(9561,1,1,2405),(9562,1,1,2406),(9563,1,1,2408),(9564,1,1,2410),(9565,1,1,2411),(9566,1,1,2413),(9567,1,1,2415),(9568,1,1,2417),(9569,1,1,2419),(9570,1,1,2424),(9571,1,1,2426),(9572,1,1,2427),(9573,1,1,2428),(9574,1,1,2430),(9575,1,1,2432),(9576,1,1,2433),(9577,1,1,2435),(9578,1,1,2437),(9579,1,1,2439),(9580,1,1,2441),(9581,1,1,2443),(9582,1,1,2445),(9583,1,1,2446),(9584,1,1,2448),(9585,1,1,2450),(9586,1,1,2452),(9587,1,1,2454),(9588,1,1,2457),(9589,1,1,2461),(9590,1,1,2463),(9591,1,1,2465),(9592,1,1,2467),(9593,1,1,2468),(9594,1,1,2469),(9595,1,1,2470),(9596,1,1,2473),(9597,1,1,2476),(9598,1,1,2478),(9599,1,1,2480),(9600,1,1,2482),(9601,1,1,2483),(9602,1,1,2484),(9603,1,1,2485),(9604,1,1,2487),(9605,1,1,2489),(9606,1,1,2490),(9607,1,1,2491),(9608,1,1,2493),(9609,1,1,2494),(9610,1,1,2496),(9611,1,1,2498),(9612,1,1,2499),(9613,1,1,2501),(9614,1,1,2502),(9615,1,1,2504),(9616,1,1,2506),(9617,1,1,2507),(9618,1,1,2509),(9619,1,1,2511),(9620,1,1,2513),(9621,1,1,2515),(9622,1,1,2518),(9623,1,1,2522),(9624,1,1,2524),(9625,1,1,2526),(9626,1,1,2528),(9627,1,1,2529),(9628,1,1,2530),(9629,1,1,2531),(9630,1,1,2532),(9631,1,1,2533),(9632,1,1,2534),(9633,1,1,2535),(9634,1,1,2536),(9635,1,1,2539),(9636,1,1,2542),(9637,1,1,2545),(9638,1,1,2546),(9639,1,1,2547),(9640,1,1,2548),(9641,1,1,2552),(9642,1,1,2556),(9643,1,1,2558),(9644,1,1,2560),(9645,1,1,2562),(9646,1,1,2563),(9647,1,1,2564),(9648,1,1,2565),(9649,1,1,2574),(9650,1,1,2575),(9651,1,1,2576),(9652,1,1,2578),(9653,1,1,2580),(9654,1,1,2581),(9655,1,1,2583),(9656,1,1,2585),(9657,1,1,2587),(9658,1,1,2589),(9659,1,1,2591),(9660,1,1,2593),(9661,1,1,2594),(9662,1,1,2596),(9663,1,1,2597),(9664,1,1,2598),(9665,1,1,2600),(9666,1,1,2601),(9667,1,1,2602),(9668,1,1,2604),(9669,1,1,2606),(9670,1,1,2607),(9671,1,1,2608),(9672,1,1,2611),(9673,1,1,2612),(9674,0,1,2614),(9675,1,1,2615),(9676,1,1,2617),(9677,1,1,2620),(9678,0,1,2623),(9679,1,1,2624),(9680,1,1,2627),(9681,1,1,2630),(9682,1,1,2632),(9683,1,1,2633),(9684,1,1,2634),(9685,1,1,2637),(9686,1,1,2640),(9687,1,1,2642),(9688,1,1,2644),(9689,1,1,2646),(9690,1,1,2647),(9691,1,1,2648),(9692,1,1,2649),(9693,1,1,2650),(9694,1,1,2651),(9695,1,1,2652),(9696,1,1,2653),(9697,1,1,2654),(9698,1,1,2657),(9699,1,1,2660),(9700,1,1,2664),(9701,1,1,2665),(9702,1,1,2666),(9703,1,1,2667),(9704,1,1,2677),(9705,1,1,2678),(9706,1,1,2679),(9707,1,1,2681),(9708,1,1,2683),(9709,1,1,2684),(9710,1,1,2686),(9711,1,1,2687),(9712,1,1,2688),(9713,0,1,2690),(9714,1,1,2691),(9715,1,1,2692),(9716,1,1,2693),(9717,0,1,2694),(9718,1,1,2695),(9719,1,1,2696),(9720,1,1,2697),(9721,1,1,2700),(9722,1,1,2703),(9723,1,1,2706),(9724,1,1,2707),(9725,1,1,2708),(9726,1,1,2709),(9727,1,1,2711),(9728,1,1,2712),(9729,1,1,2713),(9730,1,1,2714),(9731,1,1,2715),(9732,1,1,2718),(9733,1,1,2721),(9734,1,1,2722),(9735,1,1,2723),(9736,1,1,2724),(9737,1,1,2725),(9738,1,1,2727),(9739,1,1,2729),(9740,1,1,2730),(9741,1,1,2731),(9742,1,1,2734),(9743,1,1,2735),(9744,0,1,2737),(9745,1,1,2738),(9746,1,1,2741),(9747,1,1,2744),(9748,1,1,2747),(9749,1,1,2748),(9750,1,1,2751),(9751,1,1,2754),(9752,1,1,2756),(9753,1,1,2757),(9754,1,1,2758),(9755,1,1,2759),(9756,1,1,2760),(9757,1,1,2761),(9758,1,1,2762),(9759,1,1,2763),(9760,1,1,2766),(9761,1,1,2769),(9762,1,1,2772),(9763,1,1,2773),(9764,1,1,2774),(9765,1,1,2775),(9766,1,1,2777),(9767,1,1,2778),(9768,1,1,2779),(9769,1,1,2780),(9770,1,1,2781),(9771,1,1,2784),(9772,1,1,2787),(9773,1,1,2788),(9774,1,1,2789),(9775,1,1,2790),(9776,1,1,2791),(9777,1,1,2800),(9778,1,1,2801),(9779,1,1,2802),(9780,1,1,2803),(9781,1,1,2804),(9782,1,1,2805),(9783,1,1,2806),(9784,1,1,2807),(9785,1,1,2810),(9786,1,1,2813),(9787,1,1,2814),(9788,1,1,2815),(9789,1,1,2816),(9790,1,1,2817),(9791,1,1,2822),(9792,1,1,2824),(9793,1,1,2825),(9794,1,1,2826),(9795,1,1,2828),(9796,1,1,2830),(9797,1,1,2831),(9798,1,1,2833),(9799,1,1,2834),(9800,1,1,2835),(9801,1,1,2837),(9802,1,1,2838),(9803,1,1,2839),(9804,1,1,2848),(9805,1,1,2849),(9806,1,1,2850),(9807,1,1,2852),(9808,1,1,2854),(9809,1,1,2855),(9810,1,1,2856),(9811,1,1,2858),(9812,1,1,2859),(9813,1,1,2861),(9814,1,1,2863),(9815,1,1,2864),(9816,1,1,2866),(9817,1,1,2867),(9818,1,1,2872),(9819,1,1,2874),(9820,1,1,2875),(9821,1,1,2876),(9822,1,1,2878),(9823,1,1,2880),(9824,1,1,2881),(9825,1,1,2883),(9826,1,1,2884),(9827,1,1,2885),(9828,1,1,2887),(9829,1,1,2888),(9830,1,1,2889),(9831,1,1,2891),(9832,1,1,2893),(9833,1,1,2894),(9834,1,1,2895),(9835,1,1,2897),(9836,1,1,2898),(9837,1,1,2900),(9838,1,1,2902),(9839,1,1,2903),(9840,1,1,2905),(9841,1,1,2906),(9842,1,1,2908),(9843,1,1,2910),(9844,1,1,2911),(9845,1,1,2913),(9846,1,1,2915),(9847,1,1,2917),(9848,1,1,2919),(9849,1,1,2921),(9850,1,1,2923),(9851,1,1,2924),(9852,1,1,2925),(9853,1,1,2928),(9854,1,1,2929),(9855,1,1,2931),(9856,1,1,2932),(9857,1,1,2934),(9858,1,1,2937),(9859,0,1,2940),(9860,1,1,2941),(9861,1,1,2944),(9862,1,1,2947),(9863,1,1,2949),(9864,1,1,2950),(9865,1,1,2951),(9866,1,1,2953),(9867,1,1,2955),(9868,1,1,2956),(9869,1,1,2958),(9870,1,1,2960),(9871,1,1,2962),(9872,1,1,2964),(9873,1,1,2965),(9874,0,1,2966),(9875,1,1,2967),(9876,1,1,2968),(9877,1,1,2969),(9878,1,1,2972),(9879,1,1,2973),(9880,1,1,2976),(9881,1,1,2977),(9882,1,1,2978),(9883,1,1,2979),(9884,1,1,2982),(9885,1,1,2985),(9886,1,1,2987),(9887,1,1,2989),(9888,1,1,2991),(9889,1,1,2992),(9890,1,1,2993),(9891,1,1,2994),(9892,1,1,2996),(9893,1,1,2998),(9894,1,1,2999),(9895,1,1,3000),(9896,1,1,3003),(9897,1,1,3004),(9898,0,1,3006),(9899,1,1,3007),(9900,1,1,3009),(9901,1,1,3012),(9902,1,1,3015),(9903,1,1,3016),(9904,1,1,3019),(9905,1,1,3022),(9906,1,1,3024),(9907,1,1,3025),(9908,1,1,3026),(9909,1,1,3029),(9910,1,1,3030),(9911,1,1,3031),(9912,1,1,3032),(9913,1,1,3033),(9914,1,1,3034),(9915,1,1,3035),(9916,1,1,3036),(9917,1,1,3039),(9918,1,1,3042),(9919,1,1,3046),(9920,1,1,3047),(9921,1,1,3048),(9922,1,1,3049),(9923,1,1,3051),(9924,1,1,3052),(9925,1,1,3053),(9926,1,1,3054),(9927,1,1,3055),(9928,1,1,3058),(9929,1,1,3059),(9930,1,1,3062),(9931,1,1,3063),(9932,1,1,3064),(9933,1,1,3065),(9934,1,1,3067),(9935,1,1,3069),(9936,1,1,3070),(9937,1,1,3071),(9938,1,1,3073),(9939,1,1,3074),(9940,1,1,3076),(9941,1,1,3078),(9942,1,1,3079),(9943,1,1,3081),(9944,1,1,3082),(9945,1,1,3091),(9946,1,1,3092),(9947,1,1,3093),(9948,1,1,3094),(9949,1,1,3095),(9950,1,1,3096),(9951,1,1,3097),(9952,1,1,3098),(9953,1,1,3101),(9954,1,1,3102),(9955,1,1,3105),(9956,1,1,3106),(9957,1,1,3107),(9958,1,1,3108),(9959,1,1,3111),(9960,1,1,3114),(9961,1,1,3116),(9962,1,1,3118),(9963,1,1,3120),(9964,1,1,3121),(9965,1,1,3122),(9966,1,1,3123),(9967,1,1,3125),(9968,1,1,3127),(9969,1,1,3128),(9970,1,1,3130),(9971,1,1,3131),(9972,1,1,3132),(9973,1,1,3134),(9974,1,1,3135),(9975,1,1,3136),(9976,1,1,3137),(9977,1,1,3138),(9978,1,1,3139),(9979,1,1,3140),(9980,1,1,3141),(9981,1,1,3144),(9982,1,1,3145),(9983,1,1,3148),(9984,1,1,3149),(9985,1,1,3150),(9986,1,1,3151),(9987,1,1,3153),(9988,1,1,3155),(9989,1,1,3156),(9990,1,1,3158),(9991,1,1,3160),(9992,1,1,3162),(9993,1,1,3164),(9994,1,1,3165),(9995,1,1,3166),(9996,1,1,3167),(9997,1,1,3168),(9998,1,1,3169),(9999,1,1,3172),(10000,1,1,3173),(10001,1,1,3176),(10002,1,1,3177),(10003,1,1,3178),(10004,1,1,3179),(10005,1,1,3181),(10006,1,1,3183),(10007,1,1,3184),(10008,1,1,3185),(10009,1,1,3188),(10010,1,1,3189),(10011,1,1,3191),(10012,1,1,3192),(10013,1,1,3195),(10014,1,1,3198),(10015,1,1,3201),(10016,1,1,3202),(10017,1,1,3205),(10018,1,1,3208),(10019,1,1,3210),(10020,1,1,3211),(10021,1,1,3212),(10022,1,1,3213),(10023,1,1,3214),(10024,1,1,3215),(10025,1,1,3216),(10026,1,1,3217),(10027,1,1,3220),(10028,1,1,3223),(10029,1,1,3227),(10030,1,1,3228),(10031,1,1,3229),(10032,1,1,3230),(10033,1,1,3234),(10034,1,1,3238),(10035,1,1,3240),(10036,1,1,3242),(10037,1,1,3244),(10038,1,1,3245),(10039,1,1,3246),(10040,1,1,3247),(10041,1,1,3256),(10042,1,1,3257),(10043,1,1,3258),(10044,1,1,3261),(10045,1,1,3262),(10046,1,1,3263),(10047,1,1,3265),(10048,1,1,3267),(10049,1,1,3268),(10050,1,1,3270),(10051,1,1,3271),(10052,1,1,3272),(10053,0,1,3274),(10054,1,1,3275),(10055,1,1,3276),(10056,1,1,3278),(10057,1,1,3280),(10058,1,1,3281),(10059,1,1,3282),(10060,1,1,3284),(10061,1,1,3285),(10062,1,1,3287),(10063,1,1,3289),(10064,1,1,3290),(10065,1,1,3292),(10066,1,1,3293),(10067,1,1,3295),(10068,0,1,3297),(10069,1,1,3298),(10070,1,1,3300),(10071,1,1,3302),(10072,0,1,3304),(10073,1,1,3306),(10074,1,1,3309),(10075,1,1,3313),(10076,1,1,3315),(10077,1,1,3317),(10078,1,1,3319),(10079,1,1,3320),(10080,1,1,3321),(10081,1,1,3322),(10082,1,1,3323),(10083,1,1,3324),(10084,1,1,3325),(10085,1,1,3326),(10086,1,1,3327),(10087,1,1,3330),(10088,1,1,3333),(10089,1,1,3336),(10090,1,1,3337),(10091,1,1,3338),(10092,1,1,3339),(10093,1,1,3349),(10094,1,1,3350),(10095,1,1,3351),(10096,1,1,3353),(10097,1,1,3355),(10098,1,1,3356),(10099,1,1,3358),(10100,1,1,3359),(10101,1,1,3360),(10102,0,1,3362),(10103,1,1,3363),(10104,1,1,3364),(10105,1,1,3366),(10106,1,1,3368),(10107,1,1,3369),(10108,1,1,3370),(10109,1,1,3373),(10110,1,1,3374),(10111,1,1,3376),(10112,1,1,3377),(10113,1,1,3379),(10114,1,1,3382),(10115,1,1,3385),(10116,1,1,3386),(10117,1,1,3389),(10118,1,1,3392),(10119,1,1,3394),(10120,1,1,3395),(10121,1,1,3396),(10122,1,1,3397),(10123,1,1,3398),(10124,1,1,3399),(10125,1,1,3400),(10126,1,1,3401),(10127,1,1,3404),(10128,1,1,3405),(10129,1,1,3408),(10130,1,1,3409),(10131,1,1,3410),(10132,1,1,3411),(10133,1,1,3414),(10134,1,1,3415),(10135,1,1,3416),(10136,1,1,3418),(10137,1,1,3420),(10138,1,1,3421),(10139,1,1,3422),(10140,1,1,3424),(10141,1,1,3425),(10142,1,1,3427),(10143,1,1,3429),(10144,1,1,3430),(10145,1,1,3432),(10146,1,1,3433),(10147,1,1,3436),(10148,1,1,3440),(10149,1,1,3442),(10150,1,1,3444),(10151,1,1,3446),(10152,1,1,3447),(10153,1,1,3448),(10154,1,1,3449),(10155,1,1,3456),(10156,1,1,3457),(10157,1,1,3460),(10158,1,1,3461),(10159,1,1,3462),(10160,1,1,3463),(10161,1,1,3466),(10162,1,1,3467),(10163,1,1,3468),(10164,1,1,3470),(10165,1,1,3472),(10166,1,1,3473),(10167,1,1,3474),(10168,1,1,3476),(10169,1,1,3477),(10170,1,1,3479),(10171,1,1,3481),(10172,1,1,3482),(10173,1,1,3484),(10174,1,1,3485),(10175,1,1,3487),(10176,1,1,3489),(10177,1,1,3490),(10178,1,1,3492),(10179,1,1,3494),(10180,1,1,3496),(10181,1,1,3498),(10182,1,1,3501),(10183,1,1,3505),(10184,1,1,3507),(10185,1,1,3509),(10186,1,1,3511),(10187,1,1,3512),(10188,1,1,3513),(10189,1,1,3514),(10190,1,1,3515),(10191,1,1,3516),(10192,1,1,3517),(10193,1,1,3518),(10194,1,1,3519),(10195,1,1,3522),(10196,1,1,3523),(10197,1,1,3526),(10198,1,1,3527),(10199,1,1,3528),(10200,1,1,3529),(10201,1,1,3532),(10202,1,1,3533),(10203,1,1,3534),(10204,1,1,3536),(10205,1,1,3538),(10206,1,1,3539),(10207,1,1,3540),(10208,1,1,3542),(10209,1,1,3543),(10210,1,1,3545),(10211,1,1,3547),(10212,1,1,3548),(10213,1,1,3550),(10214,1,1,3551),(10215,1,1,3552),(10216,1,1,3553),(10217,1,1,3554),(10218,1,1,3555),(10219,1,1,3556),(10220,1,1,3559),(10221,1,1,3560),(10222,1,1,3563),(10223,1,1,3564),(10224,1,1,3565),(10225,1,1,3566),(10226,1,1,3569),(10227,1,1,3570),(10228,1,1,3571),(10229,1,1,3574),(10230,1,1,3575),(10231,1,1,3576),(10232,1,1,3578),(10233,1,1,3580),(10234,1,1,3581),(10235,1,1,3582),(10236,1,1,3584),(10237,1,1,3585),(10238,1,1,3587),(10239,1,1,3589),(10240,1,1,3590),(10241,1,1,3592),(10242,1,1,3593),(10243,1,1,3596),(10244,1,1,3600),(10245,1,1,3602),(10246,1,1,3604),(10247,1,1,3606),(10248,1,1,3607),(10249,1,1,3608),(10250,1,1,3609),(10251,1,1,3610),(10252,1,1,3611),(10253,1,1,3612),(10254,1,1,3613),(10255,1,1,3614),(10256,1,1,3617),(10257,1,1,3620),(10258,1,1,3623),(10259,1,1,3624),(10260,1,1,3625),(10261,1,1,3626),(10262,1,1,3636),(10263,1,1,3637),(10264,1,1,3638),(10265,1,1,3640),(10266,1,1,3642),(10267,1,1,3643),(10268,1,1,3645),(10269,1,1,3646),(10270,1,1,3647),(10271,1,1,3649),(10272,1,1,3650),(10273,1,1,3651),(10274,1,1,3653),(10275,1,1,3655),(10276,1,1,3656),(10277,1,1,3657),(10278,1,1,3660),(10279,1,1,3661),(10280,1,1,3663),(10281,1,1,3664),(10282,1,1,3666),(10283,1,1,3669),(10284,1,1,3672),(10285,1,1,3673),(10286,1,1,3676),(10287,1,1,3679),(10288,1,1,3681),(10289,1,1,3682),(10290,1,1,3683),(10291,1,1,3685),(10292,1,1,3687),(10293,1,1,3688),(10294,1,1,3690),(10295,1,1,3692),(10296,1,1,3694),(10297,1,1,3696),(10298,1,1,3699),(10299,1,1,3703),(10300,1,1,3705),(10301,1,1,3707),(10302,1,1,3709),(10303,1,1,3710),(10304,1,1,3711),(10305,1,1,3712),(10306,1,1,3713),(10307,1,1,3714),(10308,1,1,3715),(10309,1,1,3716),(10310,1,1,3717),(10311,1,1,3720),(10312,1,1,3721),(10313,1,1,3724),(10314,1,1,3725),(10315,1,1,3726),(10316,1,1,3727),(10317,1,1,3730),(10318,1,1,3731),(10319,1,1,3732),(10320,1,1,3734),(10321,1,1,3736),(10322,1,1,3737),(10323,1,1,3738),(10324,1,1,3740),(10325,1,1,3741),(10326,1,1,3743),(10327,1,1,3745),(10328,1,1,3746),(10329,1,1,3748),(10330,1,1,3749),(10331,1,1,3751),(10332,1,1,3753),(10333,1,1,3754),(10334,1,1,3756),(10335,1,1,3758),(10336,1,1,3760),(10337,1,1,3762),(10338,1,1,3765),(10339,1,1,3769),(10340,1,1,3771),(10341,1,1,3773),(10342,1,1,3775),(10343,1,1,3776),(10344,1,1,3777),(10345,1,1,3778),(10346,1,1,3779),(10347,1,1,3780),(10348,1,1,3781),(10349,1,1,3782),(10350,1,1,3783),(10351,1,1,3786),(10352,1,1,3789),(10353,1,1,3792),(10354,1,1,3793),(10355,1,1,3794),(10356,1,1,3795),(10357,1,1,3805),(10358,1,1,3806),(10359,1,1,3807),(10360,1,1,3809),(10361,1,1,3811),(10362,1,1,3812),(10363,1,1,3814),(10364,1,1,3815),(10365,1,1,3816),(10366,1,1,3818),(10367,1,1,3819),(10368,1,1,3820),(10369,1,1,3822),(10370,1,1,3824),(10371,1,1,3825),(10372,1,1,3826),(10373,1,1,3829),(10374,1,1,3830),(10375,1,1,3832),(10376,1,1,3833),(10377,1,1,3835),(10378,1,1,3838),(10379,1,1,3841),(10380,1,1,3842),(10381,1,1,3845),(10382,1,1,3848),(10383,1,1,3850),(10384,1,1,3851),(10385,1,1,3852),(10386,1,1,3853),(10387,1,1,3854),(10388,1,1,3855),(10389,1,1,3856),(10390,1,1,3857),(10391,1,1,3860),(10392,1,1,3863),(10393,1,1,3864),(10394,1,1,3865),(10395,1,1,3866),(10396,1,1,3867),(10397,1,1,3872),(10398,1,1,3874),(10399,1,1,3875),(10400,1,1,3876),(10401,1,1,3878),(10402,1,1,3880),(10403,1,1,3881),(10404,1,1,3882),(10405,1,1,3884),(10406,1,1,3885),(10407,1,1,3887),(10408,1,1,3889),(10409,1,1,3890),(10410,1,1,3892),(10411,1,1,3893),(10412,1,1,3895),(10413,1,1,3897),(10414,1,1,3898),(10415,1,1,3900),(10416,1,1,3902),(10417,1,1,3904),(10418,1,1,3906),(10419,1,1,3907),(10420,1,1,3908),(10421,1,1,3909),(10422,1,1,3910),(10423,1,1,3911),(10424,1,1,3914),(10425,1,1,3917),(10426,1,1,3921),(10427,1,1,3922),(10428,1,1,3923),(10429,1,1,3924),(10430,1,1,3934),(10431,1,1,3935),(10432,1,1,3936),(10433,1,1,3938),(10434,1,1,3940),(10435,1,1,3941),(10436,1,1,3943),(10437,1,1,3944),(10438,1,1,3945),(10439,1,1,3947),(10440,1,1,3948),(10441,1,1,3949),(10442,1,1,3950),(10443,1,1,3951),(10444,1,1,3952),(10445,1,1,3953),(10446,1,1,3954),(10447,1,1,3957),(10448,1,1,3960),(10449,1,1,3963),(10450,1,1,3964),(10451,1,1,3965),(10452,1,1,3966),(10453,1,1,3969),(10454,1,1,3971),(10455,1,1,3972),(10456,1,1,3973),(10457,1,1,3976),(10458,1,1,3977),(10459,1,1,3979),(10460,1,1,3980),(10461,1,1,3983),(10462,1,1,3986),(10463,1,1,3989),(10464,1,1,3990),(10465,1,1,3993),(10466,1,1,3996),(10467,1,1,3998),(10468,1,1,3999),(10469,1,1,4000),(10470,1,1,4009),(10471,1,1,4010),(10472,1,1,4011),(10473,1,1,4013),(10474,1,1,4015),(10475,1,1,4016),(10476,1,1,4018),(10477,1,1,4019),(10478,1,1,4020),(10479,1,1,4022),(10480,1,1,4023),(10481,1,1,4024),(10482,1,1,4026),(10483,1,1,4028),(10484,1,1,4029),(10485,1,1,4030),(10486,1,1,4033),(10487,1,1,4034),(10488,1,1,4036),(10489,1,1,4037),(10490,1,1,4039),(10491,1,1,4042),(10492,0,1,4045),(10493,1,1,4046),(10494,1,1,4049),(10495,1,1,4052),(10496,1,1,4054),(10497,1,1,4055),(10498,1,1,4056),(10499,1,1,4057),(10500,1,1,4058),(10501,1,1,4059),(10502,1,1,4060),(10503,1,1,4061),(10504,1,1,4064),(10505,1,1,4067),(10506,1,1,4068),(10507,1,1,4069),(10508,1,1,4070),(10509,1,1,4071),(10510,1,1,4076),(10511,1,1,4078),(10512,1,1,4079),(10513,1,1,4080),(10514,1,1,4082),(10515,1,1,4084),(10516,1,1,4085),(10517,1,1,4086),(10518,1,1,4088),(10519,1,1,4089),(10520,1,1,4091),(10521,1,1,4093),(10522,1,1,4094),(10523,1,1,4096),(10524,1,1,4097),(10525,1,1,4099),(10526,1,1,4101),(10527,1,1,4102),(10528,1,1,4104),(10529,1,1,4106),(10530,1,1,4108),(10531,1,1,4110),(10532,1,1,4113),(10533,1,1,4116),(10534,1,1,4118),(10535,1,1,4120),(10536,1,1,4122),(10537,1,1,4123),(10538,1,1,4124),(10539,1,1,4125),(10540,1,1,4126),(10541,1,1,4127),(10542,1,1,4128),(10543,1,1,4129),(10544,1,1,4130),(10545,1,1,4133),(10546,1,1,4136),(10547,1,1,4140),(10548,1,1,4141),(10549,1,1,4142),(10550,1,1,4143),(10551,1,1,4153),(10552,1,1,4154),(10553,1,1,4155),(10554,1,1,4157),(10555,1,1,4159),(10556,1,1,4160),(10557,1,1,4162),(10558,1,1,4163),(10559,1,1,4164),(10560,1,1,4166),(10561,1,1,4167),(10562,1,1,4168),(10563,1,1,4170),(10564,1,1,4172),(10565,1,1,4173),(10566,1,1,4174),(10567,1,1,4177),(10568,1,1,4178),(10569,1,1,4180),(10570,1,1,4181),(10571,1,1,4184),(10572,1,1,4187),(10573,0,1,4190),(10574,1,1,4191),(10575,1,1,4194),(10576,1,1,4197),(10577,1,1,4199),(10578,1,1,4200),(10579,1,1,4201),(10580,1,1,4202),(10581,1,1,4203),(10582,1,1,4204),(10583,1,1,4205),(10584,1,1,4206),(10585,1,1,4209),(10586,1,1,4210),(10587,1,1,4213),(10588,1,1,4214),(10589,1,1,4215),(10590,1,1,4216),(10591,1,1,4217),(10592,1,1,4218),(10593,1,1,4219),(10594,1,1,4220),(10595,1,1,4221),(10596,1,1,4224),(10597,1,1,4225),(10598,1,1,4228),(10599,1,1,4229),(10600,1,1,4230),(10601,1,1,4231),(10602,1,1,4233),(10603,1,1,4235),(10604,1,1,4236),(10605,1,1,4237),(10606,1,1,4239),(10607,1,1,4240),(10608,1,1,4242),(10609,1,1,4244),(10610,1,1,4245),(10611,1,1,4247),(10612,1,1,4248),(10613,1,1,4279),(10614,1,1,4280),(10615,1,1,4281),(10616,1,1,4282),(10617,1,1,4283),(10618,1,1,4286),(10619,1,1,4287),(10620,1,1,4290),(10621,1,1,4291),(10622,1,1,4292),(10623,1,1,4293),(10624,1,1,4294),(10625,1,1,4295),(10626,1,1,4296),(10627,1,1,4297),(10628,1,1,4298),(10629,1,1,4301),(10630,1,1,4304),(10631,1,1,4308),(10632,1,1,4309),(10633,1,1,4310),(10634,1,1,4311),(10635,1,1,4315),(10636,1,1,4316),(10637,1,1,4317),(10638,1,1,4319),(10639,1,1,4321),(10640,1,1,4322),(10641,1,1,4323),(10642,1,1,4325),(10643,1,1,4326),(10644,1,1,4328),(10645,1,1,4330),(10646,1,1,4331),(10647,1,1,4333),(10648,1,1,4334),(10649,1,1,4343),(10650,1,1,4344),(10651,1,1,4345),(10652,1,1,4347),(10653,1,1,4349),(10654,1,1,4350),(10655,1,1,4352),(10656,1,1,4353),(10657,1,1,4354),(10658,1,1,4356),(10659,1,1,4357),(10660,1,1,4358),(10661,1,1,4360),(10662,1,1,4362),(10663,1,1,4363),(10664,1,1,4364),(10665,1,1,4367),(10666,1,1,4368),(10667,1,1,4370),(10668,1,1,4371),(10669,1,1,4374),(10670,1,1,4377),(10671,1,1,4380),(10672,1,1,4381),(10673,1,1,4384),(10674,1,1,4387),(10675,1,1,4389),(10676,1,1,4390),(10677,1,1,4391),(10678,1,1,4393),(10679,1,1,4395),(10680,1,1,4396),(10681,1,1,4398),(10682,1,1,4400),(10683,1,1,4402),(10684,1,1,4404),(10685,1,1,4405),(10686,1,1,4406),(10687,1,1,4407),(10688,1,1,4408),(10689,1,1,4409),(10690,1,1,4412),(10691,1,1,4415),(10692,1,1,4416),(10693,1,1,4417),(10694,1,1,4418),(10695,1,1,4419),(10696,1,1,4422),(10697,1,1,4426),(10698,1,1,4428),(10699,1,1,4430),(10700,1,1,4432),(10701,1,1,4433),(10702,1,1,4434),(10703,1,1,4435),(10704,1,1,4436),(10705,1,1,4437),(10706,1,1,4438),(10707,1,1,4439),(10708,1,1,4440),(10709,1,1,4443),(10710,1,1,4446),(10711,1,1,4449),(10712,1,1,4450),(10713,1,1,4451),(10714,1,1,4452),(10715,1,1,4462),(10716,1,1,4463),(10717,1,1,4464),(10718,1,1,4466),(10719,1,1,4468),(10720,1,1,4469),(10721,1,1,4471),(10722,1,1,4472),(10723,1,1,4473),(10724,1,1,4475),(10725,1,1,4476),(10726,1,1,4477),(10727,1,1,4482),(10728,1,1,4484),(10729,1,1,4485),(10730,1,1,4486),(10731,1,1,4488),(10732,1,1,4490),(10733,1,1,4491),(10734,1,1,4492),(10735,1,1,4495),(10736,1,1,4496),(10737,1,1,4498),(10738,1,1,4499),(10739,1,1,4501),(10740,1,1,4504),(10741,1,1,4507),(10742,1,1,4508),(10743,1,1,4511),(10744,1,1,4514),(10745,1,1,4516),(10746,1,1,4517),(10747,1,1,4518),(10748,1,1,4520),(10749,1,1,4522),(10750,1,1,4523),(10751,1,1,4524),(10752,1,1,4526),(10753,1,1,4527),(10754,1,1,4529),(10755,1,1,4531),(10756,1,1,4532),(10757,1,1,4534),(10758,1,1,4535),(10759,1,1,4537),(10760,0,1,4539),(10761,1,1,4540),(10762,1,1,4542),(10763,1,1,4544),(10764,1,1,4546),(10765,1,1,4548),(10766,1,1,4551),(10767,1,1,4554),(10768,1,1,4556),(10769,1,1,4558),(10770,1,1,4560),(10771,1,1,4561),(10772,1,1,4562),(10773,1,1,4563),(10774,1,1,4564),(10775,1,1,4565),(10776,1,1,4566),(10777,1,1,4567),(10778,1,1,4568),(10779,1,1,4571),(10780,1,1,4572),(10781,1,1,4575),(10782,1,1,4576),(10783,1,1,4577),(10784,1,1,4578),(10785,1,1,4581),(10786,1,1,4582),(10787,1,1,4583),(10788,1,1,4584),(10789,1,1,4585),(10790,1,1,4586),(10791,1,1,4587),(10792,1,1,4588),(10793,1,1,4591),(10794,1,1,4594),(10795,1,1,4598),(10796,1,1,4599),(10797,1,1,4600),(10798,1,1,4601),(10799,1,1,4603),(10800,1,1,4604),(10801,1,1,4605),(10802,1,1,4606),(10803,1,1,4607),(10804,1,1,4610),(10805,1,1,4613),(10806,1,1,4614),(10807,1,1,4615),(10808,1,1,4616),(10809,1,1,4617),(10810,1,1,4619),(10811,1,1,4621),(10812,1,1,4622),(10813,1,1,4623),(10814,1,1,4625),(10815,1,1,4626),(10816,1,1,4628),(10817,1,1,4630),(10818,1,1,4631),(10819,1,1,4633),(10820,1,1,4634),(10821,1,1,4643),(10822,1,1,4644),(10823,1,1,4645),(10824,1,1,4647),(10825,1,1,4649),(10826,1,1,4650),(10827,1,1,4652),(10828,1,1,4654),(10829,1,1,4656),(10830,1,1,4658),(10831,1,1,4663),(10832,1,1,4665),(10833,1,1,4666),(10834,1,1,4667),(10835,1,1,4669),(10836,1,1,4671),(10837,1,1,4672),(10838,1,1,4674),(10839,1,1,4675),(10840,1,1,4676),(10841,1,1,4678),(10842,1,1,4679),(10843,1,1,4680),(10844,1,1,4683),(10845,1,1,4687),(10846,1,1,4689),(10847,1,1,4691),(10848,1,1,4693),(10849,1,1,4694),(10850,1,1,4695),(10851,1,1,4696),(10852,1,1,4698),(10853,1,1,4700),(10854,1,1,4701),(10855,1,1,4702),(10856,1,1,4704),(10857,1,1,4705),(10858,1,1,4707),(10859,1,1,4709),(10860,1,1,4710),(10861,1,1,4712),(10862,1,1,4713),(10863,1,1,4714),(10864,1,1,4715),(10865,1,1,4716),(10866,1,1,4717),(10867,1,1,4718),(10868,1,1,4721),(10869,1,1,4724),(10870,1,1,4728),(10871,1,1,4729),(10872,1,1,4730),(10873,1,1,4731),(10874,1,1,4733),(10875,1,1,4734),(10876,1,1,4735),(10877,1,1,4736),(10878,1,1,4737),(10879,1,1,4740),(10880,1,1,4743),(10881,1,1,4746),(10882,1,1,4747),(10883,1,1,4748),(10884,1,1,4749),(10885,1,1,4751),(10886,1,1,4752),(10887,1,1,4753),(10888,1,1,4754),(10889,1,1,4755),(10890,1,1,4758),(10891,1,1,4759),(10892,1,1,4762),(10893,1,1,4763),(10894,1,1,4764),(10895,1,1,4765),(10896,1,1,4766),(10897,1,1,4767),(10898,1,1,4768),(10899,1,1,4769),(10900,1,1,4770),(10901,1,1,4773),(10902,1,1,4776),(10903,1,1,4777),(10904,1,1,4778),(10905,1,1,4779),(10906,1,1,4780),(10907,1,1,4789),(10908,1,1,4790),(10909,1,1,4791),(10910,1,1,4793),(10911,0,1,4795),(10912,1,1,4796),(10913,1,1,4798),(10914,1,1,4800),(10915,1,1,4802),(10916,1,1,4804),(10917,1,1,4806),(10918,1,1,4808),(10919,1,1,4809),(10920,1,1,4810),(10921,1,1,4813),(10922,1,1,4814),(10923,1,1,4816),(10924,1,1,4817),(10925,1,1,4820),(10926,1,1,4823),(10927,1,1,4826),(10928,1,1,4827),(10929,1,1,4830),(10930,1,1,4833),(10931,1,1,4835),(10932,1,1,4836),(10933,1,1,4837),(10934,1,1,4838),(10935,1,1,4839),(10936,1,1,4840),(10937,1,1,4841),(10938,1,1,4842),(10939,1,1,4845),(10940,1,1,4848),(10941,1,1,4851),(10942,1,1,4852),(10943,1,1,4853),(10944,1,1,4854),(10945,1,1,4858),(10946,1,1,4859),(10947,1,1,4860),(10948,1,1,4869),(10949,1,1,4870),(10950,1,1,4871),(10951,1,1,4872),(10952,1,1,4873),(10953,1,1,4874),(10954,1,1,4875),(10955,1,1,4876),(10956,1,1,4879),(10957,1,1,4882),(10958,1,1,4885),(10959,1,1,4886),(10960,1,1,4887),(10961,1,1,4888),(10962,1,1,4892),(10963,1,1,4895),(10964,1,1,4897),(10965,1,1,4899),(10966,1,1,4901),(10967,1,1,4902),(10968,1,1,4903),(10969,1,1,4904),(10970,1,1,4913),(10971,1,1,4914),(10972,1,1,4915),(10973,1,1,4921),(10974,1,1,4923),(10975,1,1,4924),(10976,1,1,4925),(10977,1,1,4927),(10978,1,1,4929),(10979,1,1,4930),(10980,1,1,4932),(10981,1,1,4933),(10982,1,1,4934),(10983,0,1,4936),(10984,1,1,4937),(10985,1,1,4938),(10986,1,1,4939),(10987,1,1,4940),(10988,1,1,4941),(10989,1,1,4942),(10990,1,1,4943),(10991,1,1,4946),(10992,1,1,4949),(10993,1,1,4950),(10994,1,1,4951),(10995,1,1,4952),(10996,1,1,4953),(10997,1,1,4955),(10998,1,1,4957),(10999,1,1,4958),(11000,1,1,4960),(11001,1,1,4961),(11002,1,1,4962),(11003,1,1,4964),(11004,1,1,4965),(11005,1,1,4966),(11006,1,1,4968),(11007,1,1,4970),(11008,1,1,4971),(11009,1,1,4973),(11010,1,1,4974),(11011,1,1,4975),(11012,1,1,4977),(11013,1,1,4978),(11014,1,1,4979),(11015,1,1,4988),(11016,1,1,4989),(11017,1,1,4990),(11018,1,1,4995),(11019,1,1,4997),(11020,1,1,4998),(11021,1,1,4999),(11022,1,1,5000),(11023,1,1,5001),(11024,1,1,5002),(11025,1,1,5003),(11026,1,1,5004),(11027,1,1,5007),(11028,1,1,5010),(11029,1,1,5014),(11030,1,1,5015),(11031,1,1,5016),(11032,1,1,5017),(11033,1,1,5020),(11034,1,1,5022),(11035,1,1,5023),(11036,1,1,5024),(11037,1,1,5026),(11038,1,1,5027),(11039,1,1,5029),(11040,1,1,5031),(11041,1,1,5032),(11042,1,1,5034),(11043,1,1,5035),(11044,1,1,5036),(11045,1,1,5037),(11046,1,1,5038),(11047,1,1,5039),(11048,1,1,5040),(11049,1,1,5043),(11050,1,1,5046),(11051,1,1,5050),(11052,1,1,5051),(11053,1,1,5052),(11054,1,1,5053),(11055,1,1,5063),(11056,1,1,5064),(11057,1,1,5065),(11058,1,1,5067),(11059,1,1,5069),(11060,1,1,5070),(11061,1,1,5071),(11062,1,1,5073),(11063,1,1,5074),(11064,1,1,5076),(11065,1,1,5078),(11066,1,1,5079),(11067,1,1,5081),(11068,1,1,5082),(11069,1,1,5084),(11070,1,1,5086),(11071,1,1,5087),(11072,1,1,5088),(11073,1,1,5091),(11074,1,1,5092),(11075,0,1,5094),(11076,1,1,5095),(11077,1,1,5097),(11078,1,1,5100),(11079,0,1,5103),(11080,1,1,5104),(11081,1,1,5107),(11082,1,1,5110),(11083,1,1,5112),(11084,1,1,5113),(11085,1,1,5114),(11086,1,1,5116),(11087,1,1,5118),(11088,1,1,5119),(11089,1,1,5121),(11090,1,1,5122),(11091,1,1,5123),(11092,1,1,5125),(11093,1,1,5126),(11094,1,1,5127),(11095,1,1,5129),(11096,1,1,5131),(11097,1,1,5132),(11098,1,1,5133),(11099,1,1,5135),(11100,1,1,5136),(11101,1,1,5138),(11102,1,1,5140),(11103,1,1,5141),(11104,1,1,5143),(11105,1,1,5144),(11106,1,1,5146),(11107,1,1,5148),(11108,1,1,5149),(11109,1,1,5151),(11110,1,1,5152),(11111,1,1,5153),(11112,1,1,5155),(11113,1,1,5156),(11114,1,1,5157),(11115,1,1,5159),(11116,1,1,5161),(11117,1,1,5162),(11118,1,1,5163),(11119,1,1,5166),(11120,1,1,5167),(11121,1,1,5169),(11122,1,1,5170),(11123,1,1,5172),(11124,1,1,5175),(11125,0,1,5178),(11126,1,1,5179),(11127,1,1,5182),(11128,1,1,5185),(11129,1,1,5187),(11130,1,1,5188),(11131,1,1,5189),(11132,1,1,5191),(11133,0,1,5193),(11134,1,1,5194),(11135,1,1,5196),(11136,1,1,5198),(11137,1,1,5200),(11138,1,1,5202),(11139,1,1,5204),(11140,1,1,5206),(11141,1,1,5207),(11142,1,1,5208),(11143,1,1,5211),(11144,1,1,5212),(11145,1,1,5214),(11146,1,1,5215),(11147,1,1,5218),(11148,1,1,5221),(11149,0,1,5224),(11150,1,1,5225),(11151,1,1,5228),(11152,1,1,5231),(11153,1,1,5233),(11154,1,1,5234),(11155,1,1,5235),(11156,1,1,5238),(11157,1,1,5240),(11158,1,1,5241),(11159,1,1,5243),(11160,1,1,5245),(11161,1,1,5247),(11162,1,1,5249),(11163,1,1,5251),(11164,1,1,5253),(11165,1,1,5254),(11166,1,1,5255),(11167,1,1,5258),(11168,1,1,5259),(11169,1,1,5261),(11170,1,1,5262),(11171,1,1,5265),(11172,1,1,5268),(11173,1,1,5271),(11174,1,1,5272),(11175,1,1,5275),(11176,1,1,5278),(11177,1,1,5280),(11178,1,1,5281),(11179,1,1,5282),(11180,1,1,5285),(11181,1,1,5288),(11182,1,1,5290),(11183,1,1,5292),(11184,1,1,5294),(11185,1,1,5295),(11186,1,1,5296),(11187,1,1,5297),(11188,1,1,5298),(11189,1,1,5299),(11190,1,1,5300),(11191,1,1,5301),(11192,1,1,5302),(11193,1,1,5305),(11194,1,1,5306),(11195,1,1,5309),(11196,1,1,5310),(11197,1,1,5311),(11198,1,1,5312),(11199,1,1,5314),(11200,1,1,5316),(11201,1,1,5317),(11202,1,1,5319),(11203,1,1,5321),(11204,1,1,5323),(11205,1,1,5325),(11206,1,1,5327),(11207,1,1,5329),(11208,1,1,5330),(11209,1,1,5331),(11210,1,1,5334),(11211,1,1,5335),(11212,1,1,5337),(11213,1,1,5338),(11214,1,1,5340),(11215,1,1,5343),(11216,1,1,5346),(11217,1,1,5347),(11218,1,1,5350),(11219,1,1,5353),(11220,1,1,5355),(11221,1,1,5356),(11222,1,1,5357),(11223,1,1,5360),(11224,1,1,5361),(11225,1,1,5362),(11226,1,1,5363),(11227,1,1,5364),(11228,1,1,5365),(11229,1,1,5366),(11230,1,1,5367),(11231,1,1,5370),(11232,1,1,5373),(11233,1,1,5374),(11234,1,1,5375),(11235,1,1,5376),(11236,1,1,5377),(11237,1,1,5382),(11238,1,1,5384),(11239,1,1,5385),(11240,1,1,5386),(11241,1,1,5387),(11242,1,1,5388),(11243,1,1,5389),(11244,1,1,5390),(11245,1,1,5391),(11246,1,1,5394),(11247,1,1,5395),(11248,1,1,5398),(11249,1,1,5399),(11250,1,1,5400),(11251,1,1,5401),(11252,1,1,5410),(11253,1,1,5411),(11254,1,1,5412),(11255,1,1,5416),(11256,1,1,5419),(11257,1,1,5421),(11258,1,1,5423),(11259,1,1,5425),(11260,1,1,5426),(11261,1,1,5427),(11262,1,1,5428),(11263,1,1,5431),(11264,1,1,5432),(11265,1,1,5433),(11266,1,1,5435),(11267,1,1,5437),(11268,1,1,5438),(11269,1,1,5439),(11270,1,1,5441),(11271,1,1,5442),(11272,1,1,5444),(11273,1,1,5446),(11274,1,1,5447),(11275,1,1,5449),(11276,1,1,5450),(11277,1,1,5453),(11278,1,1,5457),(11279,1,1,5459),(11280,1,1,5461),(11281,1,1,5463),(11282,1,1,5464),(11283,1,1,5465),(11284,1,1,5466),(11285,1,1,5468),(11286,1,1,5470),(11287,1,1,5471),(11288,1,1,5473),(11289,1,1,5474),(11290,1,1,5475),(11291,0,1,5477),(11292,1,1,5478),(11293,1,1,5479),(11294,1,1,5481),(11295,0,1,5483),(11296,1,1,5484),(11297,1,1,5486),(11298,1,1,5488),(11299,1,1,5490),(11300,1,1,5492),(11301,1,1,5494),(11302,1,1,5496),(11303,1,1,5497),(11304,1,1,5498),(11305,1,1,5500),(11306,1,1,5501),(11307,1,1,5503),(11308,1,1,5505),(11309,1,1,5506),(11310,1,1,5508),(11311,1,1,5509),(11312,1,1,5510),(11313,1,1,5511),(11314,1,1,5512),(11315,1,1,5513),(11316,1,1,5514),(11317,1,1,5517),(11318,1,1,5520),(11319,1,1,5524),(11320,1,1,5525),(11321,1,1,5526),(11322,1,1,5527),(11323,1,1,5529),(11324,1,1,5530),(11325,1,1,5531),(11326,1,1,5532),(11327,1,1,5533),(11328,1,1,5536),(11329,1,1,5539),(11330,1,1,5542),(11331,1,1,5543),(11332,1,1,5544),(11333,1,1,5545),(11334,1,1,5548),(11335,1,1,5550),(11336,1,1,5551),(11337,1,1,5552),(11338,1,1,5554),(11339,1,1,5555),(11340,1,1,5557),(11341,1,1,5559),(11342,1,1,5560),(11343,1,1,5562),(11344,1,1,5563),(11345,1,1,5566),(11346,1,1,5570),(11347,1,1,5572),(11348,1,1,5574),(11349,1,1,5576),(11350,1,1,5577),(11351,1,1,5578),(11352,1,1,5579),(11353,1,1,5589),(11354,1,1,5590),(11355,1,1,5591),(11356,1,1,5593),(11357,0,1,5595),(11358,1,1,5596),(11359,1,1,5598),(11360,1,1,5600),(11361,1,1,5602),(11362,1,1,5604),(11363,1,1,5613),(11364,1,1,5614),(11365,1,1,5615),(11366,1,1,5617),(11367,1,1,5619),(11368,1,1,5620),(11369,1,1,5622),(11370,1,1,5624),(11371,1,1,5626),(11372,1,1,5628),(11373,1,1,5630),(11374,1,1,5632),(11375,1,1,5633),(11376,1,1,5634),(11377,1,1,5637),(11378,1,1,5638),(11379,1,1,5640),(11380,1,1,5641),(11381,1,1,5644),(11382,1,1,5647),(11383,1,1,5650),(11384,1,1,5651),(11385,1,1,5654),(11386,1,1,5657),(11387,1,1,5659),(11388,1,1,5660),(11389,1,1,5661),(11390,1,1,5664),(11391,1,1,5666),(11392,1,1,5667),(11393,1,1,5669),(11394,1,1,5670),(11395,1,1,5671),(11396,1,1,5673),(11397,1,1,5674),(11398,1,1,5675),(11399,1,1,5678),(11400,1,1,5682),(11401,1,1,5684),(11402,1,1,5686),(11403,1,1,5688),(11404,1,1,5689),(11405,1,1,5690),(11406,1,1,5691),(11407,1,1,5693),(11408,1,1,5695),(11409,1,1,5696),(11410,1,1,5698),(11411,1,1,5699),(11412,1,1,5700),(11413,1,1,5702),(11414,1,1,5703),(11415,1,1,5704),(11416,1,1,5707),(11417,1,1,5710),(11418,1,1,5712),(11419,1,1,5714),(11420,1,1,5716),(11421,1,1,5717),(11422,1,1,5718),(11423,1,1,5719),(11424,1,1,5720),(11425,1,1,5721),(11426,1,1,5722),(11427,1,1,5723),(11428,1,1,5724),(11429,1,1,5727),(11430,1,1,5730),(11431,1,1,5731),(11432,1,1,5732),(11433,1,1,5733),(11434,1,1,5734),(11435,1,1,5737),(11436,1,1,5739),(11437,1,1,5740),(11438,1,1,5741),(11439,1,1,5744),(11440,1,1,5745),(11441,1,1,5747),(11442,1,1,5748),(11443,1,1,5751),(11444,1,1,5754),(11445,0,1,5757),(11446,1,1,5758),(11447,1,1,5761),(11448,1,1,5764),(11449,1,1,5766),(11450,1,1,5767),(11451,1,1,5768),(11452,1,1,5770),(11453,1,1,5772),(11454,1,1,5773),(11455,1,1,5774),(11456,1,1,5777),(11457,1,1,5778),(11458,1,1,5780),(11459,1,1,5781),(11460,1,1,5783),(11461,1,1,5786),(11462,0,1,5789),(11463,1,1,5790),(11464,1,1,5793),(11465,1,1,5796),(11466,1,1,5798),(11467,1,1,5799),(11468,1,1,5800),(11469,1,1,5805),(11470,1,1,5807),(11471,1,1,5808),(11472,1,1,5809),(11473,1,1,5811),(11474,1,1,5813),(11475,1,1,5814),(11476,1,1,5815),(11477,1,1,5817),(11478,1,1,5818),(11479,1,1,5820),(11480,1,1,5822),(11481,1,1,5823),(11482,1,1,5825),(11483,1,1,5826),(11484,1,1,5828),(11485,0,1,5830),(11486,1,1,5831),(11487,1,1,5833),(11488,1,1,5835),(11489,1,1,5837),(11490,1,1,5839),(11491,1,1,5842),(11492,1,1,5845),(11493,1,1,5847),(11494,1,1,5849),(11495,1,1,5851),(11496,1,1,5852),(11497,1,1,5853),(11498,1,1,5854),(11499,1,1,5855),(11500,1,1,5856),(11501,1,1,5857),(11502,1,1,5858),(11503,1,1,5859),(11504,1,1,5862),(11505,1,1,5865),(11506,1,1,5868),(11507,1,1,5869),(11508,1,1,5870),(11509,1,1,5871),(11510,1,1,5881),(11511,1,1,5882),(11512,1,1,5883),(11513,1,1,5884),(11514,1,1,5885),(11515,1,1,5886),(11516,1,1,5887),(11517,1,1,5888),(11518,1,1,5891),(11519,1,1,5894),(11520,1,1,5897),(11521,1,1,5898),(11522,1,1,5899),(11523,1,1,5900),(11524,1,1,5903),(11525,1,1,5905),(11526,1,1,5906),(11527,1,1,5908),(11528,1,1,5909),(11529,1,1,5910),(11530,1,1,5912),(11531,1,1,5913),(11532,1,1,5914),(11533,1,1,5923),(11534,1,1,5924),(11535,1,1,5925),(11536,1,1,5927),(11537,1,1,5929),(11538,1,1,5930),(11539,1,1,5931),(11540,1,1,5934),(11541,1,1,5935),(11542,1,1,5937),(11543,1,1,5938),(11544,1,1,5940),(11545,1,1,5943),(11546,1,1,5946),(11547,1,1,5947),(11548,1,1,5950),(11549,1,1,5953),(11550,1,1,5955),(11551,1,1,5956),(11552,1,1,5957),(11553,1,1,5958),(11554,1,1,5959),(11555,1,1,5960),(11556,1,1,5961),(11557,1,1,5962),(11558,1,1,5965),(11559,1,1,5968),(11560,1,1,5969),(11561,1,1,5970),(11562,1,1,5971),(11563,1,1,5972),(11564,1,1,5974),(11565,1,1,5976),(11566,1,1,5977),(11567,1,1,5979),(11568,1,1,5980),(11569,1,1,5981),(11570,1,1,5983),(11571,1,1,5984),(11572,1,1,5985),(11573,1,1,5986),(11574,1,1,5987),(11575,1,1,5988),(11576,1,1,5989),(11577,1,1,5990),(11578,1,1,5993),(11579,1,1,5994),(11580,1,1,5997),(11581,1,1,5998),(11582,1,1,5999),(11583,1,1,6000),(11584,1,1,6003),(11585,1,1,6004),(11586,1,1,6005),(11587,1,1,6007),(11588,1,1,6009),(11589,1,1,6010),(11590,1,1,6011),(11591,1,1,6013),(11592,1,1,6014),(11593,1,1,6016),(11594,1,1,6018),(11595,1,1,6019),(11596,1,1,6021),(11597,1,1,6022),(11598,1,1,6024),(11599,1,1,6026),(11600,1,1,6027),(11601,1,1,6028),(11602,1,1,6031),(11603,1,1,6032),(11604,0,1,6034),(11605,1,1,6035),(11606,1,1,6037),(11607,1,1,6040),(11608,1,1,6043),(11609,1,1,6044),(11610,1,1,6047),(11611,1,1,6050),(11612,1,1,6052),(11613,1,1,6053),(11614,1,1,6054),(11615,1,1,6056),(11616,1,1,6058),(11617,1,1,6059),(11618,1,1,6061),(11619,1,1,6063),(11620,1,1,6065),(11621,1,1,6067),(11622,1,1,6068),(11623,1,1,6069),(11624,1,1,6070),(11625,1,1,6071),(11626,1,1,6072),(11627,1,1,6075),(11628,1,1,6078),(11629,1,1,6082),(11630,1,1,6083),(11631,1,1,6084),(11632,1,1,6085),(11633,1,1,6087),(11634,1,1,6088),(11635,1,1,6089),(11636,1,1,6090),(11637,1,1,6091),(11638,1,1,6094),(11639,1,1,6095),(11640,1,1,6098),(11641,1,1,6099),(11642,1,1,6100),(11643,1,1,6101),(11644,1,1,6104),(11645,1,1,6105),(11646,1,1,6106),(11647,1,1,6107),(11648,1,1,6108),(11649,1,1,6109),(11650,1,1,6110),(11651,1,1,6111),(11652,1,1,6114),(11653,1,1,6117),(11654,1,1,6118),(11655,1,1,6119),(11656,1,1,6120),(11657,1,1,6121),(11658,1,1,6124),(11659,1,1,6128),(11660,1,1,6130),(11661,1,1,6132),(11662,1,1,6134),(11663,1,1,6135),(11664,1,1,6136),(11665,1,1,6137),(11666,1,1,6142),(11667,1,1,6144),(11668,1,1,6145),(11669,1,1,6146),(11670,1,1,6148),(11671,1,1,6150),(11672,1,1,6151),(11673,1,1,6152),(11674,1,1,6154),(11675,1,1,6155),(11676,1,1,6157),(11677,1,1,6159),(11678,1,1,6160),(11679,1,1,6162),(11680,1,1,6163),(11681,1,1,6164),(11682,1,1,6165),(11683,1,1,6166),(11684,1,1,6167),(11685,1,1,6168),(11686,1,1,6171),(11687,1,1,6174),(11688,1,1,6175),(11689,1,1,6176),(11690,1,1,6177),(11691,1,1,6178),(11692,1,1,6179),(11693,1,1,6180),(11694,1,1,6181),(11695,1,1,6182),(11696,1,1,6183),(11697,1,1,6186),(11698,1,1,6189),(11699,1,1,6193),(11700,1,1,6194),(11701,1,1,6195),(11702,1,1,6196),(11703,1,1,6198),(11704,1,1,6199),(11705,1,1,6200),(11706,1,1,6201),(11707,1,1,6202),(11708,1,1,6205),(11709,1,1,6206),(11710,1,1,6209),(11711,1,1,6210),(11712,1,1,6211),(11713,1,1,6212),(11714,1,1,6213),(11715,1,1,6214),(11716,1,1,6215),(11717,1,1,6216),(11718,1,1,6217),(11719,1,1,6220),(11720,1,1,6223),(11721,1,1,6226),(11722,1,1,6227),(11723,1,1,6228),(11724,1,1,6229),(11725,1,1,6231),(11726,1,1,6232),(11727,1,1,6233),(11728,1,1,6234),(11729,1,1,6235),(11730,1,1,6238),(11731,1,1,6241),(11732,1,1,6244),(11733,1,1,6245),(11734,1,1,6246),(11735,1,1,6247),(11736,1,1,6250),(11737,1,1,6252),(11738,1,1,6253),(11739,1,1,6254),(11740,1,1,6256),(11741,1,1,6257),(11742,1,1,6259),(11743,1,1,6261),(11744,1,1,6262),(11745,1,1,6264),(11746,1,1,6265),(11747,1,1,6271),(11748,1,1,6273),(11749,1,1,6274),(11750,1,1,6275),(11751,1,1,6277),(11752,1,1,6279),(11753,1,1,6280),(11754,1,1,6282),(11755,1,1,6284),(11756,1,1,6286),(11757,1,1,6288),(11758,1,1,6297),(11759,1,1,6298),(11760,1,1,6299),(11761,1,1,6302),(11762,1,1,6303),(11763,1,1,6304),(11764,1,1,6313),(11765,1,1,6314),(11766,1,1,6315),(11767,1,1,6324),(11768,1,1,6325),(11769,1,1,6326),(11770,1,1,6329),(11771,1,1,6333),(11772,1,1,6335),(11773,1,1,6337),(11774,1,1,6339),(11775,1,1,6340),(11776,1,1,6341),(11777,1,1,6342),(11778,1,1,6344),(11779,1,1,6346),(11780,1,1,6347),(11781,1,1,6349),(11782,1,1,6350),(11783,1,1,6351),(11784,0,1,6353),(11785,1,1,6354),(11786,1,1,6355),(11787,1,1,6357),(11788,0,1,6359),(11789,1,1,6360),(11790,1,1,6362),(11791,1,1,6364),(11792,1,1,6366),(11793,1,1,6368),(11794,1,1,6370),(11795,1,1,6372),(11796,1,1,6373),(11797,1,1,6375),(11798,1,1,6376),(11799,1,1,6377),(11800,1,1,6379),(11801,1,1,6380),(11802,1,1,6381),(11803,1,1,6383),(11804,1,1,6385),(11805,1,1,6386),(11806,1,1,6387),(11807,1,1,6389),(11808,1,1,6390),(11809,1,1,6392),(11810,1,1,6394),(11811,1,1,6395),(11812,1,1,6397),(11813,1,1,6398),(11814,1,1,6400),(11815,1,1,6402),(11816,1,1,6403),(11817,1,1,6404),(11818,1,1,6406),(11819,1,1,6407),(11820,1,1,6409),(11821,1,1,6411),(11822,1,1,6412),(11823,1,1,6414),(11824,1,1,6415),(11825,1,1,6416),(11826,1,1,6417),(11827,1,1,6418),(11828,1,1,6419),(11829,1,1,6420),(11830,1,1,6423),(11831,1,1,6426),(11832,1,1,6429),(11833,1,1,6430),(11834,1,1,6431),(11835,1,1,6432),(11836,1,1,6436),(11837,1,1,6439),(11838,1,1,6441),(11839,1,1,6443),(11840,1,1,6445),(11841,1,1,6446),(11842,1,1,6447),(11843,1,1,6448),(11844,1,1,6450),(11845,1,1,6452),(11846,1,1,6453),(11847,1,1,6455),(11848,1,1,6456),(11849,1,1,6457),(11850,1,1,6459),(11851,1,1,6460),(11852,1,1,6461),(11853,1,1,6470),(11854,1,1,6471),(11855,1,1,6472),(11856,1,1,6474),(11857,1,1,6476),(11858,1,1,6477),(11859,1,1,6478),(11860,1,1,6481),(11861,1,1,6482),(11862,1,1,6484),(11863,1,1,6485),(11864,1,1,6487),(11865,1,1,6490),(11866,0,1,6493),(11867,1,1,6494),(11868,1,1,6497),(11869,1,1,6500),(11870,1,1,6502),(11871,1,1,6503),(11872,1,1,6504),(11873,1,1,6506),(11874,1,1,6508),(11875,1,1,6509),(11876,1,1,6511),(11877,1,1,6513),(11878,1,1,6515),(11879,1,1,6517),(11880,1,1,6519),(11881,1,1,6521),(11882,1,1,6522),(11883,1,1,6524),(11884,1,1,6525),(11885,1,1,6526),(11886,1,1,6528),(11887,1,1,6529),(11888,1,1,6530),(11889,1,1,6533),(11890,1,1,6537),(11891,1,1,6539),(11892,1,1,6541),(11893,1,1,6543),(11894,1,1,6544),(11895,1,1,6545),(11896,1,1,6546),(11897,1,1,6547),(11898,1,1,6548),(11899,1,1,6549),(11900,1,1,6550),(11901,1,1,6551),(11902,1,1,6554),(11903,1,1,6557),(11904,1,1,6561),(11905,1,1,6562),(11906,1,1,6563),(11907,1,1,6564),(11908,1,1,6566),(11909,1,1,6567),(11910,1,1,6568),(11911,1,1,6569),(11912,1,1,6570),(11913,1,1,6573),(11914,1,1,6574),(11915,1,1,6577),(11916,1,1,6578),(11917,1,1,6579),(11918,1,1,6580),(11919,1,1,6583),(11920,1,1,6586),(11921,1,1,6588),(11922,1,1,6590),(11923,1,1,6592),(11924,1,1,6593),(11925,1,1,6594),(11926,1,1,6595),(11927,1,1,6597),(11928,1,1,6599),(11929,1,1,6600),(11930,1,1,6601),(11931,1,1,6604),(11932,1,1,6605),(11933,0,1,6607),(11934,1,1,6608),(11935,1,1,6610),(11936,1,1,6613),(11937,1,1,6616),(11938,1,1,6617),(11939,1,1,6620),(11940,1,1,6623),(11941,1,1,6625),(11942,1,1,6626),(11943,1,1,6627),(11944,1,1,6630),(11945,1,1,6631),(11946,1,1,6632),(11947,1,1,6633),(11948,1,1,6634),(11949,1,1,6635),(11950,1,1,6636),(11951,1,1,6637),(11952,1,1,6640),(11953,1,1,6643),(11954,1,1,6646),(11955,1,1,6647),(11956,1,1,6648),(11957,1,1,6649),(11958,1,1,6652),(11959,1,1,6654),(11960,1,1,6655),(11961,1,1,6656),(11962,1,1,6658),(11963,1,1,6659),(11964,1,1,6661),(11965,1,1,6663),(11966,1,1,6664),(11967,1,1,6666),(11968,1,1,6667),(11969,1,1,6668),(11970,1,1,6669),(11971,1,1,6670),(11972,1,1,6671),(11973,1,1,6672),(11974,1,1,6675),(11975,1,1,6678),(11976,1,1,6679),(11977,1,1,6680),(11978,1,1,6681),(11979,1,1,6682),(11980,1,1,6691),(11981,1,1,6692),(11982,1,1,6693),(11983,1,1,6694),(11984,1,1,6695),(11985,1,1,6696),(11986,1,1,6697),(11987,1,1,6698),(11988,1,1,6701),(11989,1,1,6704),(11990,1,1,6708),(11991,1,1,6709),(11992,1,1,6710),(11993,1,1,6711),(11994,1,1,6721),(11995,1,1,6722),(11996,1,1,6723),(11997,1,1,6725),(11998,1,1,6727),(11999,1,1,6728),(12000,1,1,6730),(12001,1,1,6731),(12002,1,1,6732),(12003,1,1,6734),(12004,1,1,6735),(12005,1,1,6736),(12006,1,1,6738),(12007,1,1,6740),(12008,1,1,6741),(12009,1,1,6742),(12010,1,1,6745),(12011,1,1,6746),(12012,0,1,6748),(12013,1,1,6749),(12014,1,1,6751),(12015,1,1,6754),(12016,1,1,6757),(12017,1,1,6758),(12018,1,1,6761),(12019,1,1,6764),(12020,1,1,6766),(12021,1,1,6767),(12022,1,1,6768),(12023,1,1,6777),(12024,1,1,6778),(12025,1,1,6779),(12026,1,1,6784),(12027,1,1,6786),(12028,1,1,6787),(12029,1,1,6788),(12030,1,1,6789),(12031,1,1,6790),(12032,1,1,6791),(12033,1,1,6792),(12034,1,1,6793),(12035,1,1,6796),(12036,1,1,6797),(12037,1,1,6800),(12038,1,1,6801),(12039,1,1,6802),(12040,1,1,6803),(12041,1,1,6805),(12042,1,1,6807),(12043,1,1,6808),(12044,1,1,6809),(12045,1,1,6812),(12046,1,1,6813),(12047,1,1,6815),(12048,1,1,6816),(12049,1,1,6819),(12050,1,1,6822),(12051,1,1,6825),(12052,1,1,6826),(12053,1,1,6829),(12054,1,1,6832),(12055,1,1,6834),(12056,1,1,6835),(12057,1,1,6836),(12058,1,1,6838),(12059,1,1,6840),(12060,1,1,6841),(12061,1,1,6843),(12062,1,1,6844),(12063,1,1,6845),(12064,1,1,6847),(12065,1,1,6848),(12066,1,1,6849),(12067,1,1,6851),(12068,1,1,6853),(12069,1,1,6854),(12070,1,1,6856),(12071,1,1,6857),(12072,1,1,6858),(12073,1,1,6860),(12074,1,1,6861),(12075,1,1,6862),(12076,1,1,6864),(12077,1,1,6866),(12078,1,1,6867),(12079,1,1,6869),(12080,1,1,6871),(12081,1,1,6873),(12082,1,1,6875),(12083,1,1,6876),(12084,1,1,6877),(12085,1,1,6878),(12086,1,1,6879),(12087,1,1,6880),(12088,1,1,6883),(12089,1,1,6884),(12090,1,1,6887),(12091,1,1,6888),(12092,1,1,6889),(12093,1,1,6890),(12094,1,1,6893),(12095,1,1,6897),(12096,1,1,6899),(12097,1,1,6901),(12098,1,1,6903),(12099,1,1,6904),(12100,1,1,6905),(12101,1,1,6906),(12102,1,1,6909),(12103,1,1,6910),(12104,1,1,6911),(12105,1,1,6914),(12106,1,1,6916),(12107,1,1,6917),(12108,1,1,6918),(12109,1,1,6920),(12110,1,1,6921),(12111,1,1,6923),(12112,1,1,6925),(12113,1,1,6926),(12114,1,1,6928),(12115,1,1,6929),(12116,1,1,6931),(12117,1,1,6933),(12118,1,1,6934),(12119,1,1,6935),(12120,1,1,6937),(12121,1,1,6938),(12122,1,1,6940),(12123,1,1,6942),(12124,1,1,6943),(12125,1,1,6945),(12126,1,1,6946),(12127,1,1,6948),(12128,1,1,6950),(12129,1,1,6951),(12130,1,1,6952),(12131,1,1,6955),(12132,1,1,6956),(12133,1,1,6958),(12134,1,1,6959),(12135,1,1,6961),(12136,1,1,6964),(12137,0,1,6967),(12138,1,1,6968),(12139,1,1,6971),(12140,1,1,6974),(12141,1,1,6976),(12142,1,1,6977),(12143,1,1,6978),(12144,1,1,6980),(12145,1,1,6982),(12146,1,1,6983),(12147,1,1,6984),(12148,1,1,6987),(12149,1,1,6988),(12150,1,1,6990),(12151,1,1,6991),(12152,1,1,6994),(12153,1,1,6997),(12154,1,1,7000),(12155,1,1,7001),(12156,1,1,7004),(12157,1,1,7007),(12158,1,1,7009),(12159,1,1,7010),(12160,1,1,7011),(12161,1,1,7013),(12162,0,1,7015),(12163,1,1,7016),(12164,1,1,7018),(12165,1,1,7020),(12166,1,1,7022),(12167,1,1,7024),(12168,1,1,7026),(12169,1,1,7028),(12170,1,1,7029),(12171,1,1,7031),(12172,1,1,7033),(12173,1,1,7035),(12174,1,1,7037),(12175,1,1,7040),(12176,1,1,7043),(12177,1,1,7045),(12178,1,1,7047),(12179,1,1,7049),(12180,1,1,7050),(12181,1,1,7051),(12182,1,1,7052),(12183,1,1,7055),(12184,1,1,7059),(12185,1,1,7061),(12186,1,1,7063),(12187,1,1,7065),(12188,1,1,7066),(12189,1,1,7067),(12190,1,1,7068),(12191,1,1,6),(12192,1,1,7),(12193,1,1,10),(12194,1,1,11),(12195,1,1,16),(12196,1,1,17),(12197,1,1,26),(12198,1,1,27),(12199,1,1,29),(12200,1,1,30),(12201,1,1,41),(12202,1,1,42),(12203,1,1,45),(12204,1,1,46),(12205,1,1,51),(12206,1,1,53),(12207,1,1,57),(12208,1,1,60),(12209,1,1,62),(12210,1,1,65),(12211,1,1,73),(12212,1,1,74),(12213,1,1,76),(12214,1,1,77),(12215,1,1,79),(12216,1,1,80),(12217,1,1,81),(12218,1,1,86),(12219,1,1,92),(12220,0,1,93),(12221,1,1,95),(12222,1,1,96),(12223,1,1,107),(12224,1,1,108),(12225,1,1,110),(12226,1,1,111),(12227,1,1,122),(12228,1,1,123),(12229,1,1,125),(12230,1,1,126),(12231,1,1,128),(12232,1,1,129),(12233,1,1,130),(12234,1,1,135),(12235,1,1,136),(12236,1,1,137),(12237,1,1,146),(12238,1,1,147),(12239,1,1,149),(12240,1,1,150),(12241,1,1,152),(12242,1,1,153),(12243,1,1,158),(12244,1,1,164),(12245,1,1,165),(12246,1,1,168),(12247,1,1,169),(12248,1,1,174),(12249,1,1,175),(12250,1,1,176),(12251,1,1,177),(12252,1,1,179),(12253,1,1,188),(12254,1,1,189),(12255,1,1,191),(12256,1,1,192),(12257,1,1,194),(12258,1,1,195),(12259,1,1,196),(12260,1,1,201),(12261,1,1,202),(12262,1,1,203),(12263,1,1,212),(12264,1,1,213),(12265,1,1,215),(12266,1,1,216),(12267,1,1,218),(12268,1,1,219),(12269,1,1,224),(12270,1,1,225),(12271,1,1,226),(12272,1,1,227),(12273,1,1,228),(12274,1,1,230),(12275,1,1,239),(12276,1,1,240),(12277,1,1,242),(12278,1,1,243),(12279,1,1,245),(12280,1,1,246),(12281,1,1,247),(12282,1,1,252),(12283,1,1,253),(12284,1,1,255),(12285,1,1,258),(12286,1,1,260),(12287,1,1,262),(12288,1,1,264),(12289,1,1,266),(12290,1,1,268),(12291,1,1,272),(12292,1,1,275),(12293,1,1,277),(12294,1,1,280),(12295,1,1,288),(12296,1,1,289),(12297,1,1,292),(12298,1,1,293),(12299,1,1,298),(12300,1,1,299),(12301,1,1,300),(12302,1,1,301),(12303,1,1,302),(12304,1,1,303),(12305,1,1,304),(12306,1,1,305),(12307,1,1,309),(12308,1,1,310),(12309,1,1,311),(12310,1,1,312),(12311,1,1,314),(12312,1,1,318),(12313,1,1,320),(12314,1,1,324),(12315,1,1,327),(12316,1,1,329),(12317,1,1,332),(12318,1,1,335),(12319,1,1,337),(12320,1,1,341),(12321,1,1,344),(12322,1,1,346),(12323,1,1,349),(12324,1,1,352),(12325,1,1,353),(12326,1,1,354),(12327,1,1,355),(12328,1,1,356),(12329,1,1,357),(12330,0,1,358),(12331,1,1,359),(12332,1,1,363),(12333,1,1,365),(12334,1,1,369),(12335,1,1,372),(12336,1,1,374),(12337,1,1,377),(12338,1,1,380),(12339,1,1,382),(12340,1,1,385),(12341,1,1,389),(12342,1,1,393),(12343,1,1,394),(12344,1,1,396),(12345,1,1,397),(12346,1,1,398),(12347,1,1,400),(12348,1,1,402),(12349,1,1,404),(12350,1,1,409),(12351,1,1,410),(12352,1,1,411),(12353,1,1,412),(12354,1,1,413),(12355,1,1,414),(12356,1,1,415),(12357,1,1,416),(12358,1,1,420),(12359,1,1,422),(12360,1,1,425),(12361,1,1,427),(12362,1,1,429),(12363,1,1,431),(12364,1,1,433),(12365,1,1,435),(12366,1,1,438),(12367,1,1,442),(12368,1,1,446),(12369,1,1,448),(12370,1,1,452),(12371,1,1,455),(12372,1,1,457),(12373,1,1,460),(12374,1,1,468),(12375,1,1,469),(12376,1,1,471),(12377,1,1,472),(12378,1,1,474),(12379,1,1,475),(12380,1,1,480),(12381,1,1,481),(12382,1,1,483),(12383,1,1,486),(12384,1,1,488),(12385,1,1,490),(12386,1,1,492),(12387,1,1,494),(12388,1,1,496),(12389,1,1,499),(12390,1,1,503),(12391,1,1,507),(12392,1,1,509),(12393,1,1,512),(12394,1,1,514),(12395,1,1,516),(12396,1,1,518),(12397,0,1,520),(12398,1,1,521),(12399,1,1,525),(12400,1,1,526),(12401,1,1,527),(12402,1,1,528),(12403,1,1,529),(12404,1,1,530),(12405,1,1,531),(12406,1,1,532),(12407,1,1,536),(12408,1,1,538),(12409,1,1,542),(12410,1,1,543),(12411,1,1,546),(12412,1,1,549),(12413,1,1,550),(12414,1,1,552),(12415,1,1,553),(12416,1,1,555),(12417,1,1,556),(12418,0,1,559),(12419,0,1,560),(12420,0,1,562),(12421,1,1,563),(12422,0,1,565),(12423,1,1,569),(12424,1,1,571),(12425,1,1,574),(12426,1,1,578),(12427,1,1,582),(12428,1,1,584),(12429,1,1,587),(12430,1,1,591),(12431,1,1,595),(12432,1,1,597),(12433,0,1,600),(12434,1,1,604),(12435,1,1,608),(12436,1,1,609),(12437,1,1,610),(12438,1,1,611),(12439,1,1,612),(12440,0,1,613),(12441,0,1,614),(12442,0,1,615),(12443,1,1,619),(12444,1,1,620),(12445,1,1,622),(12446,1,1,623),(12447,1,1,624),(12448,1,1,626),(12449,1,1,628),(12450,1,1,630),(12451,1,1,635),(12452,1,1,636),(12453,1,1,637),(12454,1,1,638),(12455,1,1,639),(12456,1,1,640),(12457,1,1,641),(12458,1,1,642),(12459,1,1,646),(12460,1,1,647),(12461,1,1,648),(12462,1,1,649),(12463,1,1,650),(12464,1,1,651),(12465,1,1,652),(12466,1,1,653),(12467,1,1,662),(12468,1,1,663),(12469,1,1,665),(12470,1,1,666),(12471,1,1,672),(12472,1,1,674),(12473,1,1,677),(12474,1,1,679),(12475,1,1,681),(12476,1,1,683),(12477,1,1,685),(12478,1,1,687),(12479,1,1,691),(12480,1,1,692),(12481,1,1,695),(12482,1,1,698),(12483,0,1,700),(12484,1,1,701),(12485,1,1,703),(12486,1,1,704),(12487,0,1,707),(12488,1,1,708),(12489,0,1,710),(12490,1,1,711),(12491,0,1,713),(12492,1,1,717),(12493,1,1,719),(12494,1,1,722),(12495,1,1,724),(12496,1,1,726),(12497,1,1,728),(12498,0,1,730),(12499,1,1,732),(12500,1,1,736),(12501,0,1,739),(12502,1,1,741),(12503,0,1,744),(12504,1,1,747),(12505,1,1,748),(12506,1,1,749),(12507,0,1,750),(12508,1,1,752),(12509,1,1,756),(12510,1,1,758),(12511,1,1,762),(12512,1,1,763),(12513,1,1,766),(12514,1,1,769),(12515,1,1,770),(12516,1,1,772),(12517,1,1,773),(12518,1,1,775),(12519,1,1,776),(12520,1,1,779),(12521,1,1,780),(12522,1,1,782),(12523,1,1,783),(12524,1,1,785),(12525,1,1,789),(12526,1,1,791),(12527,1,1,795),(12528,1,1,796),(12529,1,1,799),(12530,1,1,802),(12531,1,1,804),(12532,1,1,805),(12533,1,1,807),(12534,1,1,808),(12535,1,1,811),(12536,1,1,812),(12537,1,1,814),(12538,1,1,815),(12539,1,1,817),(12540,1,1,821),(12541,1,1,822),(12542,1,1,824),(12543,1,1,825),(12544,1,1,827),(12545,0,1,829),(12546,0,1,831),(12547,1,1,836),(12548,0,1,837),(12549,1,1,839),(12550,1,1,840),(12551,0,1,842),(12552,1,1,844),(12553,1,1,846),(12554,1,1,856),(12555,1,1,857),(12556,1,1,860),(12557,1,1,861),(12558,1,1,866),(12559,1,1,868),(12560,1,1,872),(12561,1,1,875),(12562,1,1,877),(12563,1,1,880),(12564,1,1,888),(12565,1,1,889),(12566,1,1,891),(12567,1,1,892),(12568,1,1,894),(12569,1,1,895),(12570,1,1,900),(12571,1,1,901),(12572,1,1,902),(12573,1,1,906),(12574,1,1,907),(12575,1,1,909),(12576,1,1,910),(12577,1,1,911),(12578,1,1,913),(12579,1,1,915),(12580,1,1,917),(12581,1,1,922),(12582,1,1,924),(12583,1,1,927),(12584,1,1,931),(12585,1,1,935),(12586,1,1,937),(12587,1,1,940),(12588,1,1,942),(12589,1,1,944),(12590,1,1,946),(12591,1,1,953),(12592,1,1,954),(12593,1,1,956),(12594,1,1,957),(12595,1,1,959),(12596,1,1,960),(12597,1,1,961),(12598,1,1,966),(12599,1,1,967),(12600,1,1,968),(12601,1,1,969),(12602,1,1,970),(12603,1,1,971),(12604,1,1,972),(12605,1,1,973),(12606,1,1,974),(12607,1,1,983),(12608,0,1,984),(12609,1,1,986),(12610,1,1,987),(12611,1,1,993),(12612,1,1,995),(12613,1,1,999),(12614,1,1,1000),(12615,1,1,1003),(12616,1,1,1006),(12617,1,1,1007),(12618,1,1,1009),(12619,1,1,1010),(12620,1,1,1012),(12621,1,1,1013),(12622,0,1,1016),(12623,1,1,1017),(12624,1,1,1019),(12625,1,1,1020),(12626,1,1,1022),(12627,1,1,1026),(12628,1,1,1028),(12629,1,1,1032),(12630,1,1,1033),(12631,1,1,1036),(12632,1,1,1039),(12633,1,1,1041),(12634,1,1,1042),(12635,0,1,1044),(12636,1,1,1045),(12637,1,1,1048),(12638,1,1,1049),(12639,1,1,1051),(12640,1,1,1052),(12641,0,1,1054),(12642,1,1,1058),(12643,1,1,1060),(12644,1,1,1064),(12645,1,1,1067),(12646,1,1,1069),(12647,1,1,1072),(12648,1,1,1080),(12649,1,1,1081),(12650,1,1,1083),(12651,1,1,1084),(12652,1,1,1086),(12653,1,1,1087),(12654,1,1,1092),(12655,1,1,1093),(12656,1,1,1095),(12657,1,1,1098),(12658,1,1,1102),(12659,1,1,1106),(12660,1,1,1107),(12661,1,1,1109),(12662,1,1,1110),(12663,1,1,1112),(12664,1,1,1114),(12665,1,1,1116),(12666,1,1,1121),(12667,1,1,1122),(12668,1,1,1123),(12669,1,1,1124),(12670,1,1,1126),(12671,1,1,1135),(12672,1,1,1136),(12673,1,1,1138),(12674,1,1,1139),(12675,1,1,1141),(12676,1,1,1142),(12677,1,1,1143),(12678,1,1,1148),(12679,1,1,1149),(12680,0,1,1150),(12681,1,1,1152),(12682,1,1,1153),(12683,1,1,1155),(12684,0,1,1157),(12685,1,1,1159),(12686,1,1,1169),(12687,1,1,1170),(12688,1,1,1172),(12689,1,1,1173),(12690,1,1,1179),(12691,1,1,1180),(12692,1,1,1181),(12693,1,1,1182),(12694,1,1,1183),(12695,1,1,1184),(12696,0,1,1185),(12697,1,1,1186),(12698,0,1,1190),(12699,1,1,1192),(12700,0,1,1195),(12701,1,1,1197),(12702,1,1,1199),(12703,1,1,1201),(12704,1,1,1203),(12705,1,1,1205),(12706,1,1,1208),(12707,1,1,1212),(12708,1,1,1221),(12709,1,1,1222),(12710,1,1,1225),(12711,0,1,1226),(12712,1,1,1236),(12713,1,1,1237),(12714,1,1,1239),(12715,1,1,1240),(12716,1,1,1242),(12717,1,1,1243),(12718,1,1,1244),(12719,1,1,1249),(12720,1,1,1250),(12721,1,1,1251),(12722,1,1,1252),(12723,1,1,1253),(12724,1,1,1254),(12725,1,1,1255),(12726,0,1,1256),(12727,0,1,1257),(12728,1,1,1261),(12729,1,1,1263),(12730,1,1,1267),(12731,1,1,1270),(12732,1,1,1272),(12733,1,1,1275),(12734,1,1,1278),(12735,1,1,1280),(12736,0,1,1283),(12737,1,1,1285),(12738,1,1,1287),(12739,1,1,1289),(12740,1,1,1291),(12741,1,1,1292),(12742,1,1,1293),(12743,1,1,1294),(12744,1,1,1295),(12745,1,1,1296),(12746,1,1,1297),(12747,1,1,1298),(12748,1,1,1302),(12749,1,1,1303),(12750,1,1,1304),(12751,1,1,1305),(12752,1,1,1306),(12753,1,1,1307),(12754,0,1,1308),(12755,1,1,1309),(12756,1,1,1313),(12757,1,1,1315),(12758,1,1,1318),(12759,1,1,1322),(12760,1,1,1326),(12761,1,1,1328),(12762,1,1,1332),(12763,1,1,1333),(12764,1,1,1336),(12765,1,1,1339),(12766,1,1,1341),(12767,1,1,1342),(12768,1,1,1344),(12769,1,1,1345),(12770,0,1,1348),(12771,1,1,1349),(12772,0,1,1351),(12773,1,1,1352),(12774,0,1,1354),(12775,1,1,1358),(12776,1,1,1359),(12777,1,1,1363),(12778,1,1,1365),(12779,0,1,1369),(12780,1,1,1370),(12781,1,1,1373),(12782,1,1,1376),(12783,1,1,1377),(12784,1,1,1379),(12785,1,1,1380),(12786,1,1,1382),(12787,1,1,1383),(12788,0,1,1386),(12789,1,1,1387),(12790,1,1,1389),(12791,1,1,1390),(12792,0,1,1392),(12793,1,1,1396),(12794,1,1,1398),(12795,1,1,1401),(12796,1,1,1405),(12797,1,1,1409),(12798,0,1,1411),(12799,1,1,1414),(12800,1,1,1416),(12801,1,1,1418),(12802,1,1,1420),(12803,1,1,1422),(12804,1,1,1424),(12805,1,1,1428),(12806,1,1,1429),(12807,1,1,1432),(12808,1,1,1435),(12809,1,1,1436),(12810,1,1,1438),(12811,1,1,1439),(12812,1,1,1441),(12813,1,1,1442),(12814,1,1,1445),(12815,1,1,1446),(12816,1,1,1448),(12817,1,1,1449),(12818,1,1,1451),(12819,1,1,1455),(12820,1,1,1456),(12821,1,1,1457),(12822,1,1,1458),(12823,1,1,1460),(12824,1,1,1464),(12825,1,1,1465),(12826,1,1,1467),(12827,1,1,1468),(12828,1,1,1469),(12829,1,1,1471),(12830,1,1,1473),(12831,1,1,1475),(12832,1,1,1480),(12833,1,1,1482),(12834,1,1,1486),(12835,1,1,1489),(12836,1,1,1491),(12837,1,1,1494),(12838,1,1,1497),(12839,1,1,1499),(12840,1,1,1503),(12841,1,1,1504),(12842,1,1,1507),(12843,1,1,1510),(12844,1,1,1511),(12845,1,1,1513),(12846,1,1,1514),(12847,1,1,1516),(12848,1,1,1517),(12849,0,1,1520),(12850,1,1,1521),(12851,1,1,1523),(12852,1,1,1524),(12853,1,1,1526),(12854,1,1,1530),(12855,1,1,1532),(12856,1,1,1536),(12857,1,1,1537),(12858,1,1,1540),(12859,1,1,1543),(12860,0,1,1545),(12861,1,1,1546),(12862,0,1,1548),(12863,1,1,1549),(12864,0,1,1552),(12865,1,1,1553),(12866,1,1,1555),(12867,1,1,1556),(12868,1,1,1558),(12869,1,1,1562),(12870,1,1,1563),(12871,0,1,1565),(12872,1,1,1566),(12873,1,1,1568),(12874,1,1,1570),(12875,1,1,1572),(12876,1,1,1582),(12877,1,1,1583),(12878,1,1,1585),(12879,1,1,1586),(12880,1,1,1592),(12881,1,1,1593),(12882,1,1,1595),(12883,1,1,1596),(12884,1,1,1597),(12885,1,1,1599),(12886,1,1,1601),(12887,1,1,1603),(12888,1,1,1608),(12889,1,1,1610),(12890,1,1,1614),(12891,1,1,1615),(12892,1,1,1618),(12893,1,1,1621),(12894,1,1,1623),(12895,1,1,1624),(12896,1,1,1626),(12897,1,1,1627),(12898,0,1,1630),(12899,1,1,1631),(12900,0,1,1633),(12901,1,1,1634),(12902,0,1,1636),(12903,1,1,1640),(12904,1,1,1642),(12905,1,1,1646),(12906,1,1,1647),(12907,1,1,1650),(12908,1,1,1653),(12909,1,1,1654),(12910,1,1,1656),(12911,1,1,1657),(12912,1,1,1659),(12913,1,1,1660),(12914,0,1,1663),(12915,1,1,1664),(12916,0,1,1666),(12917,1,1,1667),(12918,0,1,1669),(12919,1,1,1673),(12920,1,1,1675),(12921,1,1,1678),(12922,1,1,1680),(12923,1,1,1682),(12924,1,1,1684),(12925,1,1,1686),(12926,1,1,1688),(12927,0,1,1691),(12928,1,1,1693),(12929,1,1,1695),(12930,1,1,1697),(12931,1,1,1699),(12932,1,1,1700),(12933,1,1,1701),(12934,1,1,1702),(12935,1,1,1704),(12936,1,1,1713),(12937,1,1,1714),(12938,1,1,1716),(12939,1,1,1717),(12940,1,1,1719),(12941,0,1,1720),(12942,0,1,1725),(12943,1,1,1726),(12944,0,1,1727),(12945,0,1,1729),(12946,1,1,1730),(12947,1,1,1731),(12948,1,1,1733),(12949,1,1,1735),(12950,1,1,1737),(12951,1,1,1742),(12952,1,1,1744),(12953,1,1,1748),(12954,1,1,1751),(12955,1,1,1753),(12956,0,1,1756),(12957,1,1,1759),(12958,1,1,1760),(12959,1,1,1761),(12960,1,1,1762),(12961,1,1,1763),(12962,1,1,1764),(12963,1,1,1765),(12964,1,1,1766),(12965,1,1,1770),(12966,1,1,1772),(12967,1,1,1775),(12968,1,1,1777),(12969,1,1,1779),(12970,1,1,1781),(12971,1,1,1783),(12972,1,1,1785),(12973,1,1,1788),(12974,1,1,1792),(12975,1,1,1796),(12976,1,1,1797),(12977,1,1,1799),(12978,1,1,1800),(12979,1,1,1802),(12980,1,1,1804),(12981,1,1,1806),(12982,1,1,1811),(12983,1,1,1813),(12984,1,1,1817),(12985,1,1,1818),(12986,1,1,1821),(12987,1,1,1824),(12988,1,1,1826),(12989,1,1,1827),(12990,0,1,1829),(12991,0,1,1830),(12992,0,1,1833),(12993,1,1,1834),(12994,1,1,1836),(12995,1,1,1837),(12996,1,1,1839),(12997,1,1,1848),(12998,1,1,1849),(12999,1,1,1851),(13000,1,1,1852),(13001,1,1,1854),(13002,1,1,1855),(13003,0,1,1860),(13004,1,1,1861),(13005,1,1,1862),(13006,1,1,1863),(13007,1,1,1864),(13008,1,1,1865),(13009,1,1,1866),(13010,1,1,1867),(13011,1,1,1868),(13012,1,1,1872),(13013,1,1,1874),(13014,1,1,1877),(13015,1,1,1881),(13016,1,1,1885),(13017,1,1,1887),(13018,1,1,1891),(13019,1,1,1892),(13020,1,1,1895),(13021,1,1,1898),(13022,1,1,1900),(13023,1,1,1901),(13024,1,1,1903),(13025,1,1,1904),(13026,1,1,1907),(13027,1,1,1908),(13028,1,1,1910),(13029,1,1,1911),(13030,1,1,1913),(13031,1,1,1922),(13032,1,1,1923),(13033,1,1,1926),(13034,0,1,1927),(13035,1,1,1932),(13036,1,1,1933),(13037,1,1,1937),(13038,1,1,1939),(13039,1,1,1943),(13040,1,1,1946),(13041,1,1,1948),(13042,1,1,1951),(13043,1,1,1954),(13044,1,1,1956),(13045,1,1,1959),(13046,1,1,1961),(13047,1,1,1963),(13048,1,1,1965),(13049,1,1,1967),(13050,1,1,1968),(13051,1,1,1970),(13052,1,1,1971),(13053,1,1,1972),(13054,1,1,1974),(13055,1,1,1976),(13056,1,1,1978),(13057,1,1,1988),(13058,1,1,1989),(13059,1,1,1991),(13060,1,1,1992),(13061,1,1,1994),(13062,1,1,1995),(13063,1,1,2000),(13064,1,1,2006),(13065,1,1,2007),(13066,1,1,2009),(13067,1,1,2010),(13068,1,1,2012),(13069,1,1,2013),(13070,1,1,2014),(13071,1,1,2019),(13072,1,1,2025),(13073,1,1,2026),(13074,1,1,2028),(13075,1,1,2029),(13076,1,1,2031),(13077,1,1,2032),(13078,1,1,2037),(13079,1,1,2038),(13080,1,1,2039),(13081,1,1,2040),(13082,1,1,2041),(13083,1,1,2042),(13084,1,1,2043),(13085,1,1,2044),(13086,1,1,2045),(13087,1,1,2054),(13088,1,1,2055),(13089,1,1,2057),(13090,1,1,2058),(13091,1,1,2060),(13092,1,1,2061),(13093,1,1,2066),(13094,1,1,2067),(13095,1,1,2068),(13096,1,1,2069),(13097,1,1,2070),(13098,1,1,2071),(13099,1,1,2072),(13100,1,1,2073),(13101,1,1,2074),(13102,1,1,2078),(13103,1,1,2080),(13104,1,1,2083),(13105,1,1,2087),(13106,1,1,2096),(13107,1,1,2097),(13108,1,1,2099),(13109,1,1,2100),(13110,1,1,2106),(13111,1,1,2107),(13112,1,1,2108),(13113,1,1,2109),(13114,1,1,2110),(13115,1,1,2111),(13116,1,1,2112),(13117,1,1,2113),(13118,1,1,2122),(13119,1,1,2123),(13120,1,1,2126),(13121,1,1,2127),(13122,1,1,2132),(13123,1,1,2134),(13124,1,1,2137),(13125,1,1,2141),(13126,1,1,2145),(13127,1,1,2146),(13128,1,1,2155),(13129,0,1,2156),(13130,1,1,2158),(13131,1,1,2159),(13132,1,1,2165),(13133,1,1,2167),(13134,1,1,2170),(13135,1,1,2174),(13136,1,1,2178),(13137,1,1,2180),(13138,1,1,2184),(13139,1,1,2187),(13140,1,1,2189),(13141,1,1,2192),(13142,1,1,2195),(13143,1,1,2197),(13144,1,1,2201),(13145,1,1,2202),(13146,1,1,2205),(13147,1,1,2208),(13148,1,1,2210),(13149,1,1,2211),(13150,1,1,2213),(13151,1,1,2214),(13152,1,1,2217),(13153,1,1,2218),(13154,1,1,2220),(13155,1,1,2221),(13156,1,1,2223),(13157,1,1,2227),(13158,1,1,2229),(13159,1,1,2233),(13160,1,1,2234),(13161,1,1,2237),(13162,1,1,2240),(13163,1,1,2241),(13164,1,1,2243),(13165,1,1,2244),(13166,1,1,2246),(13167,1,1,2247),(13168,1,1,2250),(13169,1,1,2251),(13170,1,1,2253),(13171,1,1,2254),(13172,1,1,2256),(13173,1,1,2265),(13174,1,1,2266),(13175,1,1,2269),(13176,1,1,2270),(13177,1,1,2275),(13178,1,1,2276),(13179,1,1,2280),(13180,1,1,2282),(13181,1,1,2286),(13182,1,1,2287),(13183,1,1,2290),(13184,1,1,2293),(13185,1,1,2295),(13186,1,1,2296),(13187,1,1,2298),(13188,1,1,2299),(13189,0,1,2302),(13190,0,1,2303),(13191,0,1,2305),(13192,1,1,2306),(13193,0,1,2308),(13194,1,1,2317),(13195,0,1,2318),(13196,1,1,2320),(13197,1,1,2321),(13198,0,1,2327),(13199,1,1,2328),(13200,1,1,2329),(13201,1,1,2330),(13202,1,1,2332),(13203,1,1,2341),(13204,1,1,2342),(13205,1,1,2345),(13206,1,1,2346),(13207,1,1,2351),(13208,1,1,2353),(13209,1,1,2357),(13210,1,1,2360),(13211,1,1,2362),(13212,1,1,2365),(13213,1,1,2368),(13214,1,1,2369),(13215,1,1,2373),(13216,1,1,2375),(13217,1,1,2379),(13218,1,1,2382),(13219,1,1,2384),(13220,1,1,2387),(13221,1,1,2390),(13222,1,1,2392),(13223,1,1,2396),(13224,1,1,2399),(13225,1,1,2401),(13226,1,1,2404),(13227,1,1,2407),(13228,1,1,2409),(13229,0,1,2412),(13230,1,1,2414),(13231,1,1,2416),(13232,1,1,2418),(13233,1,1,2420),(13234,1,1,2421),(13235,1,1,2422),(13236,0,1,2423),(13237,0,1,2425),(13238,1,1,2429),(13239,1,1,2431),(13240,1,1,2434),(13241,1,1,2436),(13242,1,1,2438),(13243,1,1,2440),(13244,1,1,2442),(13245,1,1,2444),(13246,1,1,2447),(13247,1,1,2449),(13248,1,1,2451),(13249,1,1,2453),(13250,1,1,2455),(13251,1,1,2456),(13252,0,1,2458),(13253,1,1,2459),(13254,1,1,2460),(13255,1,1,2462),(13256,1,1,2464),(13257,1,1,2466),(13258,1,1,2471),(13259,0,1,2472),(13260,0,1,2474),(13261,1,1,2475),(13262,1,1,2477),(13263,0,1,2479),(13264,0,1,2481),(13265,1,1,2486),(13266,1,1,2488),(13267,1,1,2492),(13268,1,1,2495),(13269,1,1,2497),(13270,1,1,2500),(13271,1,1,2503),(13272,1,1,2505),(13273,1,1,2508),(13274,1,1,2510),(13275,1,1,2512),(13276,1,1,2514),(13277,1,1,2516),(13278,1,1,2517),(13279,1,1,2519),(13280,1,1,2520),(13281,1,1,2521),(13282,1,1,2523),(13283,1,1,2525),(13284,1,1,2527),(13285,1,1,2537),(13286,1,1,2538),(13287,1,1,2540),(13288,1,1,2541),(13289,1,1,2543),(13290,1,1,2544),(13291,1,1,2549),(13292,1,1,2550),(13293,1,1,2551),(13294,1,1,2553),(13295,1,1,2554),(13296,1,1,2555),(13297,1,1,2557),(13298,1,1,2559),(13299,1,1,2561),(13300,1,1,2566),(13301,1,1,2567),(13302,1,1,2568),(13303,1,1,2569),(13304,1,1,2570),(13305,1,1,2571),(13306,0,1,2572),(13307,1,1,2573),(13308,1,1,2577),(13309,1,1,2579),(13310,0,1,2582),(13311,1,1,2584),(13312,1,1,2586),(13313,1,1,2588),(13314,1,1,2590),(13315,1,1,2592),(13316,1,1,2595),(13317,1,1,2599),(13318,1,1,2603),(13319,1,1,2605),(13320,1,1,2609),(13321,1,1,2610),(13322,1,1,2613),(13323,1,1,2616),(13324,1,1,2618),(13325,0,1,2619),(13326,0,1,2621),(13327,0,1,2622),(13328,1,1,2625),(13329,1,1,2626),(13330,1,1,2628),(13331,1,1,2629),(13332,1,1,2631),(13333,1,1,2635),(13334,1,1,2636),(13335,1,1,2638),(13336,1,1,2639),(13337,1,1,2641),(13338,1,1,2643),(13339,1,1,2645),(13340,1,1,2655),(13341,1,1,2656),(13342,1,1,2658),(13343,1,1,2659),(13344,1,1,2661),(13345,1,1,2662),(13346,0,1,2663),(13347,1,1,2668),(13348,1,1,2669),(13349,1,1,2670),(13350,0,1,2671),(13351,0,1,2672),(13352,0,1,2673),(13353,1,1,2674),(13354,0,1,2675),(13355,0,1,2676),(13356,1,1,2680),(13357,1,1,2682),(13358,1,1,2685),(13359,1,1,2689),(13360,1,1,2698),(13361,1,1,2699),(13362,1,1,2701),(13363,1,1,2702),(13364,1,1,2704),(13365,0,1,2705),(13366,0,1,2710),(13367,1,1,2716),(13368,1,1,2717),(13369,1,1,2719),(13370,1,1,2720),(13371,1,1,2726),(13372,1,1,2728),(13373,1,1,2732),(13374,1,1,2733),(13375,0,1,2736),(13376,0,1,2739),(13377,1,1,2740),(13378,1,1,2742),(13379,1,1,2743),(13380,0,1,2745),(13381,1,1,2746),(13382,0,1,2749),(13383,1,1,2750),(13384,0,1,2752),(13385,1,1,2753),(13386,1,1,2755),(13387,1,1,2764),(13388,1,1,2765),(13389,1,1,2767),(13390,1,1,2768),(13391,1,1,2770),(13392,0,1,2771),(13393,0,1,2776),(13394,1,1,2782),(13395,1,1,2783),(13396,1,1,2785),(13397,1,1,2786),(13398,1,1,2792),(13399,1,1,2793),(13400,1,1,2794),(13401,1,1,2795),(13402,1,1,2796),(13403,1,1,2797),(13404,1,1,2798),(13405,1,1,2799),(13406,1,1,2808),(13407,1,1,2809),(13408,1,1,2811),(13409,1,1,2812),(13410,1,1,2818),(13411,1,1,2819),(13412,1,1,2820),(13413,1,1,2821),(13414,1,1,2823),(13415,1,1,2827),(13416,1,1,2829),(13417,1,1,2832),(13418,1,1,2836),(13419,0,1,2840),(13420,1,1,2841),(13421,1,1,2842),(13422,0,1,2843),(13423,1,1,2844),(13424,1,1,2845),(13425,1,1,2846),(13426,1,1,2847),(13427,1,1,2851),(13428,1,1,2853),(13429,1,1,2857),(13430,1,1,2860),(13431,1,1,2862),(13432,1,1,2865),(13433,1,1,2868),(13434,1,1,2869),(13435,1,1,2870),(13436,0,1,2871),(13437,0,1,2873),(13438,1,1,2877),(13439,1,1,2879),(13440,1,1,2882),(13441,1,1,2886),(13442,1,1,2890),(13443,1,1,2892),(13444,1,1,2896),(13445,1,1,2899),(13446,1,1,2901),(13447,0,1,2904),(13448,1,1,2907),(13449,1,1,2909),(13450,1,1,2912),(13451,1,1,2914),(13452,1,1,2916),(13453,1,1,2918),(13454,1,1,2920),(13455,1,1,2922),(13456,1,1,2926),(13457,1,1,2927),(13458,1,1,2930),(13459,1,1,2933),(13460,1,1,2935),(13461,1,1,2936),(13462,1,1,2938),(13463,1,1,2939),(13464,1,1,2942),(13465,1,1,2943),(13466,1,1,2945),(13467,1,1,2946),(13468,1,1,2948),(13469,0,1,2952),(13470,1,1,2954),(13471,1,1,2957),(13472,1,1,2959),(13473,1,1,2961),(13474,1,1,2963),(13475,1,1,2970),(13476,1,1,2971),(13477,1,1,2974),(13478,1,1,2975),(13479,1,1,2980),(13480,1,1,2981),(13481,1,1,2983),(13482,1,1,2984),(13483,1,1,2986),(13484,1,1,2988),(13485,1,1,2990),(13486,1,1,2995),(13487,1,1,2997),(13488,1,1,3001),(13489,1,1,3002),(13490,1,1,3005),(13491,1,1,3008),(13492,1,1,3010),(13493,1,1,3011),(13494,1,1,3013),(13495,1,1,3014),(13496,0,1,3017),(13497,1,1,3018),(13498,0,1,3020),(13499,1,1,3021),(13500,0,1,3023),(13501,1,1,3027),(13502,1,1,3028),(13503,1,1,3037),(13504,1,1,3038),(13505,1,1,3040),(13506,1,1,3041),(13507,1,1,3043),(13508,1,1,3044),(13509,1,1,3045),(13510,1,1,3050),(13511,1,1,3056),(13512,0,1,3057),(13513,1,1,3060),(13514,1,1,3061),(13515,1,1,3066),(13516,1,1,3068),(13517,1,1,3072),(13518,1,1,3075),(13519,1,1,3077),(13520,1,1,3080),(13521,1,1,3083),(13522,1,1,3084),(13523,1,1,3085),(13524,1,1,3086),(13525,1,1,3087),(13526,1,1,3088),(13527,1,1,3089),(13528,1,1,3090),(13529,1,1,3099),(13530,1,1,3100),(13531,1,1,3103),(13532,1,1,3104),(13533,1,1,3109),(13534,1,1,3110),(13535,1,1,3112),(13536,0,1,3113),(13537,1,1,3115),(13538,1,1,3117),(13539,1,1,3119),(13540,1,1,3124),(13541,1,1,3126),(13542,1,1,3129),(13543,1,1,3133),(13544,1,1,3142),(13545,1,1,3143),(13546,1,1,3146),(13547,1,1,3147),(13548,1,1,3152),(13549,1,1,3154),(13550,1,1,3157),(13551,1,1,3159),(13552,1,1,3161),(13553,1,1,3163),(13554,1,1,3170),(13555,1,1,3171),(13556,1,1,3174),(13557,1,1,3175),(13558,1,1,3180),(13559,1,1,3182),(13560,1,1,3186),(13561,1,1,3187),(13562,1,1,3190),(13563,1,1,3193),(13564,1,1,3194),(13565,1,1,3196),(13566,1,1,3197),(13567,1,1,3199),(13568,1,1,3200),(13569,0,1,3203),(13570,1,1,3204),(13571,1,1,3206),(13572,1,1,3207),(13573,0,1,3209),(13574,0,1,3218),(13575,0,1,3219),(13576,1,1,3221),(13577,1,1,3222),(13578,1,1,3224),(13579,1,1,3225),(13580,0,1,3226),(13581,0,1,3231),(13582,1,1,3232),(13583,1,1,3233),(13584,1,1,3235),(13585,1,1,3236),(13586,1,1,3237),(13587,1,1,3239),(13588,1,1,3241),(13589,1,1,3243),(13590,0,1,3248),(13591,0,1,3249),(13592,0,1,3250),(13593,0,1,3251),(13594,0,1,3252),(13595,1,1,3253),(13596,0,1,3254),(13597,0,1,3255),(13598,1,1,3259),(13599,0,1,3260),(13600,0,1,3264),(13601,1,1,3266),(13602,1,1,3269),(13603,1,1,3273),(13604,0,1,3277),(13605,1,1,3279),(13606,1,1,3283),(13607,1,1,3286),(13608,1,1,3288),(13609,1,1,3291),(13610,1,1,3294),(13611,1,1,3296),(13612,1,1,3299),(13613,1,1,3301),(13614,1,1,3303),(13615,1,1,3305),(13616,1,1,3307),(13617,1,1,3308),(13618,0,1,3310),(13619,1,1,3311),(13620,1,1,3312),(13621,1,1,3314),(13622,1,1,3316),(13623,1,1,3318),(13624,0,1,3328),(13625,0,1,3329),(13626,1,1,3331),(13627,1,1,3332),(13628,1,1,3334),(13629,1,1,3335),(13630,0,1,3340),(13631,0,1,3341),(13632,1,1,3342),(13633,0,1,3343),(13634,1,1,3344),(13635,1,1,3345),(13636,1,1,3346),(13637,0,1,3347),(13638,0,1,3348),(13639,1,1,3352),(13640,1,1,3354),(13641,1,1,3357),(13642,1,1,3361),(13643,1,1,3365),(13644,1,1,3367),(13645,1,1,3371),(13646,1,1,3372),(13647,1,1,3375),(13648,1,1,3378),(13649,1,1,3380),(13650,1,1,3381),(13651,0,1,3383),(13652,1,1,3384),(13653,1,1,3387),(13654,1,1,3388),(13655,1,1,3390),(13656,1,1,3391),(13657,1,1,3393),(13658,1,1,3402),(13659,1,1,3403),(13660,1,1,3406),(13661,1,1,3407),(13662,1,1,3412),(13663,0,1,3413),(13664,1,1,3417),(13665,1,1,3419),(13666,1,1,3423),(13667,1,1,3426),(13668,1,1,3428),(13669,0,1,3431),(13670,1,1,3434),(13671,1,1,3435),(13672,1,1,3437),(13673,1,1,3438),(13674,1,1,3439),(13675,1,1,3441),(13676,1,1,3443),(13677,1,1,3445),(13678,1,1,3455),(13679,1,1,3458),(13680,1,1,3459),(13681,1,1,3464),(13682,1,1,3465),(13683,1,1,3469),(13684,1,1,3471),(13685,1,1,3475),(13686,1,1,3478),(13687,1,1,3480),(13688,1,1,3483),(13689,0,1,3486),(13690,1,1,3488),(13691,1,1,3491),(13692,1,1,3493),(13693,1,1,3495),(13694,1,1,3497),(13695,1,1,3499),(13696,1,1,3500),(13697,1,1,3502),(13698,1,1,3503),(13699,1,1,3504),(13700,1,1,3506),(13701,1,1,3508),(13702,1,1,3510),(13703,1,1,3520),(13704,1,1,3521),(13705,1,1,3524),(13706,1,1,3525),(13707,1,1,3530),(13708,1,1,3531),(13709,1,1,3535),(13710,1,1,3537),(13711,1,1,3541),(13712,1,1,3544),(13713,1,1,3546),(13714,1,1,3549),(13715,1,1,3557),(13716,1,1,3558),(13717,1,1,3561),(13718,0,1,3562),(13719,0,1,3567),(13720,1,1,3568),(13721,1,1,3572),(13722,1,1,3573),(13723,1,1,3577),(13724,1,1,3579),(13725,1,1,3583),(13726,1,1,3586),(13727,1,1,3588),(13728,1,1,3591),(13729,1,1,3594),(13730,1,1,3595),(13731,1,1,3597),(13732,1,1,3598),(13733,1,1,3599),(13734,1,1,3601),(13735,1,1,3603),(13736,1,1,3605),(13737,1,1,3615),(13738,1,1,3616),(13739,1,1,3618),(13740,1,1,3619),(13741,1,1,3621),(13742,0,1,3622),(13743,1,1,3627),(13744,1,1,3628),(13745,1,1,3629),(13746,1,1,3630),(13747,1,1,3631),(13748,1,1,3632),(13749,1,1,3633),(13750,1,1,3634),(13751,1,1,3635),(13752,1,1,3639),(13753,1,1,3641),(13754,1,1,3644),(13755,1,1,3648),(13756,1,1,3652),(13757,1,1,3654),(13758,1,1,3658),(13759,1,1,3659),(13760,1,1,3662),(13761,1,1,3665),(13762,1,1,3667),(13763,1,1,3668),(13764,1,1,3670),(13765,1,1,3671),(13766,0,1,3674),(13767,1,1,3675),(13768,1,1,3677),(13769,1,1,3678),(13770,1,1,3680),(13771,0,1,3684),(13772,1,1,3686),(13773,1,1,3689),(13774,1,1,3691),(13775,1,1,3693),(13776,1,1,3695),(13777,1,1,3697),(13778,1,1,3698),(13779,1,1,3700),(13780,1,1,3701),(13781,1,1,3702),(13782,1,1,3704),(13783,1,1,3706),(13784,1,1,3708),(13785,1,1,3718),(13786,1,1,3719),(13787,1,1,3722),(13788,1,1,3723),(13789,1,1,3728),(13790,1,1,3729),(13791,1,1,3733),(13792,1,1,3735),(13793,1,1,3739),(13794,1,1,3742),(13795,1,1,3744),(13796,1,1,3747),(13797,0,1,3750),(13798,1,1,3752),(13799,0,1,3755),(13800,0,1,3757),(13801,1,1,3759),(13802,1,1,3761),(13803,1,1,3763),(13804,1,1,3764),(13805,1,1,3766),(13806,1,1,3767),(13807,1,1,3768),(13808,1,1,3770),(13809,1,1,3772),(13810,1,1,3774),(13811,1,1,3784),(13812,1,1,3785),(13813,1,1,3787),(13814,1,1,3788),(13815,1,1,3790),(13816,0,1,3791),(13817,1,1,3796),(13818,1,1,3797),(13819,1,1,3798),(13820,1,1,3799),(13821,1,1,3800),(13822,1,1,3801),(13823,1,1,3802),(13824,1,1,3803),(13825,1,1,3804),(13826,1,1,3808),(13827,1,1,3810),(13828,1,1,3813),(13829,1,1,3817),(13830,1,1,3821),(13831,1,1,3823),(13832,1,1,3827),(13833,1,1,3828),(13834,1,1,3831),(13835,1,1,3834),(13836,1,1,3836),(13837,1,1,3837),(13838,1,1,3839),(13839,1,1,3840),(13840,0,1,3843),(13841,1,1,3844),(13842,0,1,3846),(13843,1,1,3847),(13844,1,1,3849),(13845,1,1,3858),(13846,0,1,3859),(13847,1,1,3861),(13848,1,1,3862),(13849,1,1,3868),(13850,1,1,3869),(13851,1,1,3870),(13852,1,1,3871),(13853,1,1,3873),(13854,1,1,3877),(13855,1,1,3879),(13856,1,1,3883),(13857,1,1,3886),(13858,1,1,3888),(13859,0,1,3891),(13860,0,1,3894),(13861,1,1,3896),(13862,1,1,3899),(13863,1,1,3901),(13864,1,1,3903),(13865,1,1,3905),(13866,1,1,3912),(13867,1,1,3913),(13868,1,1,3915),(13869,1,1,3916),(13870,1,1,3918),(13871,1,1,3919),(13872,1,1,3920),(13873,1,1,3925),(13874,1,1,3926),(13875,1,1,3927),(13876,1,1,3928),(13877,1,1,3929),(13878,1,1,3930),(13879,1,1,3931),(13880,1,1,3932),(13881,1,1,3933),(13882,1,1,3937),(13883,1,1,3939),(13884,1,1,3942),(13885,1,1,3946),(13886,1,1,3955),(13887,1,1,3956),(13888,1,1,3958),(13889,1,1,3959),(13890,1,1,3961),(13891,0,1,3962),(13892,1,1,3967),(13893,1,1,3968),(13894,1,1,3970),(13895,1,1,3974),(13896,1,1,3975),(13897,1,1,3978),(13898,1,1,3981),(13899,1,1,3982),(13900,1,1,3984),(13901,1,1,3985),(13902,1,1,3987),(13903,1,1,3988),(13904,1,1,3991),(13905,1,1,3992),(13906,1,1,3994),(13907,1,1,3995),(13908,1,1,3997),(13909,1,1,4001),(13910,1,1,4002),(13911,1,1,4003),(13912,1,1,4004),(13913,1,1,4005),(13914,1,1,4006),(13915,1,1,4007),(13916,1,1,4008),(13917,1,1,4012),(13918,1,1,4014),(13919,1,1,4017),(13920,1,1,4021),(13921,1,1,4025),(13922,1,1,4027),(13923,1,1,4031),(13924,1,1,4032),(13925,1,1,4035),(13926,1,1,4038),(13927,1,1,4040),(13928,1,1,4041),(13929,0,1,4043),(13930,1,1,4044),(13931,1,1,4047),(13932,1,1,4048),(13933,1,1,4050),(13934,1,1,4051),(13935,1,1,4053),(13936,0,1,4062),(13937,1,1,4063),(13938,1,1,4065),(13939,1,1,4066),(13940,0,1,4072),(13941,1,1,4073),(13942,1,1,4074),(13943,1,1,4075),(13944,1,1,4077),(13945,1,1,4081),(13946,1,1,4083),(13947,1,1,4087),(13948,1,1,4090),(13949,1,1,4092),(13950,1,1,4095),(13951,0,1,4098),(13952,1,1,4100),(13953,1,1,4103),(13954,1,1,4105),(13955,1,1,4107),(13956,1,1,4109),(13957,1,1,4111),(13958,1,1,4112),(13959,1,1,4114),(13960,1,1,4115),(13961,1,1,4117),(13962,1,1,4119),(13963,1,1,4121),(13964,1,1,4131),(13965,1,1,4132),(13966,1,1,4134),(13967,1,1,4135),(13968,1,1,4137),(13969,1,1,4138),(13970,1,1,4139),(13971,1,1,4144),(13972,1,1,4145),(13973,1,1,4146),(13974,1,1,4147),(13975,1,1,4148),(13976,1,1,4149),(13977,1,1,4150),(13978,1,1,4151),(13979,1,1,4152),(13980,1,1,4156),(13981,1,1,4158),(13982,1,1,4161),(13983,1,1,4165),(13984,1,1,4169),(13985,1,1,4171),(13986,1,1,4175),(13987,1,1,4176),(13988,1,1,4179),(13989,1,1,4182),(13990,1,1,4183),(13991,1,1,4185),(13992,1,1,4186),(13993,1,1,4188),(13994,1,1,4189),(13995,1,1,4192),(13996,1,1,4193),(13997,1,1,4195),(13998,1,1,4196),(13999,1,1,4198),(14000,1,1,4207),(14001,1,1,4208),(14002,1,1,4211),(14003,1,1,4212),(14004,1,1,4222),(14005,1,1,4223),(14006,1,1,4226),(14007,1,1,4227),(14008,1,1,4232),(14009,1,1,4234),(14010,1,1,4238),(14011,1,1,4241),(14012,1,1,4243),(14013,1,1,4246),(14014,1,1,4284),(14015,1,1,4285),(14016,1,1,4288),(14017,1,1,4289),(14018,1,1,4299),(14019,1,1,4300),(14020,1,1,4302),(14021,1,1,4303),(14022,1,1,4305),(14023,1,1,4306),(14024,1,1,4307),(14025,1,1,4312),(14026,1,1,4313),(14027,1,1,4314),(14028,1,1,4318),(14029,1,1,4320),(14030,1,1,4324),(14031,1,1,4327),(14032,1,1,4329),(14033,1,1,4332),(14034,1,1,4335),(14035,1,1,4336),(14036,1,1,4337),(14037,1,1,4338),(14038,1,1,4339),(14039,1,1,4340),(14040,1,1,4341),(14041,1,1,4342),(14042,1,1,4346),(14043,1,1,4348),(14044,1,1,4351),(14045,1,1,4355),(14046,1,1,4359),(14047,1,1,4361),(14048,1,1,4365),(14049,1,1,4366),(14050,1,1,4369),(14051,1,1,4372),(14052,1,1,4373),(14053,1,1,4375),(14054,1,1,4376),(14055,1,1,4378),(14056,1,1,4379),(14057,1,1,4382),(14058,1,1,4383),(14059,1,1,4385),(14060,1,1,4386),(14061,1,1,4388),(14062,1,1,4392),(14063,1,1,4394),(14064,1,1,4397),(14065,1,1,4399),(14066,1,1,4401),(14067,1,1,4403),(14068,1,1,4410),(14069,1,1,4411),(14070,1,1,4413),(14071,1,1,4414),(14072,1,1,4420),(14073,1,1,4421),(14074,0,1,4423),(14075,1,1,4424),(14076,1,1,4425),(14077,1,1,4427),(14078,1,1,4429),(14079,1,1,4431),(14080,1,1,4441),(14081,1,1,4442),(14082,1,1,4444),(14083,1,1,4445),(14084,1,1,4447),(14085,1,1,4448),(14086,1,1,4453),(14087,1,1,4454),(14088,1,1,4455),(14089,1,1,4456),(14090,1,1,4457),(14091,1,1,4458),(14092,1,1,4459),(14093,1,1,4460),(14094,1,1,4461),(14095,1,1,4465),(14096,1,1,4467),(14097,1,1,4470),(14098,1,1,4474),(14099,1,1,4478),(14100,1,1,4479),(14101,1,1,4480),(14102,1,1,4481),(14103,1,1,4483),(14104,1,1,4487),(14105,1,1,4489),(14106,1,1,4493),(14107,1,1,4494),(14108,1,1,4497),(14109,1,1,4500),(14110,1,1,4502),(14111,1,1,4503),(14112,1,1,4505),(14113,1,1,4506),(14114,0,1,4509),(14115,1,1,4510),(14116,1,1,4512),(14117,1,1,4513),(14118,1,1,4515),(14119,1,1,4519),(14120,1,1,4521),(14121,1,1,4525),(14122,1,1,4528),(14123,1,1,4530),(14124,1,1,4533),(14125,1,1,4536),(14126,1,1,4538),(14127,1,1,4541),(14128,1,1,4543),(14129,1,1,4545),(14130,1,1,4547),(14131,1,1,4549),(14132,1,1,4550),(14133,1,1,4552),(14134,1,1,4553),(14135,1,1,4555),(14136,1,1,4557),(14137,1,1,4559),(14138,1,1,4569),(14139,1,1,4570),(14140,1,1,4573),(14141,1,1,4574),(14142,1,1,4579),(14143,1,1,4580),(14144,1,1,4589),(14145,1,1,4590),(14146,1,1,4592),(14147,1,1,4593),(14148,1,1,4595),(14149,1,1,4596),(14150,1,1,4597),(14151,1,1,4602),(14152,1,1,4608),(14153,1,1,4609),(14154,1,1,4611),(14155,1,1,4612),(14156,1,1,4618),(14157,1,1,4620),(14158,1,1,4624),(14159,1,1,4627),(14160,1,1,4629),(14161,1,1,4632),(14162,1,1,4635),(14163,1,1,4636),(14164,1,1,4637),(14165,1,1,4638),(14166,1,1,4639),(14167,1,1,4640),(14168,1,1,4641),(14169,1,1,4642),(14170,1,1,4646),(14171,1,1,4648),(14172,1,1,4651),(14173,1,1,4653),(14174,1,1,4655),(14175,1,1,4657),(14176,1,1,4659),(14177,1,1,4660),(14178,1,1,4661),(14179,1,1,4662),(14180,1,1,4664),(14181,1,1,4668),(14182,1,1,4670),(14183,1,1,4673),(14184,1,1,4677),(14185,1,1,4681),(14186,1,1,4682),(14187,1,1,4684),(14188,1,1,4685),(14189,1,1,4686),(14190,0,1,4688),(14191,1,1,4690),(14192,1,1,4692),(14193,1,1,4697),(14194,1,1,4699),(14195,1,1,4703),(14196,1,1,4706),(14197,1,1,4708),(14198,1,1,4711),(14199,1,1,4719),(14200,1,1,4720),(14201,1,1,4722),(14202,1,1,4723),(14203,1,1,4725),(14204,1,1,4726),(14205,1,1,4727),(14206,1,1,4732),(14207,1,1,4738),(14208,1,1,4739),(14209,1,1,4741),(14210,1,1,4742),(14211,1,1,4744),(14212,1,1,4745),(14213,1,1,4750),(14214,1,1,4756),(14215,1,1,4757),(14216,1,1,4760),(14217,0,1,4761),(14218,1,1,4771),(14219,0,1,4772),(14220,1,1,4774),(14221,1,1,4775),(14222,1,1,4781),(14223,1,1,4782),(14224,1,1,4783),(14225,1,1,4784),(14226,1,1,4785),(14227,1,1,4786),(14228,1,1,4787),(14229,1,1,4788),(14230,1,1,4792),(14231,1,1,4794),(14232,1,1,4797),(14233,1,1,4799),(14234,1,1,4801),(14235,1,1,4803),(14236,1,1,4805),(14237,1,1,4807),(14238,1,1,4811),(14239,1,1,4812),(14240,1,1,4815),(14241,1,1,4818),(14242,1,1,4819),(14243,1,1,4821),(14244,1,1,4822),(14245,1,1,4824),(14246,1,1,4825),(14247,1,1,4828),(14248,1,1,4829),(14249,1,1,4831),(14250,1,1,4832),(14251,0,1,4834),(14252,0,1,4843),(14253,0,1,4844),(14254,1,1,4846),(14255,1,1,4847),(14256,1,1,4849),(14257,1,1,4850),(14258,1,1,4855),(14259,1,1,4856),(14260,1,1,4857),(14261,1,1,4861),(14262,1,1,4862),(14263,1,1,4863),(14264,1,1,4864),(14265,1,1,4865),(14266,1,1,4866),(14267,1,1,4867),(14268,1,1,4868),(14269,1,1,4877),(14270,1,1,4878),(14271,1,1,4880),(14272,1,1,4881),(14273,1,1,4883),(14274,1,1,4884),(14275,1,1,4889),(14276,1,1,4890),(14277,1,1,4891),(14278,1,1,4893),(14279,1,1,4894),(14280,1,1,4896),(14281,1,1,4898),(14282,1,1,4900),(14283,1,1,4905),(14284,1,1,4906),(14285,1,1,4907),(14286,1,1,4908),(14287,1,1,4909),(14288,1,1,4910),(14289,1,1,4911),(14290,1,1,4912),(14291,0,1,4916),(14292,0,1,4917),(14293,1,1,4918),(14294,0,1,4919),(14295,1,1,4920),(14296,1,1,4922),(14297,1,1,4926),(14298,1,1,4928),(14299,1,1,4931),(14300,1,1,4935),(14301,1,1,4944),(14302,0,1,4945),(14303,1,1,4947),(14304,1,1,4948),(14305,1,1,4954),(14306,1,1,4956),(14307,1,1,4959),(14308,1,1,4963),(14309,1,1,4967),(14310,1,1,4969),(14311,1,1,4972),(14312,1,1,4976),(14313,1,1,4980),(14314,1,1,4981),(14315,1,1,4982),(14316,1,1,4983),(14317,1,1,4984),(14318,1,1,4985),(14319,1,1,4986),(14320,1,1,4987),(14321,1,1,4991),(14322,1,1,4992),(14323,1,1,4993),(14324,1,1,4994),(14325,1,1,4996),(14326,1,1,5005),(14327,1,1,5006),(14328,1,1,5008),(14329,1,1,5009),(14330,1,1,5011),(14331,1,1,5012),(14332,0,1,5013),(14333,1,1,5018),(14334,1,1,5019),(14335,1,1,5021),(14336,1,1,5025),(14337,1,1,5028),(14338,1,1,5030),(14339,1,1,5033),(14340,1,1,5041),(14341,1,1,5042),(14342,1,1,5044),(14343,1,1,5045),(14344,1,1,5047),(14345,1,1,5048),(14346,0,1,5049),(14347,0,1,5054),(14348,1,1,5055),(14349,1,1,5056),(14350,1,1,5057),(14351,0,1,5058),(14352,1,1,5059),(14353,1,1,5060),(14354,1,1,5061),(14355,1,1,5062),(14356,1,1,5066),(14357,1,1,5068),(14358,1,1,5072),(14359,1,1,5075),(14360,1,1,5077),(14361,1,1,5080),(14362,1,1,5083),(14363,1,1,5085),(14364,1,1,5089),(14365,1,1,5090),(14366,1,1,5093),(14367,1,1,5096),(14368,1,1,5098),(14369,1,1,5099),(14370,0,1,5101),(14371,0,1,5102),(14372,0,1,5105),(14373,1,1,5106),(14374,0,1,5108),(14375,1,1,5109),(14376,1,1,5111),(14377,1,1,5115),(14378,1,1,5117),(14379,1,1,5120),(14380,1,1,5124),(14381,1,1,5128),(14382,1,1,5130),(14383,1,1,5134),(14384,1,1,5137),(14385,1,1,5139),(14386,1,1,5142),(14387,1,1,5145),(14388,1,1,5147),(14389,1,1,5150),(14390,1,1,5154),(14391,1,1,5158),(14392,1,1,5160),(14393,1,1,5164),(14394,1,1,5165),(14395,1,1,5168),(14396,1,1,5171),(14397,1,1,5173),(14398,1,1,5174),(14399,1,1,5176),(14400,1,1,5177),(14401,0,1,5180),(14402,1,1,5181),(14403,1,1,5183),(14404,1,1,5184),(14405,1,1,5186),(14406,1,1,5190),(14407,1,1,5192),(14408,1,1,5195),(14409,1,1,5197),(14410,1,1,5199),(14411,1,1,5201),(14412,1,1,5203),(14413,1,1,5205),(14414,1,1,5209),(14415,1,1,5210),(14416,1,1,5213),(14417,1,1,5216),(14418,1,1,5217),(14419,1,1,5219),(14420,1,1,5220),(14421,1,1,5222),(14422,1,1,5223),(14423,1,1,5226),(14424,1,1,5227),(14425,0,1,5229),(14426,1,1,5230),(14427,0,1,5232),(14428,0,1,5236),(14429,0,1,5237),(14430,1,1,5239),(14431,1,1,5242),(14432,1,1,5244),(14433,1,1,5246),(14434,1,1,5248),(14435,1,1,5250),(14436,1,1,5252),(14437,1,1,5256),(14438,1,1,5257),(14439,1,1,5260),(14440,1,1,5263),(14441,1,1,5264),(14442,1,1,5266),(14443,1,1,5267),(14444,1,1,5269),(14445,1,1,5270),(14446,1,1,5273),(14447,1,1,5274),(14448,1,1,5276),(14449,1,1,5277),(14450,1,1,5279),(14451,1,1,5283),(14452,1,1,5284),(14453,1,1,5286),(14454,1,1,5287),(14455,1,1,5289),(14456,1,1,5291),(14457,1,1,5293),(14458,1,1,5303),(14459,1,1,5304),(14460,1,1,5307),(14461,1,1,5308),(14462,1,1,5313),(14463,1,1,5315),(14464,1,1,5318),(14465,1,1,5320),(14466,1,1,5322),(14467,1,1,5324),(14468,1,1,5326),(14469,1,1,5328),(14470,1,1,5332),(14471,1,1,5333),(14472,1,1,5336),(14473,1,1,5339),(14474,1,1,5341),(14475,1,1,5342),(14476,1,1,5344),(14477,1,1,5345),(14478,0,1,5348),(14479,0,1,5349),(14480,0,1,5351),(14481,1,1,5352),(14482,0,1,5354),(14483,1,1,5358),(14484,1,1,5359),(14485,1,1,5368),(14486,1,1,5369),(14487,1,1,5371),(14488,1,1,5372),(14489,1,1,5378),(14490,1,1,5379),(14491,1,1,5380),(14492,1,1,5381),(14493,1,1,5383),(14494,1,1,5392),(14495,1,1,5393),(14496,1,1,5396),(14497,1,1,5397),(14498,1,1,5402),(14499,1,1,5403),(14500,1,1,5404),(14501,1,1,5405),(14502,1,1,5406),(14503,1,1,5407),(14504,1,1,5408),(14505,1,1,5409),(14506,0,1,5413),(14507,0,1,5414),(14508,0,1,5415),(14509,0,1,5417),(14510,1,1,5418),(14511,1,1,5420),(14512,1,1,5422),(14513,1,1,5424),(14514,1,1,5429),(14515,1,1,5430),(14516,1,1,5434),(14517,1,1,5436),(14518,1,1,5440),(14519,1,1,5443),(14520,1,1,5445),(14521,1,1,5448),(14522,1,1,5451),(14523,1,1,5452),(14524,1,1,5454),(14525,1,1,5455),(14526,1,1,5456),(14527,1,1,5458),(14528,1,1,5460),(14529,1,1,5462),(14530,1,1,5467),(14531,1,1,5469),(14532,1,1,5472),(14533,1,1,5476),(14534,1,1,5480),(14535,1,1,5482),(14536,1,1,5485),(14537,1,1,5487),(14538,1,1,5489),(14539,1,1,5491),(14540,1,1,5493),(14541,1,1,5495),(14542,1,1,5499),(14543,1,1,5502),(14544,1,1,5504),(14545,1,1,5507),(14546,1,1,5515),(14547,1,1,5516),(14548,1,1,5518),(14549,1,1,5519),(14550,1,1,5521),(14551,1,1,5522),(14552,0,1,5523),(14553,1,1,5528),(14554,1,1,5534),(14555,1,1,5535),(14556,1,1,5537),(14557,1,1,5538),(14558,1,1,5540),(14559,0,1,5541),(14560,1,1,5546),(14561,1,1,5547),(14562,1,1,5549),(14563,1,1,5553),(14564,1,1,5556),(14565,1,1,5558),(14566,1,1,5561),(14567,1,1,5564),(14568,1,1,5565),(14569,1,1,5567),(14570,1,1,5568),(14571,1,1,5569),(14572,1,1,5571),(14573,1,1,5573),(14574,1,1,5575),(14575,0,1,5580),(14576,0,1,5581),(14577,1,1,5582),(14578,1,1,5583),(14579,0,1,5584),(14580,1,1,5585),(14581,1,1,5586),(14582,1,1,5587),(14583,1,1,5588),(14584,1,1,5592),(14585,1,1,5594),(14586,1,1,5597),(14587,1,1,5599),(14588,1,1,5601),(14589,1,1,5603),(14590,1,1,5605),(14591,1,1,5606),(14592,1,1,5607),(14593,1,1,5608),(14594,1,1,5609),(14595,1,1,5610),(14596,1,1,5611),(14597,1,1,5612),(14598,1,1,5616),(14599,1,1,5618),(14600,1,1,5621),(14601,1,1,5623),(14602,1,1,5625),(14603,1,1,5627),(14604,1,1,5629),(14605,1,1,5631),(14606,1,1,5635),(14607,1,1,5636),(14608,1,1,5639),(14609,1,1,5642),(14610,1,1,5643),(14611,1,1,5645),(14612,1,1,5646),(14613,1,1,5648),(14614,1,1,5649),(14615,1,1,5652),(14616,1,1,5653),(14617,1,1,5655),(14618,1,1,5656),(14619,1,1,5658),(14620,0,1,5662),(14621,0,1,5663),(14622,1,1,5665),(14623,1,1,5668),(14624,1,1,5672),(14625,1,1,5676),(14626,1,1,5677),(14627,1,1,5679),(14628,1,1,5680),(14629,1,1,5681),(14630,1,1,5683),(14631,1,1,5685),(14632,1,1,5687),(14633,1,1,5692),(14634,1,1,5694),(14635,1,1,5697),(14636,1,1,5701),(14637,1,1,5705),(14638,1,1,5706),(14639,1,1,5708),(14640,1,1,5709),(14641,1,1,5711),(14642,0,1,5713),(14643,1,1,5715),(14644,1,1,5725),(14645,1,1,5726),(14646,1,1,5728),(14647,1,1,5729),(14648,0,1,5735),(14649,0,1,5736),(14650,1,1,5738),(14651,1,1,5742),(14652,1,1,5743),(14653,1,1,5746),(14654,1,1,5749),(14655,1,1,5750),(14656,1,1,5752),(14657,1,1,5753),(14658,1,1,5755),(14659,1,1,5756),(14660,1,1,5759),(14661,1,1,5760),(14662,0,1,5762),(14663,1,1,5763),(14664,0,1,5765),(14665,1,1,5769),(14666,1,1,5771),(14667,1,1,5775),(14668,1,1,5776),(14669,1,1,5779),(14670,1,1,5782),(14671,1,1,5784),(14672,1,1,5785),(14673,0,1,5787),(14674,1,1,5788),(14675,0,1,5791),(14676,0,1,5792),(14677,0,1,5794),(14678,1,1,5795),(14679,0,1,5797),(14680,1,1,5801),(14681,1,1,5802),(14682,1,1,5803),(14683,1,1,5804),(14684,1,1,5806),(14685,1,1,5810),(14686,1,1,5812),(14687,1,1,5816),(14688,1,1,5819),(14689,1,1,5821),(14690,1,1,5824),(14691,1,1,5827),(14692,1,1,5829),(14693,1,1,5832),(14694,1,1,5834),(14695,1,1,5836),(14696,1,1,5838),(14697,1,1,5840),(14698,1,1,5841),(14699,1,1,5843),(14700,1,1,5844),(14701,1,1,5846),(14702,1,1,5848),(14703,1,1,5850),(14704,1,1,5860),(14705,1,1,5861),(14706,1,1,5863),(14707,1,1,5864),(14708,1,1,5866),(14709,1,1,5867),(14710,1,1,5872),(14711,1,1,5873),(14712,1,1,5874),(14713,1,1,5875),(14714,1,1,5876),(14715,1,1,5877),(14716,1,1,5878),(14717,1,1,5879),(14718,1,1,5880),(14719,1,1,5889),(14720,1,1,5890),(14721,1,1,5892),(14722,1,1,5893),(14723,1,1,5895),(14724,1,1,5896),(14725,1,1,5901),(14726,1,1,5902),(14727,1,1,5904),(14728,1,1,5907),(14729,1,1,5911),(14730,1,1,5915),(14731,1,1,5916),(14732,1,1,5917),(14733,1,1,5918),(14734,1,1,5919),(14735,1,1,5920),(14736,1,1,5921),(14737,1,1,5922),(14738,1,1,5926),(14739,1,1,5928),(14740,1,1,5932),(14741,1,1,5933),(14742,1,1,5936),(14743,1,1,5939),(14744,1,1,5941),(14745,1,1,5942),(14746,1,1,5944),(14747,1,1,5945),(14748,0,1,5948),(14749,1,1,5949),(14750,1,1,5951),(14751,1,1,5952),(14752,1,1,5954),(14753,1,1,5963),(14754,1,1,5964),(14755,1,1,5966),(14756,1,1,5967),(14757,1,1,5973),(14758,1,1,5975),(14759,1,1,5978),(14760,1,1,5982),(14761,1,1,5991),(14762,1,1,5992),(14763,1,1,5995),(14764,1,1,5996),(14765,1,1,6001),(14766,1,1,6002),(14767,1,1,6006),(14768,1,1,6008),(14769,1,1,6012),(14770,1,1,6015),(14771,1,1,6017),(14772,1,1,6020),(14773,1,1,6023),(14774,1,1,6025),(14775,1,1,6029),(14776,1,1,6030),(14777,1,1,6033),(14778,1,1,6036),(14779,1,1,6038),(14780,1,1,6039),(14781,0,1,6041),(14782,1,1,6042),(14783,0,1,6045),(14784,1,1,6046),(14785,0,1,6048),(14786,1,1,6049),(14787,0,1,6051),(14788,1,1,6055),(14789,1,1,6057),(14790,1,1,6060),(14791,1,1,6062),(14792,1,1,6064),(14793,1,1,6066),(14794,1,1,6073),(14795,1,1,6074),(14796,1,1,6076),(14797,1,1,6077),(14798,1,1,6079),(14799,1,1,6080),(14800,1,1,6081),(14801,1,1,6086),(14802,1,1,6092),(14803,1,1,6093),(14804,1,1,6096),(14805,1,1,6097),(14806,1,1,6102),(14807,1,1,6103),(14808,1,1,6112),(14809,1,1,6113),(14810,1,1,6115),(14811,1,1,6116),(14812,1,1,6122),(14813,1,1,6123),(14814,1,1,6125),(14815,1,1,6126),(14816,1,1,6127),(14817,1,1,6129),(14818,1,1,6131),(14819,1,1,6133),(14820,1,1,6138),(14821,1,1,6139),(14822,1,1,6140),(14823,1,1,6141),(14824,1,1,6143),(14825,1,1,6147),(14826,1,1,6149),(14827,1,1,6153),(14828,1,1,6156),(14829,1,1,6158),(14830,1,1,6161),(14831,1,1,6169),(14832,1,1,6170),(14833,1,1,6172),(14834,1,1,6173),(14835,1,1,6184),(14836,1,1,6185),(14837,1,1,6187),(14838,1,1,6188),(14839,1,1,6190),(14840,1,1,6191),(14841,1,1,6192),(14842,1,1,6197),(14843,1,1,6203),(14844,1,1,6204),(14845,1,1,6207),(14846,1,1,6208),(14847,1,1,6218),(14848,1,1,6219),(14849,1,1,6221),(14850,1,1,6222),(14851,1,1,6224),(14852,0,1,6225),(14853,1,1,6230),(14854,1,1,6236),(14855,1,1,6237),(14856,1,1,6239),(14857,0,1,6240),(14858,0,1,6242),(14859,0,1,6243),(14860,1,1,6248),(14861,1,1,6249),(14862,1,1,6251),(14863,1,1,6255),(14864,1,1,6258),(14865,1,1,6260),(14866,1,1,6263),(14867,0,1,6266),(14868,0,1,6267),(14869,1,1,6268),(14870,1,1,6269),(14871,1,1,6270),(14872,1,1,6272),(14873,1,1,6276),(14874,1,1,6278),(14875,1,1,6281),(14876,1,1,6283),(14877,1,1,6285),(14878,1,1,6287),(14879,1,1,6289),(14880,1,1,6290),(14881,1,1,6291),(14882,1,1,6292),(14883,1,1,6293),(14884,1,1,6294),(14885,1,1,6295),(14886,1,1,6296),(14887,1,1,6300),(14888,1,1,6301),(14889,1,1,6305),(14890,1,1,6306),(14891,1,1,6307),(14892,1,1,6308),(14893,1,1,6309),(14894,1,1,6310),(14895,1,1,6311),(14896,1,1,6312),(14897,1,1,6316),(14898,1,1,6317),(14899,1,1,6318),(14900,1,1,6319),(14901,1,1,6320),(14902,1,1,6321),(14903,1,1,6322),(14904,1,1,6323),(14905,1,1,6327),(14906,1,1,6328),(14907,1,1,6330),(14908,1,1,6331),(14909,1,1,6332),(14910,1,1,6334),(14911,1,1,6336),(14912,1,1,6338),(14913,1,1,6343),(14914,1,1,6345),(14915,1,1,6348),(14916,1,1,6352),(14917,1,1,6356),(14918,1,1,6358),(14919,1,1,6361),(14920,1,1,6363),(14921,1,1,6365),(14922,1,1,6367),(14923,1,1,6369),(14924,1,1,6371),(14925,1,1,6374),(14926,1,1,6378),(14927,1,1,6382),(14928,1,1,6384),(14929,1,1,6388),(14930,1,1,6391),(14931,1,1,6393),(14932,1,1,6396),(14933,1,1,6399),(14934,1,1,6401),(14935,1,1,6405),(14936,1,1,6408),(14937,1,1,6410),(14938,0,1,6413),(14939,1,1,6421),(14940,1,1,6422),(14941,1,1,6424),(14942,1,1,6425),(14943,0,1,6427),(14944,0,1,6428),(14945,1,1,6433),(14946,1,1,6434),(14947,1,1,6435),(14948,1,1,6437),(14949,1,1,6438),(14950,1,1,6440),(14951,0,1,6442),(14952,1,1,6444),(14953,1,1,6449),(14954,1,1,6451),(14955,1,1,6454),(14956,1,1,6458),(14957,1,1,6462),(14958,1,1,6463),(14959,1,1,6464),(14960,1,1,6465),(14961,1,1,6466),(14962,1,1,6467),(14963,1,1,6468),(14964,1,1,6469),(14965,1,1,6473),(14966,1,1,6475),(14967,1,1,6479),(14968,1,1,6480),(14969,1,1,6483),(14970,1,1,6486),(14971,1,1,6488),(14972,1,1,6489),(14973,1,1,6491),(14974,1,1,6492),(14975,1,1,6495),(14976,1,1,6496),(14977,1,1,6498),(14978,1,1,6499),(14979,1,1,6501),(14980,1,1,6505),(14981,1,1,6507),(14982,1,1,6510),(14983,1,1,6512),(14984,1,1,6514),(14985,1,1,6516),(14986,1,1,6518),(14987,1,1,6520),(14988,1,1,6523),(14989,1,1,6527),(14990,1,1,6531),(14991,1,1,6532),(14992,1,1,6534),(14993,1,1,6535),(14994,1,1,6536),(14995,1,1,6538),(14996,1,1,6540),(14997,1,1,6542),(14998,1,1,6552),(14999,1,1,6553),(15000,1,1,6555),(15001,1,1,6556),(15002,1,1,6558),(15003,1,1,6559),(15004,1,1,6560),(15005,1,1,6565),(15006,1,1,6571),(15007,1,1,6572),(15008,1,1,6575),(15009,1,1,6576),(15010,1,1,6581),(15011,1,1,6582),(15012,1,1,6584),(15013,0,1,6585),(15014,1,1,6587),(15015,1,1,6589),(15016,1,1,6591),(15017,1,1,6596),(15018,1,1,6598),(15019,1,1,6602),(15020,1,1,6603),(15021,1,1,6606),(15022,1,1,6609),(15023,1,1,6611),(15024,1,1,6612),(15025,1,1,6614),(15026,1,1,6615),(15027,0,1,6618),(15028,0,1,6619),(15029,0,1,6621),(15030,1,1,6622),(15031,0,1,6624),(15032,1,1,6628),(15033,1,1,6629),(15034,1,1,6638),(15035,1,1,6639),(15036,1,1,6641),(15037,1,1,6642),(15038,1,1,6644),(15039,0,1,6645),(15040,1,1,6650),(15041,1,1,6651),(15042,1,1,6653),(15043,1,1,6657),(15044,1,1,6660),(15045,1,1,6662),(15046,1,1,6665),(15047,1,1,6673),(15048,1,1,6674),(15049,1,1,6676),(15050,1,1,6677),(15051,1,1,6683),(15052,1,1,6684),(15053,1,1,6685),(15054,1,1,6686),(15055,1,1,6687),(15056,1,1,6688),(15057,1,1,6689),(15058,1,1,6690),(15059,1,1,6699),(15060,1,1,6700),(15061,1,1,6702),(15062,1,1,6703),(15063,1,1,6705),(15064,1,1,6706),(15065,0,1,6707),(15066,1,1,6712),(15067,1,1,6713),(15068,1,1,6714),(15069,1,1,6715),(15070,1,1,6716),(15071,1,1,6717),(15072,1,1,6718),(15073,1,1,6719),(15074,1,1,6720),(15075,1,1,6724),(15076,1,1,6726),(15077,1,1,6729),(15078,1,1,6733),(15079,1,1,6737),(15080,1,1,6739),(15081,1,1,6743),(15082,1,1,6744),(15083,1,1,6747),(15084,1,1,6750),(15085,1,1,6752),(15086,1,1,6753),(15087,1,1,6755),(15088,1,1,6756),(15089,0,1,6759),(15090,1,1,6760),(15091,0,1,6762),(15092,1,1,6763),(15093,0,1,6765),(15094,1,1,6769),(15095,1,1,6770),(15096,1,1,6771),(15097,1,1,6772),(15098,1,1,6773),(15099,1,1,6774),(15100,1,1,6775),(15101,1,1,6776),(15102,1,1,6780),(15103,1,1,6781),(15104,1,1,6782),(15105,1,1,6783),(15106,1,1,6785),(15107,1,1,6794),(15108,1,1,6795),(15109,1,1,6798),(15110,1,1,6799),(15111,1,1,6804),(15112,1,1,6806),(15113,1,1,6810),(15114,1,1,6811),(15115,1,1,6814),(15116,1,1,6817),(15117,1,1,6818),(15118,1,1,6820),(15119,1,1,6821),(15120,1,1,6823),(15121,1,1,6824),(15122,1,1,6827),(15123,1,1,6828),(15124,1,1,6830),(15125,1,1,6831),(15126,1,1,6833),(15127,1,1,6837),(15128,1,1,6839),(15129,1,1,6842),(15130,1,1,6846),(15131,1,1,6850),(15132,1,1,6852),(15133,1,1,6855),(15134,1,1,6859),(15135,1,1,6863),(15136,1,1,6865),(15137,1,1,6868),(15138,1,1,6870),(15139,1,1,6872),(15140,1,1,6874),(15141,1,1,6881),(15142,1,1,6882),(15143,1,1,6885),(15144,1,1,6886),(15145,1,1,6891),(15146,1,1,6892),(15147,1,1,6894),(15148,1,1,6895),(15149,1,1,6896),(15150,1,1,6898),(15151,1,1,6900),(15152,1,1,6902),(15153,1,1,6907),(15154,1,1,6908),(15155,0,1,6912),(15156,0,1,6913),(15157,1,1,6915),(15158,1,1,6919),(15159,1,1,6922),(15160,1,1,6924),(15161,1,1,6927),(15162,1,1,6930),(15163,1,1,6932),(15164,1,1,6936),(15165,1,1,6939),(15166,1,1,6941),(15167,1,1,6944),(15168,1,1,6947),(15169,1,1,6949),(15170,1,1,6953),(15171,1,1,6954),(15172,1,1,6957),(15173,1,1,6960),(15174,1,1,6962),(15175,1,1,6963),(15176,1,1,6965),(15177,1,1,6966),(15178,0,1,6969),(15179,0,1,6970),(15180,0,1,6972),(15181,1,1,6973),(15182,0,1,6975),(15183,1,1,6979),(15184,1,1,6981),(15185,1,1,6985),(15186,1,1,6986),(15187,1,1,6989),(15188,1,1,6992),(15189,1,1,6993),(15190,1,1,6995),(15191,1,1,6996),(15192,1,1,6998),(15193,1,1,6999),(15194,0,1,7002),(15195,1,1,7003),(15196,1,1,7005),(15197,1,1,7006),(15198,1,1,7008),(15199,1,1,7012),(15200,1,1,7014),(15201,1,1,7017),(15202,1,1,7019),(15203,1,1,7021),(15204,1,1,7023),(15205,1,1,7025),(15206,1,1,7027),(15207,1,1,7030),(15208,1,1,7032),(15209,1,1,7034),(15210,0,1,7036),(15211,1,1,7038),(15212,1,1,7039),(15213,0,1,7041),(15214,0,1,7042),(15215,0,1,7044),(15216,0,1,7046),(15217,0,1,7048),(15218,1,1,7053),(15219,1,1,7054),(15220,1,1,7056),(15221,1,1,7057),(15222,1,1,7058),(15223,1,1,7060),(15224,1,1,7062),(15225,1,1,7064),(16384,9.029999732971191,2,6),(16385,10.795999526977539,2,7),(16386,79.96800231933594,2,10),(16387,8.803000450134277,2,11),(16388,11.562999725341797,2,16),(16389,42.297000885009766,2,17),(16390,21.952999114990234,2,26),(16391,44.0369987487793,2,27),(16392,175.86900329589844,2,29),(16393,12.991000175476074,2,30),(16394,12.85099983215332,2,41),(16395,83.9800033569336,2,42),(16396,94.21099853515625,2,45),(16397,14.661999702453613,2,46),(16398,13.081999778747559,2,51),(16399,29.586999893188477,2,53),(16400,8.85099983215332,2,57),(16401,20.51799964904785,2,60),(16402,59.297000885009766,2,62),(16403,22.923999786376953,2,65),(16404,35.31100082397461,2,73),(16405,66.15699768066406,2,74),(16406,121.60099792480469,2,76),(16407,37.125,2,77),(16408,33.17300033569336,2,79),(16409,10.854000091552734,2,80),(16410,22.920000076293945,2,81),(16411,10.48799991607666,2,86),(16412,31.43400001525879,2,92),(16413,132.47900390625,2,95),(16414,60.393001556396484,2,96),(16415,20.22800064086914,2,107),(16416,17.527999877929688,2,108),(16417,93.3740005493164,2,110),(16418,9.942000389099121,2,111),(16419,25.52400016784668,2,122),(16420,90.322998046875,2,123),(16421,212.1490020751953,2,125),(16422,18.847000122070312,2,126),(16423,30.386999130249023,2,128),(16424,5.952000141143799,2,129),(16425,62.05099868774414,2,130),(16426,25.236000061035156,2,135),(16427,18.631000518798828,2,136),(16428,101.90599822998047,2,137),(16429,61.77399826049805,2,146),(16430,124.34700012207031,2,147),(16431,304.864013671875,2,149),(16432,11.958000183105469,2,150),(16433,34.00299835205078,2,152),(16434,8.041999816894531,2,153),(16435,30.226999282836914,2,158),(16436,20.19099998474121,2,164),(16437,20.12700080871582,2,165),(16438,166.80299377441406,2,168),(16439,44.32899856567383,2,169),(16440,27.402999877929688,2,174),(16441,38.882999420166016,2,175),(16442,101.89399719238281,2,176),(16443,48.73699951171875,2,177),(16444,29.18600082397461,2,179),(16445,35.2859992980957,2,188),(16446,57.83399963378906,2,189),(16447,119.9990005493164,2,191),(16448,2.2669999599456787,2,192),(16449,36.367000579833984,2,194),(16450,9.35099983215332,2,195),(16451,171.91900634765625,2,196),(16452,13.847999572753906,2,201),(16453,13.388999938964844,2,202),(16454,96.3489990234375,2,203),(16455,63.27899932861328,2,212),(16456,240.4149932861328,2,213),(16457,201.47500610351562,2,215),(16458,20.111000061035156,2,216),(16459,89.28399658203125,2,218),(16460,200.18299865722656,2,219),(16461,13.404999732971191,2,224),(16462,137.2270050048828,2,225),(16463,50.97100067138672,2,226),(16464,23.33099937438965,2,227),(16465,149.7050018310547,2,228),(16466,15.222000122070312,2,230),(16467,54.58399963378906,2,239),(16468,65.62999725341797,2,240),(16469,263.7909851074219,2,242),(16470,24.41900062561035,2,243),(16471,81.88999938964844,2,245),(16472,22.007999420166016,2,246),(16473,386.8659973144531,2,247),(16474,27.81100082397461,2,252),(16475,13.312000274658203,2,253),(16476,43.00899887084961,2,255),(16477,143.2729949951172,2,258),(16478,13.449000358581543,2,260),(16479,11.418999671936035,2,262),(16480,71.1240005493164,2,264),(16481,25.358999252319336,2,266),(16482,80.55500030517578,2,268),(16483,111.447998046875,2,272),(16484,45.34199905395508,2,275),(16485,123.86599731445312,2,277),(16486,70.83300018310547,2,280),(16487,12.729000091552734,2,288),(16488,31.274999618530273,2,289),(16489,226.54299926757812,2,292),(16490,31.246000289916992,2,293),(16491,7.863999843597412,2,298),(16492,9.748000144958496,2,299),(16493,155.47000122070312,2,300),(16494,72.29199981689453,2,301),(16495,0.4000000059604645,2,302),(16496,92.1449966430664,2,303),(16497,89.97799682617188,2,304),(16498,63.87799835205078,2,305),(16499,307.2720031738281,2,309),(16500,160.16900634765625,2,310),(16501,50.277000427246094,2,311),(16502,98.45999908447266,2,312),(16503,24.763999938964844,2,314),(16504,25.385000228881836,2,318),(16505,69.1050033569336,2,320),(16506,112.7760009765625,2,324),(16507,39.47800064086914,2,327),(16508,37.595001220703125,2,329),(16509,57.81399917602539,2,332),(16510,36.60100173950195,2,335),(16511,82.25800323486328,2,337),(16512,49.21200180053711,2,341),(16513,48.527000427246094,2,344),(16514,46.35499954223633,2,346),(16515,289.7829895019531,2,349),(16516,282.8290100097656,2,352),(16517,23.815000534057617,2,353),(16518,31.29400062561035,2,354),(16519,69.4469985961914,2,355),(16520,9.319999694824219,2,356),(16521,360.85198974609375,2,357),(16522,30.315000534057617,2,359),(16523,26.81399917602539,2,363),(16524,33.59199905395508,2,365),(16525,33.441001892089844,2,369),(16526,13.175999641418457,2,372),(16527,19.12299919128418,2,374),(16528,315.15301513671875,2,377),(16529,29.753999710083008,2,380),(16530,23.429000854492188,2,382),(16531,114.71600341796875,2,385),(16532,106.11599731445312,2,389),(16533,4.132999897003174,2,393),(16534,10.531000137329102,2,394),(16535,40.63199996948242,2,396),(16536,18.726999282836914,2,397),(16537,15.366999626159668,2,398),(16538,335.7699890136719,2,400),(16539,26.708999633789062,2,402),(16540,5.7230000495910645,2,404),(16541,9.609999656677246,2,409),(16542,32.51900100708008,2,410),(16543,70.26499938964844,2,411),(16544,108.9280014038086,2,412),(16545,0.164000004529953,2,413),(16546,174.5989990234375,2,414),(16547,392.9169921875,2,415),(16548,152.0399932861328,2,416),(16549,27.243999481201172,2,420),(16550,55.75400161743164,2,422),(16551,45.553001403808594,2,425),(16552,18.051000595092773,2,427),(16553,288.4949951171875,2,429),(16554,128.88600158691406,2,431),(16555,38.07400131225586,2,433),(16556,48.992000579833984,2,435),(16557,35.0359992980957,2,438),(16558,43.10100173950195,2,442),(16559,22.746999740600586,2,446),(16560,94.5199966430664,2,448),(16561,154.18299865722656,2,452),(16562,27.496999740600586,2,455),(16563,83.7020034790039,2,457),(16564,121.19599914550781,2,460),(16565,7.665999889373779,2,468),(16566,27.59000015258789,2,469),(16567,123.88700103759766,2,471),(16568,4.063000202178955,2,472),(16569,3.243000030517578,2,474),(16570,14.675999641418457,2,475),(16571,5.111000061035156,2,480),(16572,22.097999572753906,2,481),(16573,171.79299926757812,2,483),(16574,65.23699951171875,2,486),(16575,6.072999954223633,2,488),(16576,306.1730041503906,2,490),(16577,88.99099731445312,2,492),(16578,65.11599731445312,2,494),(16579,33.321998596191406,2,496),(16580,1.6349999904632568,2,499),(16581,19.481000900268555,2,503),(16582,26.121999740600586,2,507),(16583,191.05799865722656,2,509),(16584,27.427000045776367,2,512),(16585,3.8320000171661377,2,514),(16586,14.02299976348877,2,516),(16587,361.1059875488281,2,518),(16588,72.9729995727539,2,521),(16589,3.4130001068115234,2,525),(16590,10.468000411987305,2,526),(16591,8.211000442504883,2,527),(16592,12.76200008392334,2,528),(16593,0.0820000022649765,2,529),(16594,95.8239974975586,2,530),(16595,8.581000328063965,2,531),(16596,75.34200286865234,2,532),(16597,27.11199951171875,2,536),(16598,55.55699920654297,2,538),(16599,28.62299919128418,2,542),(16600,11.270999908447266,2,543),(16601,11.791999816894531,2,546),(16602,4.381999969482422,2,549),(16603,28.85099983215332,2,550),(16604,5.689000129699707,2,552),(16605,43.064998626708984,2,553),(16606,5.00600004196167,2,555),(16607,7.447999954223633,2,556),(16608,2.0280001163482666,2,563),(16609,93.33499908447266,2,569),(16610,146.59800720214844,2,571),(16611,43.02000045776367,2,574),(16612,51.487998962402344,2,578),(16613,67.70099639892578,2,582),(16614,186.56900024414062,2,584),(16615,52.54600143432617,2,587),(16616,61.34700012207031,2,591),(16617,19.172000885009766,2,595),(16618,14.777999877929688,2,597),(16619,7.7769999504089355,2,604),(16620,7.181000232696533,2,608),(16621,13.307999610900879,2,609),(16622,55.486000061035156,2,610),(16623,44.349998474121094,2,611),(16624,14.060999870300293,2,612),(16625,4.828999996185303,2,619),(16626,8.616999626159668,2,620),(16627,25.033000946044922,2,622),(16628,10.920999526977539,2,623),(16629,19.326000213623047,2,624),(16630,236.85800170898438,2,626),(16631,20.628000259399414,2,628),(16632,20.179000854492188,2,630),(16633,12.675999641418457,2,635),(16634,17.31100082397461,2,636),(16635,19.719999313354492,2,637),(16636,43.89500045776367,2,638),(16637,0.07199999690055847,2,639),(16638,38.571998596191406,2,640),(16639,20.099000930786133,2,641),(16640,68.62300109863281,2,642),(16641,15.991999626159668,2,646),(16642,9.291999816894531,2,647),(16643,7.514999866485596,2,648),(16644,28.26300048828125,2,649),(16645,0.07199999690055847,2,650),(16646,31.80500030517578,2,651),(16647,39.970001220703125,2,652),(16648,60.05400085449219,2,653),(16649,3.3589999675750732,2,662),(16650,17.08300018310547,2,663),(16651,105.9729995727539,2,665),(16652,11.460000038146973,2,666),(16653,19.159000396728516,2,672),(16654,264.9739990234375,2,674),(16655,90.78500366210938,2,677),(16656,42.83700180053711,2,679),(16657,60.869998931884766,2,681),(16658,422.3890075683594,2,683),(16659,173.86199951171875,2,685),(16660,143.53199768066406,2,687),(16661,62.691001892089844,2,691),(16662,115.71800231933594,2,692),(16663,13.354999542236328,2,695),(16664,4.635000228881836,2,698),(16665,186.052001953125,2,701),(16666,20.97100067138672,2,703),(16667,152.14500427246094,2,704),(16668,6.959000110626221,2,708),(16669,3.7200000286102295,2,711),(16670,28.40999984741211,2,717),(16671,113.15499877929688,2,719),(16672,368.9339904785156,2,722),(16673,15.020999908447266,2,724),(16674,513.1909790039062,2,726),(16675,332.19500732421875,2,728),(16676,147.16600036621094,2,732),(16677,147.61700439453125,2,736),(16678,17.017000198364258,2,741),(16679,41.57500076293945,2,747),(16680,32.0890007019043,2,748),(16681,24.797000885009766,2,749),(16682,15.390999794006348,2,752),(16683,45.56399917602539,2,756),(16684,114.27899932861328,2,758),(16685,14.795999526977539,2,762),(16686,30.23900032043457,2,763),(16687,46.0629997253418,2,766),(16688,4.9670000076293945,2,769),(16689,58.92300033569336,2,770),(16690,8.187999725341797,2,772),(16691,30.913000106811523,2,773),(16692,15.071000099182129,2,775),(16693,30.756000518798828,2,776),(16694,6.938000202178955,2,779),(16695,108.5199966430664,2,780),(16696,224.5500030517578,2,782),(16697,16.798999786376953,2,783),(16698,18.7549991607666,2,785),(16699,24.679000854492188,2,789),(16700,60.3390007019043,2,791),(16701,12.543000221252441,2,795),(16702,35.638999938964844,2,796),(16703,19.85099983215332,2,799),(16704,20.538999557495117,2,802),(16705,4.446000099182129,2,804),(16706,27.908000946044922,2,805),(16707,4.322000026702881,2,807),(16708,61.939998626708984,2,808),(16709,30.33300018310547,2,811),(16710,42.055999755859375,2,812),(16711,12.791999816894531,2,814),(16712,4.379000186920166,2,815),(16713,7.267000198364258,2,817),(16714,140.0279998779297,2,821),(16715,19.141000747680664,2,822),(16716,84.28700256347656,2,824),(16717,101.38800048828125,2,825),(16718,496.1419982910156,2,827),(16719,28.736000061035156,2,836),(16720,317.4590148925781,2,839),(16721,292.39300537109375,2,840),(16722,145.5709991455078,2,844),(16723,0.004999999888241291,2,846),(16724,6.669000148773193,2,856),(16725,23.066999435424805,2,857),(16726,116.59700012207031,2,860),(16727,27.57200050354004,2,861),(16728,12.732999801635742,2,866),(16729,21.226999282836914,2,868),(16730,27.062999725341797,2,872),(16731,41.3650016784668,2,875),(16732,6.291999816894531,2,877),(16733,22.714000701904297,2,880),(16734,27.54400062561035,2,888),(16735,170.33999633789062,2,889),(16736,108.6780014038086,2,891),(16737,8.02299976348877,2,892),(16738,16.31800079345703,2,894),(16739,29.85300064086914,2,895),(16740,13.088000297546387,2,900),(16741,19.704999923706055,2,901),(16742,149.76400756835938,2,902),(16743,10.529999732971191,2,906),(16744,8.532999992370605,2,907),(16745,35.93299865722656,2,909),(16746,102.72100067138672,2,910),(16747,26.839000701904297,2,911),(16748,126.73100280761719,2,913),(16749,87.37200164794922,2,915),(16750,47.159000396728516,2,917),(16751,57.154998779296875,2,922),(16752,43.50699996948242,2,924),(16753,179.37899780273438,2,927),(16754,57.47600173950195,2,931),(16755,24.197999954223633,2,935),(16756,92.87000274658203,2,937),(16757,27.084999084472656,2,940),(16758,9.571000099182129,2,942),(16759,22.097000122070312,2,944),(16760,75.24199676513672,2,946),(16761,19.569000244140625,2,953),(16762,71.90399932861328,2,954),(16763,100.50599670410156,2,956),(16764,11.592000007629395,2,957),(16765,30.256000518798828,2,959),(16766,21.542999267578125,2,960),(16767,62.67900085449219,2,961),(16768,10.154999732971191,2,966),(16769,5.568999767303467,2,967),(16770,15.647000312805176,2,968),(16771,65.58799743652344,2,969),(16772,86.47699737548828,2,970),(16773,0.02500000037252903,2,971),(16774,89.5780029296875,2,972),(16775,38.50899887084961,2,973),(16776,33.165000915527344,2,974),(16777,7.9720001220703125,2,983),(16778,32.61800003051758,2,986),(16779,39.9370002746582,2,987),(16780,57.709999084472656,2,993),(16781,145.18600463867188,2,995),(16782,20.30299949645996,2,999),(16783,27.211000442504883,2,1000),(16784,37.874000549316406,2,1003),(16785,17.259000778198242,2,1006),(16786,32.895999908447266,2,1007),(16787,5.658999919891357,2,1009),(16788,33.23899841308594,2,1010),(16789,5.625999927520752,2,1012),(16790,63.88999938964844,2,1013),(16791,79.78900146484375,2,1017),(16792,50.48099899291992,2,1019),(16793,24.600000381469727,2,1020),(16794,16.239999771118164,2,1022),(16795,90.39900207519531,2,1026),(16796,184.70799255371094,2,1028),(16797,15.164999961853027,2,1032),(16798,34.58100128173828,2,1033),(16799,45.749000549316406,2,1036),(16800,49.63600158691406,2,1039),(16801,8.675999641418457,2,1041),(16802,110.62200164794922,2,1042),(16803,35.47200012207031,2,1045),(16804,12.26200008392334,2,1048),(16805,69.31900024414062,2,1049),(16806,11.8149995803833,2,1051),(16807,14.550999641418457,2,1052),(16808,31.201000213623047,2,1058),(16809,58.86800003051758,2,1060),(16810,107.67900085449219,2,1064),(16811,25.351999282836914,2,1067),(16812,43.486000061035156,2,1069),(16813,19.11199951171875,2,1072),(16814,53.3489990234375,2,1080),(16815,34.40700149536133,2,1081),(16816,54.492000579833984,2,1083),(16817,52.23099899291992,2,1084),(16818,23.270000457763672,2,1086),(16819,7.980999946594238,2,1087),(16820,41.236000061035156,2,1092),(16821,20.069000244140625,2,1093),(16822,18.547000885009766,2,1095),(16823,54.880001068115234,2,1098),(16824,76.91300201416016,2,1102),(16825,7.377999782562256,2,1106),(16826,18.982999801635742,2,1107),(16827,89.93900299072266,2,1109),(16828,37.36899948120117,2,1110),(16829,40.737998962402344,2,1112),(16830,51.93199920654297,2,1114),(16831,0.004999999888241291,2,1116),(16832,26.020000457763672,2,1121),(16833,16.658000946044922,2,1122),(16834,20.736000061035156,2,1123),(16835,181.19000244140625,2,1124),(16836,19.110000610351562,2,1126),(16837,22.65999984741211,2,1135),(16838,51.483001708984375,2,1136),(16839,504.25799560546875,2,1138),(16840,37.08000183105469,2,1139),(16841,12.50100040435791,2,1141),(16842,3.055999994277954,2,1142),(16843,41.007999420166016,2,1143),(16844,8.612000465393066,2,1148),(16845,21.72800064086914,2,1149),(16846,514.5399780273438,2,1152),(16847,113.34500122070312,2,1153),(16848,210.5469970703125,2,1155),(16849,5.4679999351501465,2,1159),(16850,20.645000457763672,2,1169),(16851,31.017000198364258,2,1170),(16852,153.52699279785156,2,1172),(16853,6.4629998207092285,2,1173),(16854,14.116999626159668,2,1179),(16855,14.157999992370605,2,1180),(16856,10.40999984741211,2,1181),(16857,29.902999877929688,2,1182),(16858,0.08900000154972076,2,1183),(16859,111.30599975585938,2,1184),(16860,23.000999450683594,2,1186),(16861,399.3680114746094,2,1192),(16862,8.265999794006348,2,1197),(16863,31.131999969482422,2,1199),(16864,386.5260009765625,2,1201),(16865,24.48900032043457,2,1203),(16866,63.79499816894531,2,1205),(16867,49.332000732421875,2,1208),(16868,14.907999992370605,2,1212),(16869,23.16900062561035,2,1221),(16870,15.17199993133545,2,1222),(16871,232.23199462890625,2,1225),(16872,7.681000232696533,2,1236),(16873,7.309999942779541,2,1237),(16874,41.095001220703125,2,1239),(16875,10.223999977111816,2,1240),(16876,21.76300048828125,2,1242),(16877,17.62299919128418,2,1243),(16878,58.805999755859375,2,1244),(16879,11.739999771118164,2,1249),(16880,3.8940000534057617,2,1250),(16881,8.038000106811523,2,1251),(16882,12.470999717712402,2,1252),(16883,28.676000595092773,2,1253),(16884,0.08799999952316284,2,1254),(16885,180.25399780273438,2,1255),(16886,32.82899856567383,2,1261),(16887,41.80799865722656,2,1263),(16888,111.072998046875,2,1267),(16889,16.547000885009766,2,1270),(16890,9.807999610900879,2,1272),(16891,62.98500061035156,2,1275),(16892,22.3439998626709,2,1278),(16893,143.58799743652344,2,1280),(16894,6.611000061035156,2,1285),(16895,37.665000915527344,2,1287),(16896,105.89399719238281,2,1289),(16897,7.360000133514404,2,1291),(16898,24.229000091552734,2,1292),(16899,303.5610046386719,2,1293),(16900,47.132999420166016,2,1294),(16901,0.08100000023841858,2,1295),(16902,46.132999420166016,2,1296),(16903,26.323999404907227,2,1297),(16904,58.7400016784668,2,1298),(16905,5.9029998779296875,2,1302),(16906,15.913000106811523,2,1303),(16907,28.743999481201172,2,1304),(16908,51.2760009765625,2,1305),(16909,0.11400000005960464,2,1306),(16910,62.617000579833984,2,1307),(16911,7.6539998054504395,2,1309),(16912,27.79400062561035,2,1313),(16913,22.65399932861328,2,1315),(16914,88.59300231933594,2,1318),(16915,14.645999908447266,2,1322),(16916,65.47899627685547,2,1326),(16917,70.0009994506836,2,1328),(16918,27.360000610351562,2,1332),(16919,9.451000213623047,2,1333),(16920,35.50699996948242,2,1336),(16921,31.429000854492188,2,1339),(16922,7.6479997634887695,2,1341),(16923,47.819000244140625,2,1342),(16924,5.603000164031982,2,1344),(16925,26.841999053955078,2,1345),(16926,66.17400360107422,2,1349),(16927,2.4639999866485596,2,1352),(16928,247.96499633789062,2,1358),(16929,118.25900268554688,2,1359),(16930,87.4010009765625,2,1363),(16931,107.0510025024414,2,1365),(16932,25.378999710083008,2,1370),(16933,210.30799865722656,2,1373),(16934,16.88800048828125,2,1376),(16935,89.30799865722656,2,1377),(16936,7.7230000495910645,2,1379),(16937,72.54900360107422,2,1380),(16938,8.932999610900879,2,1382),(16939,15.128000259399414,2,1383),(16940,89.12999725341797,2,1387),(16941,22.641000747680664,2,1389),(16942,46.70100021362305,2,1390),(16943,40.237998962402344,2,1396),(16944,31.780000686645508,2,1398),(16945,40.0260009765625,2,1401),(16946,39.084999084472656,2,1405),(16947,71.36399841308594,2,1409),(16948,32.83399963378906,2,1414),(16949,11.47599983215332,2,1416),(16950,23.98699951171875,2,1418),(16951,120.49700164794922,2,1420),(16952,121.01200103759766,2,1422),(16953,77.21900177001953,2,1424),(16954,16.826000213623047,2,1428),(16955,14.793999671936035,2,1429),(16956,21.099000930786133,2,1432),(16957,9.170999526977539,2,1435),(16958,25.15999984741211,2,1436),(16959,6.289999961853027,2,1438),(16960,42.018001556396484,2,1439),(16961,7.935999870300293,2,1441),(16962,17.804000854492188,2,1442),(16963,4.939000129699707,2,1445),(16964,39.67300033569336,2,1446),(16965,59.34199905395508,2,1448),(16966,8.701000213623047,2,1449),(16967,15.1850004196167,2,1451),(16968,301.7080078125,2,1455),(16969,29.201000213623047,2,1456),(16970,37.42900085449219,2,1457),(16971,343.9519958496094,2,1458),(16972,35.4010009765625,2,1460),(16973,7.663000106811523,2,1464),(16974,28.481000900268555,2,1465),(16975,195.31100463867188,2,1467),(16976,24.57900047302246,2,1468),(16977,21.822999954223633,2,1469),(16978,149.27499389648438,2,1471),(16979,14.527000427246094,2,1473),(16980,24.964000701904297,2,1475),(16981,48.65399932861328,2,1480),(16982,66.33899688720703,2,1482),(16983,77.6729965209961,2,1486),(16984,50.270999908447266,2,1489),(16985,34.874000549316406,2,1491),(16986,11.291999816894531,2,1494),(16987,42.66400146484375,2,1497),(16988,88.91699981689453,2,1499),(16989,18.96500015258789,2,1503),(16990,15.159000396728516,2,1504),(16991,26.399999618530273,2,1507),(16992,4.9019999504089355,2,1510),(16993,24.680999755859375,2,1511),(16994,4.8470001220703125,2,1513),(16995,35.64899826049805,2,1514),(16996,5.388999938964844,2,1516),(16997,4.182000160217285,2,1517),(16998,19.562000274658203,2,1521),(16999,38.000999450683594,2,1523),(17000,10.593999862670898,2,1524),(17001,14.463000297546387,2,1526),(17002,37.79899978637695,2,1530),(17003,84.28900146484375,2,1532),(17004,17.14699935913086,2,1536),(17005,4.235000133514404,2,1537),(17006,10.435999870300293,2,1540),(17007,19.47599983215332,2,1543),(17008,74.41500091552734,2,1546),(17009,12.262999534606934,2,1549),(17010,64.2300033569336,2,1553),(17011,7.234000205993652,2,1555),(17012,16.12700080871582,2,1556),(17013,7.033999919891357,2,1558),(17014,6.709000110626221,2,1562),(17015,12.083000183105469,2,1563),(17016,27.121999740600586,2,1566),(17017,19.035999298095703,2,1568),(17018,78.93099975585938,2,1570),(17019,0.004000000189989805,2,1572),(17020,97.03800201416016,2,1582),(17021,91.3489990234375,2,1583),(17022,213.7050018310547,2,1585),(17023,6.843999862670898,2,1586),(17024,14.14799976348877,2,1592),(17025,15.619000434875488,2,1593),(17026,145.18099975585938,2,1595),(17027,36.68000030517578,2,1596),(17028,183.76699829101562,2,1597),(17029,287.0950012207031,2,1599),(17030,177.1219940185547,2,1601),(17031,49.03499984741211,2,1603),(17032,91.79100036621094,2,1608),(17033,121.51799774169922,2,1610),(17034,138.78700256347656,2,1614),(17035,28.26300048828125,2,1615),(17036,56.22999954223633,2,1618),(17037,122.5790023803711,2,1621),(17038,8.175999641418457,2,1623),(17039,37.30799865722656,2,1624),(17040,6.9070000648498535,2,1626),(17041,8.609000205993652,2,1627),(17042,19.503999710083008,2,1631),(17043,3.687000036239624,2,1634),(17044,86.56800079345703,2,1640),(17045,79.0989990234375,2,1642),(17046,23.802000045776367,2,1646),(17047,8.555000305175781,2,1647),(17048,9.300000190734863,2,1650),(17049,4.185999870300293,2,1653),(17050,62.59700012207031,2,1654),(17051,6.353000164031982,2,1656),(17052,32.7760009765625,2,1657),(17053,7.313000202178955,2,1659),(17054,11.704000473022461,2,1660),(17055,54.72800064086914,2,1664),(17056,4.711999893188477,2,1667),(17057,40.3849983215332,2,1673),(17058,166.30799865722656,2,1675),(17059,44.763999938964844,2,1678),(17060,5.374000072479248,2,1680),(17061,20.74799919128418,2,1682),(17062,101.77100372314453,2,1684),(17063,24.26300048828125,2,1686),(17064,84.4229965209961,2,1688),(17065,7.553999900817871,2,1693),(17066,21.15399932861328,2,1695),(17067,108.91500091552734,2,1697),(17068,76.44300079345703,2,1699),(17069,44.66999816894531,2,1700),(17070,23.80900001525879,2,1701),(17071,376.6709899902344,2,1702),(17072,20.1200008392334,2,1704),(17073,160.23899841308594,2,1713),(17074,67.3219985961914,2,1714),(17075,108.2020034790039,2,1716),(17076,26.768999099731445,2,1717),(17077,29.969999313354492,2,1719),(17078,13.5600004196167,2,1726),(17079,45.375,2,1730),(17080,31.575000762939453,2,1731),(17081,248.7760009765625,2,1733),(17082,87.91000366210938,2,1735),(17083,38.10900115966797,2,1737),(17084,38.76100158691406,2,1742),(17085,142.8090057373047,2,1744),(17086,10.237000465393066,2,1748),(17087,44.08599853515625,2,1751),(17088,74.00900268554688,2,1753),(17089,4.651000022888184,2,1759),(17090,412.11700439453125,2,1760),(17091,34.04199981689453,2,1761),(17092,31.718000411987305,2,1762),(17093,0.05999999865889549,2,1763),(17094,103.38300323486328,2,1764),(17095,26.927000045776367,2,1765),(17096,29.155000686645508,2,1766),(17097,91.28099822998047,2,1770),(17098,90.02899932861328,2,1772),(17099,50.97200012207031,2,1775),(17100,32.39699935913086,2,1777),(17101,42.22200012207031,2,1779),(17102,214.093994140625,2,1781),(17103,25.791000366210938,2,1783),(17104,51.112998962402344,2,1785),(17105,76.947998046875,2,1788),(17106,82.49600219726562,2,1792),(17107,11.486000061035156,2,1796),(17108,18.711999893188477,2,1797),(17109,141.78700256347656,2,1799),(17110,157.36300659179688,2,1800),(17111,195.05299377441406,2,1802),(17112,5.750999927520752,2,1804),(17113,0.006000000052154064,2,1806),(17114,171.14700317382812,2,1811),(17115,88.33399963378906,2,1813),(17116,56.1609992980957,2,1817),(17117,18.964000701904297,2,1818),(17118,36.61800003051758,2,1821),(17119,32.38399887084961,2,1824),(17120,8.704000473022461,2,1826),(17121,56.00400161743164,2,1827),(17122,249.4600067138672,2,1834),(17123,15.204999923706055,2,1836),(17124,14.23799991607666,2,1837),(17125,7.007999897003174,2,1839),(17126,49.51300048828125,2,1848),(17127,31.32900047302246,2,1849),(17128,155.80599975585938,2,1851),(17129,26.98200035095215,2,1852),(17130,71.9010009765625,2,1854),(17131,28.160999298095703,2,1855),(17132,32.51900100708008,2,1861),(17133,11.26200008392334,2,1862),(17134,71.96900177001953,2,1863),(17135,80.00399780273438,2,1864),(17136,0.10000000149011612,2,1865),(17137,92.47899627685547,2,1866),(17138,58.310001373291016,2,1867),(17139,65.58499908447266,2,1868),(17140,49.04199981689453,2,1872),(17141,54.41699981689453,2,1874),(17142,314.70001220703125,2,1877),(17143,116.4739990234375,2,1881),(17144,59.097999572753906,2,1885),(17145,117.19400024414062,2,1887),(17146,35.48899841308594,2,1891),(17147,25.177000045776367,2,1892),(17148,62.67599868774414,2,1895),(17149,87.26100158691406,2,1898),(17150,9.607000350952148,2,1900),(17151,108.7229995727539,2,1901),(17152,8.206999778747559,2,1903),(17153,20.363000869750977,2,1904),(17154,64.59400177001953,2,1907),(17155,47.09299850463867,2,1908),(17156,11.680999755859375,2,1910),(17157,20.76799964904785,2,1911),(17158,9.083000183105469,2,1913),(17159,19.87299919128418,2,1922),(17160,9.524999618530273,2,1923),(17161,268.1369934082031,2,1926),(17162,36.358001708984375,2,1932),(17163,87.76300048828125,2,1933),(17164,44.01100158691406,2,1937),(17165,75.33000183105469,2,1939),(17166,80.0530014038086,2,1943),(17167,25.80299949645996,2,1946),(17168,41.8129997253418,2,1948),(17169,40.150001525878906,2,1951),(17170,19.72599983215332,2,1954),(17171,132.0500030517578,2,1956),(17172,114.10099792480469,2,1959),(17173,41.76599884033203,2,1961),(17174,156.46800231933594,2,1963),(17175,360.5069885253906,2,1965),(17176,24.874000549316406,2,1967),(17177,14.913999557495117,2,1968),(17178,254.30499267578125,2,1970),(17179,58.573001861572266,2,1971),(17180,44.36000061035156,2,1972),(17181,62.154998779296875,2,1974),(17182,39.198001861572266,2,1976),(17183,130.13699340820312,2,1978),(17184,21.527999877929688,2,1988),(17185,59.20100021362305,2,1989),(17186,144.71499633789062,2,1991),(17187,8.503000259399414,2,1992),(17188,38.194000244140625,2,1994),(17189,8.232000350952148,2,1995),(17190,129.72500610351562,2,2000),(17191,33.35599899291992,2,2006),(17192,24.565000534057617,2,2007),(17193,168.58599853515625,2,2009),(17194,26.125999450683594,2,2010),(17195,32.64799880981445,2,2012),(17196,17.72599983215332,2,2013),(17197,94.72200012207031,2,2014),(17198,13.244000434875488,2,2019),(17199,10.244000434875488,2,2025),(17200,43.97800064086914,2,2026),(17201,404.29400634765625,2,2028),(17202,11.767000198364258,2,2029),(17203,28.09600067138672,2,2031),(17204,27.56399917602539,2,2032),(17205,17.111000061035156,2,2037),(17206,16.673999786376953,2,2038),(17207,9.979000091552734,2,2039),(17208,6.807000160217285,2,2040),(17209,58.91999816894531,2,2041),(17210,0.08799999952316284,2,2042),(17211,50.06800079345703,2,2043),(17212,59.025001525878906,2,2044),(17213,49.5890007019043,2,2045),(17214,12.9399995803833,2,2054),(17215,43.82899856567383,2,2055),(17216,188.5970001220703,2,2057),(17217,12.335000038146973,2,2058),(17218,26.511999130249023,2,2060),(17219,22.761999130249023,2,2061),(17220,10.633000373840332,2,2066),(17221,6.702000141143799,2,2067),(17222,13.229000091552734,2,2068),(17223,29.67799949645996,2,2069),(17224,65.79100036621094,2,2070),(17225,0.09700000286102295,2,2071),(17226,47.38199996948242,2,2072),(17227,19.784000396728516,2,2073),(17228,60.94200134277344,2,2074),(17229,24.007999420166016,2,2078),(17230,29.37700080871582,2,2080),(17231,68.11399841308594,2,2083),(17232,49.33300018310547,2,2087),(17233,7.566999912261963,2,2096),(17234,308.11199951171875,2,2097),(17235,486.3869934082031,2,2099),(17236,7.576000213623047,2,2100),(17237,8.980999946594238,2,2106),(17238,18.72100067138672,2,2107),(17239,163.15499877929688,2,2108),(17240,74.37999725341797,2,2109),(17241,0.08900000154972076,2,2110),(17242,234.29600524902344,2,2111),(17243,95.2969970703125,2,2112),(17244,35.577999114990234,2,2113),(17245,128.94900512695312,2,2122),(17246,48.65800094604492,2,2123),(17247,97.86599731445312,2,2126),(17248,25.94300079345703,2,2127),(17249,57.50600051879883,2,2132),(17250,50.0989990234375,2,2134),(17251,38.891998291015625,2,2137),(17252,44.39400100708008,2,2141),(17253,102.86599731445312,2,2145),(17254,71.41400146484375,2,2146),(17255,329.62799072265625,2,2155),(17256,7.5879998207092285,2,2158),(17257,2.446000099182129,2,2159),(17258,28.867000579833984,2,2165),(17259,40.54999923706055,2,2167),(17260,621.1190185546875,2,2170),(17261,31.368999481201172,2,2174),(17262,25.41699981689453,2,2178),(17263,44.98899841308594,2,2180),(17264,85.18299865722656,2,2184),(17265,27.42799949645996,2,2187),(17266,40.17100143432617,2,2189),(17267,10.553999900817871,2,2192),(17268,40.59299850463867,2,2195),(17269,79.21299743652344,2,2197),(17270,20.30900001525879,2,2201),(17271,34.803001403808594,2,2202),(17272,24.70800018310547,2,2205),(17273,34.797000885009766,2,2208),(17274,7.690000057220459,2,2210),(17275,65.56500244140625,2,2211),(17276,6.25,2,2213),(17277,29.336999893188477,2,2214),(17278,4.900000095367432,2,2217),(17279,53.152000427246094,2,2218),(17280,8.026000022888184,2,2220),(17281,13.598999977111816,2,2221),(17282,21.59000015258789,2,2223),(17283,71.16699981689453,2,2227),(17284,117.59100341796875,2,2229),(17285,54.35100173950195,2,2233),(17286,31.827999114990234,2,2234),(17287,22.884000778198242,2,2237),(17288,6.4029998779296875,2,2240),(17289,27.1299991607666,2,2241),(17290,8.331000328063965,2,2243),(17291,36.16299819946289,2,2244),(17292,5.684999942779541,2,2246),(17293,24.20800018310547,2,2247),(17294,8.95199966430664,2,2250),(17295,61.117000579833984,2,2251),(17296,63.54800033569336,2,2253),(17297,17.85300064086914,2,2254),(17298,17.589000701904297,2,2256),(17299,26.68600082397461,2,2265),(17300,29.893999099731445,2,2266),(17301,71.6989974975586,2,2269),(17302,21.48699951171875,2,2270),(17303,14.628999710083008,2,2275),(17304,70.50399780273438,2,2276),(17305,37.60599899291992,2,2280),(17306,126.39800262451172,2,2282),(17307,18.05500030517578,2,2286),(17308,29.437999725341797,2,2287),(17309,30.191999435424805,2,2290),(17310,26.115999221801758,2,2293),(17311,6.551000118255615,2,2295),(17312,25.44499969482422,2,2296),(17313,5.849999904632568,2,2298),(17314,32.78099822998047,2,2299),(17315,3.9200000762939453,2,2306),(17316,10.343000411987305,2,2317),(17317,5.567999839782715,2,2320),(17318,5.385000228881836,2,2321),(17319,48.22100067138672,2,2328),(17320,36.19599914550781,2,2329),(17321,38.49800109863281,2,2330),(17322,29.05500030517578,2,2332),(17323,5.7870001792907715,2,2341),(17324,19.02899932861328,2,2342),(17325,154.93899536132812,2,2345),(17326,13.468000411987305,2,2346),(17327,19.270999908447266,2,2351),(17328,32.43000030517578,2,2353),(17329,55.939998626708984,2,2357),(17330,33.09400177001953,2,2360),(17331,30.617000579833984,2,2362),(17332,12.628000259399414,2,2365),(17333,20.15399932861328,2,2368),(17334,65.24600219726562,2,2369),(17335,25.8799991607666,2,2373),(17336,38.055999755859375,2,2375),(17337,45.63199996948242,2,2379),(17338,36.08300018310547,2,2382),(17339,17.55900001525879,2,2384),(17340,46.81100082397461,2,2387),(17341,38.944000244140625,2,2390),(17342,41.18299865722656,2,2392),(17343,39.874000549316406,2,2396),(17344,11.001999855041504,2,2399),(17345,24.57699966430664,2,2401),(17346,9.980999946594238,2,2404),(17347,11.545000076293945,2,2407),(17348,86.86499786376953,2,2409),(17349,221.31399536132812,2,2414),(17350,348.0169982910156,2,2416),(17351,132.5540008544922,2,2418),(17352,74.88600158691406,2,2420),(17353,50.854000091552734,2,2421),(17354,363.7510070800781,2,2422),(17355,25.312999725341797,2,2429),(17356,136.6840057373047,2,2431),(17357,61.98899841308594,2,2434),(17358,18.59600067138672,2,2436),(17359,46.64899826049805,2,2438),(17360,62.65800094604492,2,2440),(17361,23.67099952697754,2,2442),(17362,206.57000732421875,2,2444),(17363,241.9429931640625,2,2447),(17364,18.45199966430664,2,2449),(17365,35.9640007019043,2,2451),(17366,81.37799835205078,2,2453),(17367,6.513999938964844,2,2455),(17368,7.293000221252441,2,2456),(17369,54.606998443603516,2,2459),(17370,93.53399658203125,2,2460),(17371,123.89099884033203,2,2462),(17372,12.090999603271484,2,2464),(17373,66.57599639892578,2,2466),(17374,10.390999794006348,2,2471),(17375,13.371000289916992,2,2475),(17376,8.282999992370605,2,2477),(17377,53.29199981689453,2,2486),(17378,89.47799682617188,2,2488),(17379,38.79899978637695,2,2492),(17380,180.62399291992188,2,2495),(17381,67.10399627685547,2,2497),(17382,40.46900177001953,2,2500),(17383,15.62600040435791,2,2503),(17384,83.00199890136719,2,2505),(17385,246.66000366210938,2,2508),(17386,23.861000061035156,2,2510),(17387,162.8350067138672,2,2512),(17388,94.13800048828125,2,2514),(17389,8.661999702453613,2,2516),(17390,44.625,2,2517),(17391,34.220001220703125,2,2519),(17392,24.214000701904297,2,2520),(17393,36.73400115966797,2,2521),(17394,105.81400299072266,2,2523),(17395,11.859000205993652,2,2525),(17396,134.71299743652344,2,2527),(17397,7.71999979019165,2,2537),(17398,51.63399887084961,2,2538),(17399,89.33599853515625,2,2540),(17400,45.38100051879883,2,2541),(17401,28.43899917602539,2,2543),(17402,7.702000141143799,2,2544),(17403,12.734000205993652,2,2549),(17404,8.878000259399414,2,2550),(17405,13.270999908447266,2,2551),(17406,50.0880012512207,2,2553),(17407,26.475000381469727,2,2554),(17408,34.01499938964844,2,2555),(17409,37.22600173950195,2,2557),(17410,7.139999866485596,2,2559),(17411,22.822999954223633,2,2561),(17412,6.543000221252441,2,2566),(17413,19.889999389648438,2,2567),(17414,57.369998931884766,2,2568),(17415,77.1449966430664,2,2569),(17416,0.061000000685453415,2,2570),(17417,65.37200164794922,2,2571),(17418,19.889999389648438,2,2573),(17419,39.15299987792969,2,2577),(17420,289.99200439453125,2,2579),(17421,6.2769999504089355,2,2584),(17422,51.020999908447266,2,2586),(17423,22.68199920654297,2,2588),(17424,55.21200180053711,2,2590),(17425,8.138999938964844,2,2592),(17426,47.060001373291016,2,2595),(17427,76.6500015258789,2,2599),(17428,37.99800109863281,2,2603),(17429,53.21500015258789,2,2605),(17430,30.20400047302246,2,2609),(17431,65.1719970703125,2,2610),(17432,59.38600158691406,2,2613),(17433,37.04999923706055,2,2616),(17434,7.3379998207092285,2,2618),(17435,25.947999954223633,2,2625),(17436,95.14700317382812,2,2626),(17437,4.580999851226807,2,2628),(17438,35.499000549316406,2,2629),(17439,6.4720001220703125,2,2631),(17440,14.503999710083008,2,2635),(17441,97.48300170898438,2,2636),(17442,373.10400390625,2,2638),(17443,138.9600067138672,2,2639),(17444,316.6910095214844,2,2641),(17445,33.323001861572266,2,2643),(17446,0.008999999612569809,2,2645),(17447,58.888999938964844,2,2655),(17448,81.41600036621094,2,2656),(17449,135.35899353027344,2,2658),(17450,28.458999633789062,2,2659),(17451,77.47100067138672,2,2661),(17452,48.926998138427734,2,2662),(17453,152.125,2,2668),(17454,26.39699935913086,2,2669),(17455,17.861000061035156,2,2670),(17456,62.472999572753906,2,2674),(17457,59.12799835205078,2,2680),(17458,10.177000045776367,2,2682),(17459,7.73799991607666,2,2685),(17460,5.724999904632568,2,2689),(17461,7.504000186920166,2,2698),(17462,8.258999824523926,2,2699),(17463,70.61499786376953,2,2701),(17464,11.307999610900879,2,2702),(17465,17.378000259399414,2,2704),(17466,16.02199935913086,2,2716),(17467,25.226999282836914,2,2717),(17468,156.9499969482422,2,2719),(17469,6.4770002365112305,2,2720),(17470,91.84300231933594,2,2726),(17471,57.71099853515625,2,2728),(17472,19.57200050354004,2,2732),(17473,5.2129998207092285,2,2733),(17474,2.7149999141693115,2,2740),(17475,58.827999114990234,2,2742),(17476,42.4370002746582,2,2743),(17477,6.973999977111816,2,2746),(17478,37.611000061035156,2,2750),(17479,5.703999996185303,2,2753),(17480,21.874000549316406,2,2755),(17481,8.420999526977539,2,2764),(17482,26.04800033569336,2,2765),(17483,311.0069885253906,2,2767),(17484,17.43199920654297,2,2768),(17485,3.308000087738037,2,2770),(17486,27.80299949645996,2,2782),(17487,11.682000160217285,2,2783),(17488,243.5070037841797,2,2785),(17489,157.4340057373047,2,2786),(17490,28.350000381469727,2,2792),(17491,109.70099639892578,2,2793),(17492,135.30799865722656,2,2794),(17493,64.08699798583984,2,2795),(17494,0.16200000047683716,2,2796),(17495,32.4630012512207,2,2797),(17496,9.079000473022461,2,2798),(17497,30.799999237060547,2,2799),(17498,4.409999847412109,2,2808),(17499,11.484000205993652,2,2809),(17500,163.55999755859375,2,2811),(17501,3.566999912261963,2,2812),(17502,40.84700012207031,2,2818),(17503,26.944000244140625,2,2819),(17504,37.750999450683594,2,2820),(17505,33.53300094604492,2,2821),(17506,14.82699966430664,2,2823),(17507,18.836999893188477,2,2827),(17508,13.875,2,2829),(17509,44.9370002746582,2,2832),(17510,31.465999603271484,2,2836),(17511,4.1020002365112305,2,2841),(17512,1.975000023841858,2,2842),(17513,12.977999687194824,2,2844),(17514,103.53099822998047,2,2845),(17515,21.014999389648438,2,2846),(17516,40.465999603271484,2,2847),(17517,28.016000747680664,2,2851),(17518,32.79100036621094,2,2853),(17519,52.86199951171875,2,2857),(17520,26.349000930786133,2,2860),(17521,113.50599670410156,2,2862),(17522,62.854000091552734,2,2865),(17523,202.67300415039062,2,2868),(17524,46.3849983215332,2,2869),(17525,39.388999938964844,2,2870),(17526,33.720001220703125,2,2877),(17527,39.97200012207031,2,2879),(17528,161.48300170898438,2,2882),(17529,65.78600311279297,2,2886),(17530,26.677000045776367,2,2890),(17531,65.08599853515625,2,2892),(17532,53.915000915527344,2,2896),(17533,14.420000076293945,2,2899),(17534,38.6349983215332,2,2901),(17535,36.86399841308594,2,2907),(17536,101.94300079345703,2,2909),(17537,74.39800262451172,2,2912),(17538,19.211999893188477,2,2914),(17539,60.202999114990234,2,2916),(17540,53.4640007019043,2,2918),(17541,50.8650016784668,2,2920),(17542,201.343994140625,2,2922),(17543,40.08000183105469,2,2926),(17544,67.125,2,2927),(17545,17.1200008392334,2,2930),(17546,18.922000885009766,2,2933),(17547,6.099999904632568,2,2935),(17548,496.91400146484375,2,2936),(17549,5.995999813079834,2,2938),(17550,37.9109992980957,2,2939),(17551,4.519000053405762,2,2942),(17552,25.011999130249023,2,2943),(17553,7.284999847412109,2,2945),(17554,15.522000312805176,2,2946),(17555,4.635000228881836,2,2948),(17556,24.260000228881836,2,2954),(17557,37.22800064086914,2,2957),(17558,141.84100341796875,2,2959),(17559,25.79599952697754,2,2961),(17560,184.9029998779297,2,2963),(17561,6.9730000495910645,2,2970),(17562,28.56599998474121,2,2971),(17563,64.0739974975586,2,2974),(17564,16.506000518798828,2,2975),(17565,10.604000091552734,2,2980),(17566,18.74799919128418,2,2981),(17567,79.61299896240234,2,2983),(17568,46.81800079345703,2,2984),(17569,216.29600524902344,2,2986),(17570,34.7130012512207,2,2988),(17571,0.004999999888241291,2,2990),(17572,109.04399871826172,2,2995),(17573,136.82200622558594,2,2997),(17574,33.935001373291016,2,3001),(17575,44.4119987487793,2,3002),(17576,61.13600158691406,2,3005),(17577,48.584999084472656,2,3008),(17578,10.42199993133545,2,3010),(17579,46.01100158691406,2,3011),(17580,7.736000061035156,2,3013),(17581,37.729000091552734,2,3014),(17582,22.391000747680664,2,3018),(17583,8.223999977111816,2,3021),(17584,9.968999862670898,2,3027),(17585,69.96700286865234,2,3028),(17586,8.40999984741211,2,3037),(17587,10.510000228881836,2,3038),(17588,70.72599792480469,2,3040),(17589,17.89299964904785,2,3041),(17590,46.082000732421875,2,3043),(17591,15.597999572753906,2,3044),(17592,16.163000106811523,2,3045),(17593,11.9399995803833,2,3050),(17594,16.0310001373291,2,3056),(17595,61.138999938964844,2,3060),(17596,12.12600040435791,2,3061),(17597,43.6349983215332,2,3066),(17598,53.52899932861328,2,3068),(17599,15.086999893188477,2,3072),(17600,36.19499969482422,2,3075),(17601,43.641998291015625,2,3077),(17602,23.062000274658203,2,3080),(17603,8.71399974822998,2,3083),(17604,9.305000305175781,2,3084),(17605,24.709999084472656,2,3085),(17606,52.86899948120117,2,3086),(17607,0.13699999451637268,2,3087),(17608,29.954999923706055,2,3088),(17609,7.941999912261963,2,3089),(17610,41.72200012207031,2,3090),(17611,8.946999549865723,2,3099),(17612,4.0980000495910645,2,3100),(17613,109.71399688720703,2,3103),(17614,27.19300079345703,2,3104),(17615,41.689998626708984,2,3109),(17616,30.954999923706055,2,3110),(17617,102.12999725341797,2,3112),(17618,14.868000030517578,2,3115),(17619,358.8909912109375,2,3117),(17620,0.004000000189989805,2,3119),(17621,24.014999389648438,2,3124),(17622,31.81399917602539,2,3126),(17623,58.270999908447266,2,3129),(17624,12.571999549865723,2,3133),(17625,3.821000099182129,2,3142),(17626,3.9730000495910645,2,3143),(17627,64.96299743652344,2,3146),(17628,5.688000202178955,2,3147),(17629,36.40999984741211,2,3152),(17630,53.941001892089844,2,3154),(17631,21.711000442504883,2,3157),(17632,13.284000396728516,2,3159),(17633,16.635000228881836,2,3161),(17634,77.02200317382812,2,3163),(17635,4.494999885559082,2,3170),(17636,3.5820000171661377,2,3171),(17637,79.85199737548828,2,3174),(17638,2.9649999141693115,2,3175),(17639,46.33300018310547,2,3180),(17640,80.18499755859375,2,3182),(17641,15.902999877929688,2,3186),(17642,18.840999603271484,2,3187),(17643,18.202999114990234,2,3190),(17644,4.0929999351501465,2,3193),(17645,41.98699951171875,2,3194),(17646,5.144000053405762,2,3196),(17647,37.520999908447266,2,3197),(17648,5.3470001220703125,2,3199),(17649,27.058000564575195,2,3200),(17650,42.04600143432617,2,3204),(17651,22.69499969482422,2,3206),(17652,22.176000595092773,2,3207),(17653,284.44500732421875,2,3221),(17654,13.821999549865723,2,3222),(17655,13.199999809265137,2,3224),(17656,109.76699829101562,2,3225),(17657,5.563000202178955,2,3232),(17658,13.380999565124512,2,3233),(17659,23.77899932861328,2,3235),(17660,23.724000930786133,2,3236),(17661,42.87099838256836,2,3237),(17662,44.268001556396484,2,3239),(17663,11.972000122070312,2,3241),(17664,43.24800109863281,2,3243),(17665,4.098999977111816,2,3253),(17666,197.83599853515625,2,3259),(17667,16.875,2,3266),(17668,32.76300048828125,2,3269),(17669,34.91600036621094,2,3273),(17670,85.6729965209961,2,3279),(17671,27.570999145507812,2,3283),(17672,70.74500274658203,2,3286),(17673,36.236000061035156,2,3288),(17674,10.82800006866455,2,3291),(17675,38.93899917602539,2,3294),(17676,46.02799987792969,2,3296),(17677,47.87699890136719,2,3299),(17678,9.03600025177002,2,3301),(17679,27.06800079345703,2,3303),(17680,181.78399658203125,2,3305),(17681,22.283000946044922,2,3307),(17682,15.788000106811523,2,3308),(17683,20.24799919128418,2,3311),(17684,31.415000915527344,2,3312),(17685,49.80400085449219,2,3314),(17686,40.36000061035156,2,3316),(17687,30.121000289916992,2,3318),(17688,5.138000011444092,2,3331),(17689,23.55900001525879,2,3332),(17690,19.764999389648438,2,3334),(17691,7.249000072479248,2,3335),(17692,42.83399963378906,2,3342),(17693,33.400001525878906,2,3344),(17694,5.752999782562256,2,3345),(17695,117.56400299072266,2,3346),(17696,22.976999282836914,2,3352),(17697,27.81800079345703,2,3354),(17698,63.25400161743164,2,3357),(17699,30.354999542236328,2,3361),(17700,54.74599838256836,2,3365),(17701,86.34600067138672,2,3367),(17702,19.41900062561035,2,3371),(17703,10.567000389099121,2,3372),(17704,10.545999526977539,2,3375),(17705,20.53499984741211,2,3378),(17706,40.279998779296875,2,3380),(17707,96.20999908447266,2,3381),(17708,28.81599998474121,2,3384),(17709,7.665999889373779,2,3387),(17710,26.354000091552734,2,3388),(17711,6.173999786376953,2,3390),(17712,6.39900016784668,2,3391),(17713,7.230000019073486,2,3393),(17714,66.95999908447266,2,3402),(17715,5.763000011444092,2,3403),(17716,84.56199645996094,2,3406),(17717,7.835999965667725,2,3407),(17718,15.043999671936035,2,3412),(17719,26.417999267578125,2,3417),(17720,6.834000110626221,2,3419),(17721,47.86600112915039,2,3423),(17722,26.738000869750977,2,3426),(17723,57.40999984741211,2,3428),(17724,10.982999801635742,2,3434),(17725,15.517999649047852,2,3435),(17726,38.98400115966797,2,3437),(17727,21.78499984741211,2,3438),(17728,40.119998931884766,2,3439),(17729,32.38600158691406,2,3441),(17730,4.935999870300293,2,3443),(17731,31.367000579833984,2,3445),(17732,74.68800354003906,2,3455),(17733,78.11499786376953,2,3458),(17734,10.034000396728516,2,3459),(17735,23.621000289916992,2,3464),(17736,56.224998474121094,2,3465),(17737,30.687999725341797,2,3469),(17738,85.13600158691406,2,3471),(17739,16.94099998474121,2,3475),(17740,37.36899948120117,2,3478),(17741,2.7300000190734863,2,3480),(17742,10.961000442504883,2,3483),(17743,59.08100128173828,2,3488),(17744,40.21099853515625,2,3491),(17745,15.246999740600586,2,3493),(17746,21.87299919128418,2,3495),(17747,21.452999114990234,2,3497),(17748,10.0600004196167,2,3499),(17749,13.493000030517578,2,3500),(17750,29.927000045776367,2,3502),(17751,15.579000473022461,2,3503),(17752,51.78900146484375,2,3504),(17753,62.250999450683594,2,3506),(17754,9.90999984741211,2,3508),(17755,23.888999938964844,2,3510),(17756,17.900999069213867,2,3520),(17757,9.47599983215332,2,3521),(17758,99.26899719238281,2,3524),(17759,17.399999618530273,2,3525),(17760,10.71399974822998,2,3530),(17761,163.90199279785156,2,3531),(17762,93.70600128173828,2,3535),(17763,114.68199920654297,2,3537),(17764,47.58300018310547,2,3541),(17765,27.959999084472656,2,3544),(17766,64.09200286865234,2,3546),(17767,53.89699935913086,2,3549),(17768,20.954999923706055,2,3557),(17769,32.354000091552734,2,3558),(17770,72.86199951171875,2,3561),(17771,17.375999450683594,2,3568),(17772,166.99000549316406,2,3572),(17773,250.91900634765625,2,3573),(17774,25.84000015258789,2,3577),(17775,38.50899887084961,2,3579),(17776,39.85300064086914,2,3583),(17777,16.354999542236328,2,3586),(17778,93.84200286865234,2,3588),(17779,101.2249984741211,2,3591),(17780,10.734999656677246,2,3594),(17781,9.769000053405762,2,3595),(17782,70.94000244140625,2,3597),(17783,51.93899917602539,2,3598),(17784,54.17599868774414,2,3599),(17785,119.61499786376953,2,3601),(17786,3.940999984741211,2,3603),(17787,18.961000442504883,2,3605),(17788,31.256000518798828,2,3615),(17789,72.11399841308594,2,3616),(17790,86.5739974975586,2,3618),(17791,32.4010009765625,2,3619),(17792,36.236000061035156,2,3621),(17793,8.154999732971191,2,3627),(17794,6.0920000076293945,2,3628),(17795,12.975000381469727,2,3629),(17796,27.57699966430664,2,3630),(17797,102.93800354003906,2,3631),(17798,0.09399999678134918,2,3632),(17799,69.83799743652344,2,3633),(17800,20.760000228881836,2,3634),(17801,52.17300033569336,2,3635),(17802,24.67799949645996,2,3639),(17803,14.781999588012695,2,3641),(17804,83.35399627685547,2,3644),(17805,33.83399963378906,2,3648),(17806,44.448001861572266,2,3652),(17807,65.53900146484375,2,3654),(17808,20.8799991607666,2,3658),(17809,25.01300048828125,2,3659),(17810,121.76100158691406,2,3662),(17811,25.895000457763672,2,3665),(17812,11.96399974822998,2,3667),(17813,75.18699645996094,2,3668),(17814,6.52400016784668,2,3670),(17815,34.310001373291016,2,3671),(17816,30.257999420166016,2,3675),(17817,9.730999946594238,2,3677),(17818,15.869000434875488,2,3678),(17819,4.686999797821045,2,3680),(17820,108.11599731445312,2,3686),(17821,50.35100173950195,2,3689),(17822,12.605999946594238,2,3691),(17823,41.94300079345703,2,3693),(17824,59.60599899291992,2,3695),(17825,12.854999542236328,2,3697),(17826,16.08300018310547,2,3698),(17827,73.19200134277344,2,3700),(17828,17.871000289916992,2,3701),(17829,24.65399932861328,2,3702),(17830,109.00700378417969,2,3704),(17831,51.71200180053711,2,3706),(17832,6.00600004196167,2,3708),(17833,28.339000701904297,2,3718),(17834,18.92300033569336,2,3719),(17835,135.7740020751953,2,3722),(17836,21.09600067138672,2,3723),(17837,32.80099868774414,2,3728),(17838,63.33100128173828,2,3729),(17839,26.440000534057617,2,3733),(17840,75.22599792480469,2,3735),(17841,38.792999267578125,2,3739),(17842,13.081999778747559,2,3742),(17843,54.92399978637695,2,3744),(17844,14.468999862670898,2,3747),(17845,61.54499816894531,2,3752),(17846,34.45399856567383,2,3759),(17847,91.14099884033203,2,3761),(17848,8.130999565124512,2,3763),(17849,34.025001525878906,2,3764),(17850,28.538000106811523,2,3766),(17851,28.39299964904785,2,3767),(17852,77.14199829101562,2,3768),(17853,437.29901123046875,2,3770),(17854,68.28900146484375,2,3772),(17855,13.291000366210938,2,3774),(17856,38.21699905395508,2,3784),(17857,20.729000091552734,2,3785),(17858,146.49600219726562,2,3787),(17859,4.948999881744385,2,3788),(17860,5.111999988555908,2,3790),(17861,6.517000198364258,2,3796),(17862,9.097000122070312,2,3797),(17863,43.71500015258789,2,3798),(17864,33.1510009765625,2,3799),(17865,38.93600082397461,2,3800),(17866,3.4779999256134033,2,3801),(17867,65.24299621582031,2,3802),(17868,7.421000003814697,2,3803),(17869,30.118999481201172,2,3804),(17870,345.4339904785156,2,3808),(17871,26.922000885009766,2,3810),(17872,45.06399917602539,2,3813),(17873,63.637001037597656,2,3817),(17874,43.465999603271484,2,3821),(17875,79.7959976196289,2,3823),(17876,17.905000686645508,2,3827),(17877,29.509000778198242,2,3828),(17878,30.812999725341797,2,3831),(17879,42.994998931884766,2,3834),(17880,7.75600004196167,2,3836),(17881,31.79199981689453,2,3837),(17882,7.4720001220703125,2,3839),(17883,30.236000061035156,2,3840),(17884,65.61799621582031,2,3844),(17885,11.824999809265137,2,3847),(17886,6.304999828338623,2,3849),(17887,19.291000366210938,2,3858),(17888,112.56199645996094,2,3861),(17889,85.49700164794922,2,3862),(17890,31.753000259399414,2,3868),(17891,39.946998596191406,2,3869),(17892,28.17099952697754,2,3870),(17893,43.020999908447266,2,3871),(17894,31.309999465942383,2,3873),(17895,31.808000564575195,2,3877),(17896,61.047000885009766,2,3879),(17897,34.54600143432617,2,3883),(17898,39.983001708984375,2,3886),(17899,42.470001220703125,2,3888),(17900,85.28299713134766,2,3896),(17901,124.20800018310547,2,3899),(17902,10.720000267028809,2,3901),(17903,35.96699905395508,2,3903),(17904,152.04100036621094,2,3905),(17905,25.204999923706055,2,3912),(17906,9.144000053405762,2,3913),(17907,70.31600189208984,2,3915),(17908,28.694000244140625,2,3916),(17909,25.566999435424805,2,3918),(17910,19.256999969482422,2,3919),(17911,53.37200164794922,2,3920),(17912,9.175999641418457,2,3925),(17913,6.315999984741211,2,3926),(17914,17.253000259399414,2,3927),(17915,42.08300018310547,2,3928),(17916,32.70000076293945,2,3929),(17917,5.052000045776367,2,3930),(17918,104.9280014038086,2,3931),(17919,10.871999740600586,2,3932),(17920,27.27899932861328,2,3933),(17921,26.80500030517578,2,3937),(17922,20.812999725341797,2,3939),(17923,43.89699935913086,2,3942),(17924,21.27400016784668,2,3946),(17925,30.187999725341797,2,3955),(17926,54.60100173950195,2,3956),(17927,146.51699829101562,2,3958),(17928,44.7869987487793,2,3959),(17929,20.191999435424805,2,3961),(17930,7.248000144958496,2,3967),(17931,22.354000091552734,2,3968),(17932,129.3249969482422,2,3970),(17933,36.792999267578125,2,3974),(17934,34.1609992980957,2,3975),(17935,63.73699951171875,2,3978),(17936,8.947999954223633,2,3981),(17937,28.354999542236328,2,3982),(17938,8.184000015258789,2,3984),(17939,30.437000274658203,2,3985),(17940,12.366000175476074,2,3987),(17941,28.749000549316406,2,3988),(17942,5.690999984741211,2,3991),(17943,54.40299987792969,2,3992),(17944,25.476999282836914,2,3994),(17945,8.371999740600586,2,3995),(17946,20.235000610351562,2,3997),(17947,5.521999835968018,2,4001),(17948,5.341000080108643,2,4002),(17949,80.875,2,4003),(17950,37.81800079345703,2,4004),(17951,0.08900000154972076,2,4005),(17952,31.398000717163086,2,4006),(17953,39.141998291015625,2,4007),(17954,44.31399917602539,2,4008),(17955,26.0939998626709,2,4012),(17956,22.113000869750977,2,4014),(17957,40.88999938964844,2,4017),(17958,68.6709976196289,2,4021),(17959,54.270999908447266,2,4025),(17960,69.18000030517578,2,4027),(17961,30.85300064086914,2,4031),(17962,23.347000122070312,2,4032),(17963,27.410999298095703,2,4035),(17964,54.215999603271484,2,4038),(17965,8.302000045776367,2,4040),(17966,47.722999572753906,2,4041),(17967,45.70500183105469,2,4044),(17968,5.24399995803833,2,4047),(17969,50.202999114990234,2,4048),(17970,6.078000068664551,2,4050),(17971,34.91999816894531,2,4051),(17972,3.75,2,4053),(17973,157.447998046875,2,4063),(17974,80.64600372314453,2,4065),(17975,51.534000396728516,2,4066),(17976,10.390999794006348,2,4073),(17977,129.99000549316406,2,4074),(17978,111.03500366210938,2,4075),(17979,19.93600082397461,2,4077),(17980,24.854000091552734,2,4081),(17981,41.25,2,4083),(17982,74.14099884033203,2,4087),(17983,44.597999572753906,2,4090),(17984,19.665000915527344,2,4092),(17985,2019.02001953125,2,4095),(17986,99.29299926757812,2,4100),(17987,35.64099884033203,2,4103),(17988,15.149999618530273,2,4105),(17989,40.92300033569336,2,4107),(17990,5.650000095367432,2,4109),(17991,9.312000274658203,2,4111),(17992,17.91900062561035,2,4112),(17993,73.40699768066406,2,4114),(17994,48.7140007019043,2,4115),(17995,138.156005859375,2,4117),(17996,29.927000045776367,2,4119),(17997,0.029999999329447746,2,4121),(17998,19.259000778198242,2,4131),(17999,51.632999420166016,2,4132),(18000,241.8699951171875,2,4134),(18001,41.19300079345703,2,4135),(18002,23.554000854492188,2,4137),(18003,29.368000030517578,2,4138),(18004,33.22700119018555,2,4139),(18005,9.411999702453613,2,4144),(18006,7.4019999504089355,2,4145),(18007,11.946999549865723,2,4146),(18008,68.31500244140625,2,4147),(18009,60.340999603271484,2,4148),(18010,3.5969998836517334,2,4149),(18011,50.220001220703125,2,4150),(18012,11.440999984741211,2,4151),(18013,35.34600067138672,2,4152),(18014,45.40800094604492,2,4156),(18015,66.04000091552734,2,4158),(18016,133.05999755859375,2,4161),(18017,88.01799774169922,2,4165),(18018,42.19499969482422,2,4169),(18019,94.85399627685547,2,4171),(18020,26.826000213623047,2,4175),(18021,20.93600082397461,2,4176),(18022,16.75,2,4179),(18023,6.742000102996826,2,4182),(18024,54.441001892089844,2,4183),(18025,7.770999908447266,2,4185),(18026,26.98699951171875,2,4186),(18027,7.833000183105469,2,4188),(18028,33.9739990234375,2,4189),(18029,77.56199645996094,2,4192),(18030,60.71900177001953,2,4193),(18031,7.366000175476074,2,4195),(18032,22.04800033569336,2,4196),(18033,19.51799964904785,2,4198),(18034,20.76300048828125,2,4207),(18035,22.591999053955078,2,4208),(18036,213.18499755859375,2,4211),(18037,106.81500244140625,2,4212),(18038,20.139999389648438,2,4222),(18039,11.531000137329102,2,4223),(18040,108.17500305175781,2,4226),(18041,5.65500020980835,2,4227),(18042,54.63800048828125,2,4232),(18043,97.48300170898438,2,4234),(18044,43.8489990234375,2,4238),(18045,44.310001373291016,2,4241),(18046,150.09100341796875,2,4243),(18047,29.98200035095215,2,4246),(18048,8.390000343322754,2,4284),(18049,10.006999969482422,2,4285),(18050,65.91200256347656,2,4288),(18051,7.401000022888184,2,4289),(18052,17.836000442504883,2,4299),(18053,9.8100004196167,2,4300),(18054,90.58200073242188,2,4302),(18055,28.150999069213867,2,4303),(18056,39.61800003051758,2,4305),(18057,15.902999877929688,2,4306),(18058,38.68600082397461,2,4307),(18059,6.25600004196167,2,4312),(18060,12.557000160217285,2,4313),(18061,40.4900016784668,2,4314),(18062,16.344999313354492,2,4318),(18063,16.54599952697754,2,4320),(18064,12.949999809265137,2,4324),(18065,10.949999809265137,2,4327),(18066,37.321998596191406,2,4329),(18067,8.104000091552734,2,4332),(18068,5.809000015258789,2,4335),(18069,27.344999313354492,2,4336),(18070,16.690000534057617,2,4337),(18071,89.16799926757812,2,4338),(18072,0.10300000011920929,2,4339),(18073,67.90699768066406,2,4340),(18074,13.932999610900879,2,4341),(18075,37.70000076293945,2,4342),(18076,26.888999938964844,2,4346),(18077,56.16699981689453,2,4348),(18078,35.80099868774414,2,4351),(18079,15.111000061035156,2,4355),(18080,51.74300003051758,2,4359),(18081,93.8239974975586,2,4361),(18082,38.68899917602539,2,4365),(18083,20.054000854492188,2,4366),(18084,15.038999557495117,2,4369),(18085,5.876999855041504,2,4372),(18086,22.36199951171875,2,4373),(18087,12.812999725341797,2,4375),(18088,18.332000732421875,2,4376),(18089,6.019999980926514,2,4378),(18090,56.55400085449219,2,4379),(18091,9.805999755859375,2,4382),(18092,43.29399871826172,2,4383),(18093,60.05799865722656,2,4385),(18094,21.05900001525879,2,4386),(18095,17.26300048828125,2,4388),(18096,5.184999942779541,2,4392),(18097,63.430999755859375,2,4394),(18098,15.28600025177002,2,4397),(18099,8.911999702453613,2,4399),(18100,11.777000427246094,2,4401),(18101,46.06800079345703,2,4403),(18102,11.03600025177002,2,4410),(18103,16.66900062561035,2,4411),(18104,136.50100708007812,2,4413),(18105,10.670999526977539,2,4414),(18106,6.465000152587891,2,4420),(18107,7.873000144958496,2,4421),(18108,33.715999603271484,2,4424),(18109,70.58499908447266,2,4425),(18110,20.18899917602539,2,4427),(18111,23.885000228881836,2,4429),(18112,5.763000011444092,2,4431),(18113,9.753999710083008,2,4441),(18114,22.25,2,4442),(18115,52.9119987487793,2,4444),(18116,12.118000030517578,2,4445),(18117,25.72800064086914,2,4447),(18118,25.982999801635742,2,4448),(18119,6.130000114440918,2,4453),(18120,3.6489999294281006,2,4454),(18121,10.25100040435791,2,4455),(18122,11.539999961853027,2,4456),(18123,77.7490005493164,2,4457),(18124,4.946000099182129,2,4458),(18125,54.808998107910156,2,4459),(18126,9.491000175476074,2,4460),(18127,24.301000595092773,2,4461),(18128,13.302000045776367,2,4465),(18129,9.246999740600586,2,4467),(18130,15.91100025177002,2,4470),(18131,16.018999099731445,2,4474),(18132,59.709999084472656,2,4478),(18133,33.48899841308594,2,4479),(18134,28.47800064086914,2,4480),(18135,33.42300033569336,2,4481),(18136,21.104000091552734,2,4483),(18137,23.405000686645508,2,4487),(18138,45.645999908447266,2,4489),(18139,11.78499984741211,2,4493),(18140,16.85300064086914,2,4494),(18141,16.121000289916992,2,4497),(18142,23.558000564575195,2,4500),(18143,5.890999794006348,2,4502),(18144,41.68299865722656,2,4503),(18145,5.946000099182129,2,4505),(18146,18.597999572753906,2,4506),(18147,16.85300064086914,2,4510),(18148,6.665999889373779,2,4512),(18149,5.702000141143799,2,4513),(18150,8.607000350952148,2,4515),(18151,22.253000259399414,2,4519),(18152,33.01599884033203,2,4521),(18153,30.799999237060547,2,4525),(18154,35.874000549316406,2,4528),(18155,21.93600082397461,2,4530),(18156,37.57099914550781,2,4533),(18157,20.8700008392334,2,4536),(18158,64.31900024414062,2,4538),(18159,30.131999969482422,2,4541),(18160,8.607999801635742,2,4543),(18161,23.389999389648438,2,4545),(18162,68.58200073242188,2,4547),(18163,8.5600004196167,2,4549),(18164,10.928000450134277,2,4550),(18165,47.55099868774414,2,4552),(18166,28.410999298095703,2,4553),(18167,64.83899688720703,2,4555),(18168,99.7770004272461,2,4557),(18169,0.006000000052154064,2,4559),(18170,17.382999420166016,2,4569),(18171,9.592000007629395,2,4570),(18172,120.01399993896484,2,4573),(18173,9.692999839782715,2,4574),(18174,25.83099937438965,2,4579),(18175,63.25699996948242,2,4580),(18176,32.402000427246094,2,4589),(18177,7.427000045776367,2,4590),(18178,145.10400390625,2,4592),(18179,15.423999786376953,2,4593),(18180,69.2249984741211,2,4595),(18181,7.395999908447266,2,4596),(18182,55.59000015258789,2,4597),(18183,8.715999603271484,2,4602),(18184,39.00299835205078,2,4608),(18185,37.22100067138672,2,4609),(18186,157.6009979248047,2,4611),(18187,3.1389999389648438,2,4612),(18188,25.283000946044922,2,4618),(18189,29.079999923706055,2,4620),(18190,42.95000076293945,2,4624),(18191,11.208000183105469,2,4627),(18192,31.21500015258789,2,4629),(18193,19.479000091552734,2,4632),(18194,5.191999912261963,2,4635),(18195,17.266000747680664,2,4636),(18196,87.29100036621094,2,4637),(18197,35.36600112915039,2,4638),(18198,12.626999855041504,2,4639),(18199,55.90999984741211,2,4640),(18200,8.482999801635742,2,4641),(18201,56.59600067138672,2,4642),(18202,31.36199951171875,2,4646),(18203,28.03499984741211,2,4648),(18204,40.73899841308594,2,4651),(18205,11.315999984741211,2,4653),(18206,30.111000061035156,2,4655),(18207,27.948999404907227,2,4657),(18208,110.84200286865234,2,4659),(18209,27.354000091552734,2,4660),(18210,29.14900016784668,2,4661),(18211,28.57699966430664,2,4662),(18212,29.52899932861328,2,4664),(18213,27.632999420166016,2,4668),(18214,92.19300079345703,2,4670),(18215,70.36000061035156,2,4673),(18216,26.613000869750977,2,4677),(18217,7.050000190734863,2,4681),(18218,15.979000091552734,2,4682),(18219,25.04199981689453,2,4684),(18220,15.1899995803833,2,4685),(18221,12.506999969482422,2,4686),(18222,4.633999824523926,2,4690),(18223,18.542999267578125,2,4692),(18224,30.6299991607666,2,4697),(18225,37.31700134277344,2,4699),(18226,40.082000732421875,2,4703),(18227,26.506999969482422,2,4706),(18228,26.60300064086914,2,4708),(18229,83.10900115966797,2,4711),(18230,16.707000732421875,2,4719),(18231,8.682000160217285,2,4720),(18232,114.05999755859375,2,4722),(18233,19.30299949645996,2,4723),(18234,33.79999923706055,2,4725),(18235,11.727999687194824,2,4726),(18236,26.756000518798828,2,4727),(18237,7.953000068664551,2,4732),(18238,20.283000946044922,2,4738),(18239,31.354000091552734,2,4739),(18240,171.6739959716797,2,4741),(18241,14.8149995803833,2,4742),(18242,17.204999923706055,2,4744),(18243,108.86000061035156,2,4745),(18244,9.494000434875488,2,4750),(18245,36.7140007019043,2,4756),(18246,15.536999702453613,2,4757),(18247,244.91099548339844,2,4760),(18248,21.68199920654297,2,4771),(18249,98.33799743652344,2,4774),(18250,90.2979965209961,2,4775),(18251,10.57699966430664,2,4781),(18252,6.111000061035156,2,4782),(18253,178.3070068359375,2,4783),(18254,63.599998474121094,2,4784),(18255,0.05700000002980232,2,4785),(18256,72.4739990234375,2,4786),(18257,8.133999824523926,2,4787),(18258,51.73099899291992,2,4788),(18259,21.417999267578125,2,4792),(18260,308.43499755859375,2,4794),(18261,46.22100067138672,2,4797),(18262,20.733999252319336,2,4799),(18263,36.505001068115234,2,4801),(18264,66.76000213623047,2,4803),(18265,56.17499923706055,2,4805),(18266,114.97599792480469,2,4807),(18267,31.256999969482422,2,4811),(18268,30.214000701904297,2,4812),(18269,15.458999633789062,2,4815),(18270,6.574999809265137,2,4818),(18271,37.560001373291016,2,4819),(18272,10.215999603271484,2,4821),(18273,23.430999755859375,2,4822),(18274,5.559000015258789,2,4824),(18275,13.460000038146973,2,4825),(18276,4.784999847412109,2,4828),(18277,53.59600067138672,2,4829),(18278,7.745999813079834,2,4831),(18279,27.628999710083008,2,4832),(18280,171.5780029296875,2,4846),(18281,5.242000102996826,2,4847),(18282,5.1519999504089355,2,4849),(18283,31.180999755859375,2,4850),(18284,8.826000213623047,2,4855),(18285,12.105999946594238,2,4856),(18286,73.04199981689453,2,4857),(18287,5.414999961853027,2,4861),(18288,16.385000228881836,2,4862),(18289,124.41400146484375,2,4863),(18290,25.3439998626709,2,4864),(18291,11.753000259399414,2,4865),(18292,105.78099822998047,2,4866),(18293,27.80299949645996,2,4867),(18294,33.165000915527344,2,4868),(18295,31.200000762939453,2,4877),(18296,20.066999435424805,2,4878),(18297,105.56099700927734,2,4880),(18298,9.25,2,4881),(18299,21.457000732421875,2,4883),(18300,6.369999885559082,2,4884),(18301,21.065000534057617,2,4889),(18302,10.508000373840332,2,4890),(18303,17.49799919128418,2,4891),(18304,47.356998443603516,2,4893),(18305,36.7760009765625,2,4894),(18306,114.44499969482422,2,4896),(18307,36.638999938964844,2,4898),(18308,0.004000000189989805,2,4900),(18309,5.5879998207092285,2,4905),(18310,35.09199905395508,2,4906),(18311,44.29199981689453,2,4907),(18312,36.430999755859375,2,4908),(18313,0.11900000274181366,2,4909),(18314,28.996000289916992,2,4910),(18315,6.453999996185303,2,4911),(18316,23.900999069213867,2,4912),(18317,28.93600082397461,2,4918),(18318,54.77299880981445,2,4920),(18319,26.933000564575195,2,4922),(18320,34.09700012207031,2,4926),(18321,35.37699890136719,2,4928),(18322,56.2599983215332,2,4931),(18323,21.375999450683594,2,4935),(18324,10.345000267028809,2,4944),(18325,73.31800079345703,2,4947),(18326,34.32099914550781,2,4948),(18327,25.382999420166016,2,4954),(18328,9.116999626159668,2,4956),(18329,64.91799926757812,2,4959),(18330,60.2859992980957,2,4963),(18331,18.158000946044922,2,4967),(18332,29.01099967956543,2,4969),(18333,37.7400016784668,2,4972),(18334,44.93000030517578,2,4976),(18335,7.668000221252441,2,4980),(18336,17.115999221801758,2,4981),(18337,95.25,2,4982),(18338,65.2770004272461,2,4983),(18339,12.718000411987305,2,4984),(18340,38.35499954223633,2,4985),(18341,11.050000190734863,2,4986),(18342,27.167999267578125,2,4987),(18343,15.866000175476074,2,4991),(18344,33.4010009765625,2,4992),(18345,22.645000457763672,2,4993),(18346,30.767000198364258,2,4994),(18347,13.329999923706055,2,4996),(18348,17.55299949645996,2,5005),(18349,11.944999694824219,2,5006),(18350,205.70899963378906,2,5008),(18351,4.4770002365112305,2,5009),(18352,29.804000854492188,2,5011),(18353,5.567999839782715,2,5012),(18354,5.8470001220703125,2,5018),(18355,58.66999816894531,2,5019),(18356,149.65199279785156,2,5021),(18357,60.38199996948242,2,5025),(18358,50.03900146484375,2,5028),(18359,135.75799560546875,2,5030),(18360,73.572998046875,2,5033),(18361,77.33100128173828,2,5041),(18362,58.27799987792969,2,5042),(18363,182.60499572753906,2,5044),(18364,50.07400131225586,2,5045),(18365,68.15899658203125,2,5047),(18366,15.567999839782715,2,5048),(18367,6.321000099182129,2,5055),(18368,20.288000106811523,2,5056),(18369,12.038999557495117,2,5057),(18370,3.634999990463257,2,5059),(18371,52.80500030517578,2,5060),(18372,49.310001373291016,2,5061),(18373,18.23699951171875,2,5062),(18374,22.649999618530273,2,5066),(18375,57.180999755859375,2,5068),(18376,55.512001037597656,2,5072),(18377,22.236000061035156,2,5075),(18378,48.571998596191406,2,5077),(18379,32.07400131225586,2,5080),(18380,53.694000244140625,2,5083),(18381,73.15799713134766,2,5085),(18382,45.499000549316406,2,5089),(18383,41.974998474121094,2,5090),(18384,25.319000244140625,2,5093),(18385,16.94499969482422,2,5096),(18386,5.380000114440918,2,5098),(18387,49.67100143432617,2,5099),(18388,25.05500030517578,2,5106),(18389,16.115999221801758,2,5109),(18390,6.063000202178955,2,5111),(18391,42.76499938964844,2,5115),(18392,19.145999908447266,2,5117),(18393,251.3509979248047,2,5120),(18394,28.56999969482422,2,5124),(18395,52.750999450683594,2,5128),(18396,94.20500183105469,2,5130),(18397,53.944000244140625,2,5134),(18398,65.42500305175781,2,5137),(18399,69.15499877929688,2,5139),(18400,73.01000213623047,2,5142),(18401,51.76100158691406,2,5145),(18402,36.39799880981445,2,5147),(18403,93.43699645996094,2,5150),(18404,14.678000450134277,2,5154),(18405,82.3949966430664,2,5158),(18406,88.11900329589844,2,5160),(18407,16.014999389648438,2,5164),(18408,49.30400085449219,2,5165),(18409,24.4060001373291,2,5168),(18410,23.367000579833984,2,5171),(18411,11.442999839782715,2,5173),(18412,34.125999450683594,2,5174),(18413,8.986000061035156,2,5176),(18414,71.02300262451172,2,5177),(18415,54.582000732421875,2,5181),(18416,9.13599967956543,2,5183),(18417,8.154999732971191,2,5184),(18418,5.468999862670898,2,5186),(18419,13.090999603271484,2,5190),(18420,141.43699645996094,2,5192),(18421,68.72699737548828,2,5195),(18422,18.761999130249023,2,5197),(18423,77.10199737548828,2,5199),(18424,76.68399810791016,2,5201),(18425,29.41699981689453,2,5203),(18426,51.72600173950195,2,5205),(18427,9.826000213623047,2,5209),(18428,13.803999900817871,2,5210),(18429,16.30299949645996,2,5213),(18430,14.52299976348877,2,5216),(18431,26.77899932861328,2,5217),(18432,4.4720001220703125,2,5219),(18433,37.36600112915039,2,5220),(18434,5.374000072479248,2,5222),(18435,34.09600067138672,2,5223),(18436,20.757999420166016,2,5226),(18437,47.61600112915039,2,5227),(18438,5.7270002365112305,2,5230),(18439,111.89900207519531,2,5239),(18440,56.862998962402344,2,5242),(18441,16.10700035095215,2,5244),(18442,40.54600143432617,2,5246),(18443,76.81199645996094,2,5248),(18444,52.196998596191406,2,5250),(18445,162.69200134277344,2,5252),(18446,24.834999084472656,2,5256),(18447,23.406999588012695,2,5257),(18448,12.536999702453613,2,5260),(18449,5.316999912261963,2,5263),(18450,26.770999908447266,2,5264),(18451,18.128000259399414,2,5266),(18452,16.61400032043457,2,5267),(18453,6.058000087738037,2,5269),(18454,12.60099983215332,2,5270),(18455,7.0279998779296875,2,5273),(18456,41.53799819946289,2,5274),(18457,30.618999481201172,2,5276),(18458,47.13999938964844,2,5277),(18459,15.70300006866455,2,5279),(18460,14.427000045776367,2,5283),(18461,13.14900016784668,2,5284),(18462,52.09400177001953,2,5286),(18463,96.45700073242188,2,5287),(18464,55.792999267578125,2,5289),(18465,21.981000900268555,2,5291),(18466,0.01600000075995922,2,5293),(18467,17.684999465942383,2,5303),(18468,24.79199981689453,2,5304),(18469,160.42100524902344,2,5307),(18470,24.177000045776367,2,5308),(18471,88.80500030517578,2,5313),(18472,221.54200744628906,2,5315),(18473,160.57699584960938,2,5318),(18474,21.371999740600586,2,5320),(18475,75.33699798583984,2,5322),(18476,222.44400024414062,2,5324),(18477,86.23600006103516,2,5326),(18478,123.27200317382812,2,5328),(18479,11.373000144958496,2,5332),(18480,13.27299976348877,2,5333),(18481,30.106000900268555,2,5336),(18482,32.819000244140625,2,5339),(18483,16.19700050354004,2,5341),(18484,32.494998931884766,2,5342),(18485,8.482000350952148,2,5344),(18486,109.71900177001953,2,5345),(18487,9.088000297546387,2,5352),(18488,10.333999633789062,2,5358),(18489,71.47100067138672,2,5359),(18490,13.621999740600586,2,5368),(18491,22.878000259399414,2,5369),(18492,95.61299896240234,2,5371),(18493,30.566999435424805,2,5372),(18494,9.204000473022461,2,5378),(18495,33.391998291015625,2,5379),(18496,19.344999313354492,2,5380),(18497,71.13700103759766,2,5381),(18498,18.615999221801758,2,5383),(18499,10.979000091552734,2,5392),(18500,13.234000205993652,2,5393),(18501,98.47699737548828,2,5396),(18502,9.685999870300293,2,5397),(18503,92.33499908447266,2,5402),(18504,23.280000686645508,2,5403),(18505,122.16300201416016,2,5404),(18506,103.70500183105469,2,5405),(18507,14.24899959564209,2,5406),(18508,66.31900024414062,2,5407),(18509,360.6650085449219,2,5408),(18510,50.37699890136719,2,5409),(18511,100.74099731445312,2,5418),(18512,187.82699584960938,2,5420),(18513,85.55500030517578,2,5422),(18514,0.006000000052154064,2,5424),(18515,31.357999801635742,2,5429),(18516,94.74299621582031,2,5430),(18517,43.58399963378906,2,5434),(18518,36.87900161743164,2,5436),(18519,27.121000289916992,2,5440),(18520,23.104000091552734,2,5443),(18521,29.736000061035156,2,5445),(18522,68.36000061035156,2,5448),(18523,18.47800064086914,2,5451),(18524,18.350000381469727,2,5452),(18525,73.4020004272461,2,5454),(18526,75.63200378417969,2,5455),(18527,119.75399780273438,2,5456),(18528,54.20800018310547,2,5458),(18529,9.479999542236328,2,5460),(18530,36.62699890136719,2,5462),(18531,55.902000427246094,2,5467),(18532,37.51300048828125,2,5469),(18533,95.56700134277344,2,5472),(18534,61.4640007019043,2,5476),(18535,22.267000198364258,2,5480),(18536,46.994998931884766,2,5482),(18537,28.952999114990234,2,5485),(18538,17.045000076293945,2,5487),(18539,50.05799865722656,2,5489),(18540,58.22700119018555,2,5491),(18541,48.560001373291016,2,5493),(18542,22.871000289916992,2,5495),(18543,27.54400062561035,2,5499),(18544,45.8849983215332,2,5502),(18545,131.2429962158203,2,5504),(18546,36.215999603271484,2,5507),(18547,16.465999603271484,2,5515),(18548,13.460000038146973,2,5516),(18549,46.512001037597656,2,5518),(18550,15.8149995803833,2,5519),(18551,71.41300201416016,2,5521),(18552,12.920999526977539,2,5522),(18553,143.71800231933594,2,5528),(18554,21.073999404907227,2,5534),(18555,25.360000610351562,2,5535),(18556,191.19000244140625,2,5537),(18557,9.52400016784668,2,5538),(18558,16.43199920654297,2,5540),(18559,15.255000114440918,2,5546),(18560,24.47599983215332,2,5547),(18561,27.43899917602539,2,5549),(18562,43.27799987792969,2,5553),(18563,123.41600036621094,2,5556),(18564,19.944000244140625,2,5558),(18565,103.33200073242188,2,5561),(18566,14.906999588012695,2,5564),(18567,9.979999542236328,2,5565),(18568,35.527000427246094,2,5567),(18569,35.26900100708008,2,5568),(18570,27.43199920654297,2,5569),(18571,105.12899780273438,2,5571),(18572,16.051000595092773,2,5573),(18573,20.759000778198242,2,5575),(18574,25.81800079345703,2,5582),(18575,59.60599899291992,2,5583),(18576,54.694000244140625,2,5585),(18577,38.56999969482422,2,5586),(18578,26.60300064086914,2,5587),(18579,18.1560001373291,2,5588),(18580,38.37900161743164,2,5592),(18581,102.08200073242188,2,5594),(18582,68.8270034790039,2,5597),(18583,25.034000396728516,2,5599),(18584,31.093000411987305,2,5601),(18585,63.45800018310547,2,5603),(18586,8.375,2,5605),(18587,26.711000442504883,2,5606),(18588,57.11399841308594,2,5607),(18589,82.2239990234375,2,5608),(18590,0.10199999809265137,2,5609),(18591,62.20399856567383,2,5610),(18592,34.816001892089844,2,5611),(18593,42.04499816894531,2,5612),(18594,18.1560001373291,2,5616),(18595,79.68599700927734,2,5618),(18596,42.992000579833984,2,5621),(18597,15.51200008392334,2,5623),(18598,23.929000854492188,2,5625),(18599,86.447998046875,2,5627),(18600,99.71199798583984,2,5629),(18601,186.41700744628906,2,5631),(18602,32.53099822998047,2,5635),(18603,29.645000457763672,2,5636),(18604,12.60200023651123,2,5639),(18605,8.173999786376953,2,5642),(18606,53.334999084472656,2,5643),(18607,61.7239990234375,2,5645),(18608,34.606998443603516,2,5646),(18609,22.302000045776367,2,5648),(18610,60.52399826049805,2,5649),(18611,17.606000900268555,2,5652),(18612,98.52999877929688,2,5653),(18613,71.10900115966797,2,5655),(18614,22.33099937438965,2,5656),(18615,19.465999603271484,2,5658),(18616,78.1050033569336,2,5665),(18617,46.81999969482422,2,5668),(18618,24.038000106811523,2,5672),(18619,12.609000205993652,2,5676),(18620,7.794000148773193,2,5677),(18621,49.23899841308594,2,5679),(18622,53.63199996948242,2,5680),(18623,35.47100067138672,2,5681),(18624,102.4000015258789,2,5683),(18625,27.10300064086914,2,5685),(18626,27.143999099731445,2,5687),(18627,27.854000091552734,2,5692),(18628,39.91299819946289,2,5694),(18629,107.09100341796875,2,5697),(18630,55.005001068115234,2,5701),(18631,7.697999954223633,2,5705),(18632,13.531000137329102,2,5706),(18633,54.678001403808594,2,5708),(18634,69.23799896240234,2,5709),(18635,72.49500274658203,2,5711),(18636,4.076000213623047,2,5715),(18637,23.579999923706055,2,5725),(18638,320.21600341796875,2,5726),(18639,68.6969985961914,2,5728),(18640,16.704999923706055,2,5729),(18641,94.40899658203125,2,5738),(18642,11.456999778747559,2,5742),(18643,26.173999786376953,2,5743),(18644,48.60599899291992,2,5746),(18645,5.892000198364258,2,5749),(18646,32.97999954223633,2,5750),(18647,6.861999988555908,2,5752),(18648,95.1050033569336,2,5753),(18649,22.031999588012695,2,5755),(18650,6.861000061035156,2,5756),(18651,11.458000183105469,2,5759),(18652,78.08000183105469,2,5760),(18653,19.940000534057617,2,5763),(18654,59.38999938964844,2,5769),(18655,147.74600219726562,2,5771),(18656,24.031999588012695,2,5775),(18657,25.72800064086914,2,5776),(18658,40.59600067138672,2,5779),(18659,71.69499969482422,2,5782),(18660,10.732999801635742,2,5784),(18661,104.25,2,5785),(18662,13.699999809265137,2,5788),(18663,10.753000259399414,2,5795),(18664,35.763999938964844,2,5801),(18665,140.0850067138672,2,5802),(18666,31.011999130249023,2,5803),(18667,104.95099639892578,2,5804),(18668,26.266000747680664,2,5806),(18669,25.10300064086914,2,5810),(18670,40.88600158691406,2,5812),(18671,80.71499633789062,2,5816),(18672,67.9990005493164,2,5819),(18673,36.104000091552734,2,5821),(18674,44.43600082397461,2,5824),(18675,30.072999954223633,2,5827),(18676,140.57200622558594,2,5829),(18677,69.0270004272461,2,5832),(18678,26.530000686645508,2,5834),(18679,25.892000198364258,2,5836),(18680,230.7830047607422,2,5838),(18681,9.66100025177002,2,5840),(18682,17.378999710083008,2,5841),(18683,24.7450008392334,2,5843),(18684,96.17500305175781,2,5844),(18685,149.7689971923828,2,5846),(18686,39.23699951171875,2,5848),(18687,0.05000000074505806,2,5850),(18688,20.441999435424805,2,5860),(18689,29.812999725341797,2,5861),(18690,94.3740005493164,2,5863),(18691,17.66200065612793,2,5864),(18692,29.509000778198242,2,5866),(18693,10.125,2,5867),(18694,10.848999977111816,2,5872),(18695,5.15500020980835,2,5873),(18696,13.454000473022461,2,5874),(18697,32.749000549316406,2,5875),(18698,208.0540008544922,2,5876),(18699,0.11400000005960464,2,5877),(18700,37.63800048828125,2,5878),(18701,12.402999877929688,2,5879),(18702,26.69700050354004,2,5880),(18703,24.14699935913086,2,5889),(18704,11.961000442504883,2,5890),(18705,114.94000244140625,2,5892),(18706,20.542999267578125,2,5893),(18707,18.58099937438965,2,5895),(18708,55.42599868774414,2,5896),(18709,11.86299991607666,2,5901),(18710,33.38399887084961,2,5902),(18711,24.53700065612793,2,5904),(18712,53.45500183105469,2,5907),(18713,41.29499816894531,2,5911),(18714,3.507999897003174,2,5915),(18715,20.535999298095703,2,5916),(18716,64.28299713134766,2,5917),(18717,38.766998291015625,2,5918),(18718,0.09099999815225601,2,5919),(18719,41.54499816894531,2,5920),(18720,40.88600158691406,2,5921),(18721,6.158999919891357,2,5922),(18722,101.56600189208984,2,5926),(18723,85.5,2,5928),(18724,28.302000045776367,2,5932),(18725,26.812000274658203,2,5933),(18726,16.56399917602539,2,5936),(18727,28.334999084472656,2,5939),(18728,7.059999942779541,2,5941),(18729,57.82600021362305,2,5942),(18730,4.679999828338623,2,5944),(18731,39.95500183105469,2,5945),(18732,40.77199935913086,2,5949),(18733,5.710000038146973,2,5951),(18734,16.547000885009766,2,5952),(18735,11.819999694824219,2,5954),(18736,35.55699920654297,2,5963),(18737,65.70500183105469,2,5964),(18738,140.55999755859375,2,5966),(18739,360.9590148925781,2,5967),(18740,40.70800018310547,2,5973),(18741,14.090999603271484,2,5975),(18742,67.4530029296875,2,5978),(18743,18.808000564575195,2,5982),(18744,17.059999465942383,2,5991),(18745,13.309000015258789,2,5992),(18746,103.79000091552734,2,5995),(18747,17.94099998474121,2,5996),(18748,26.54599952697754,2,6001),(18749,65.2229995727539,2,6002),(18750,20.552000045776367,2,6006),(18751,63.678001403808594,2,6008),(18752,14.482999801635742,2,6012),(18753,22.388999938964844,2,6015),(18754,39.189998626708984,2,6017),(18755,9.76099967956543,2,6020),(18756,42.409000396728516,2,6023),(18757,58.619998931884766,2,6025),(18758,23.084999084472656,2,6029),(18759,29.368000030517578,2,6030),(18760,23.764999389648438,2,6033),(18761,28.165000915527344,2,6036),(18762,6.251999855041504,2,6038),(18763,55.96099853515625,2,6039),(18764,128.48699951171875,2,6042),(18765,5.302999973297119,2,6046),(18766,3.1510000228881836,2,6049),(18767,13.6850004196167,2,6055),(18768,47.03799819946289,2,6057),(18769,135.3249969482422,2,6060),(18770,10.416000366210938,2,6062),(18771,48.47800064086914,2,6064),(18772,54.22999954223633,2,6066),(18773,27.451000213623047,2,6073),(18774,29.09000015258789,2,6074),(18775,209.4409942626953,2,6076),(18776,56.57099914550781,2,6077),(18777,55.88600158691406,2,6079),(18778,54.250999450683594,2,6080),(18779,64.08699798583984,2,6081),(18780,25.20199966430664,2,6086),(18781,21.714000701904297,2,6092),(18782,13.649999618530273,2,6093),(18783,84.03900146484375,2,6096),(18784,18.52400016784668,2,6097),(18785,15.5,2,6102),(18786,50.31700134277344,2,6103),(18787,19.20599937438965,2,6112),(18788,13.76099967956543,2,6113),(18789,138.14700317382812,2,6115),(18790,40.55099868774414,2,6116),(18791,10.164999961853027,2,6122),(18792,9.055000305175781,2,6123),(18793,17.555999755859375,2,6125),(18794,9.9399995803833,2,6126),(18795,11.699000358581543,2,6127),(18796,17.479000091552734,2,6129),(18797,20.68000030517578,2,6131),(18798,21.40999984741211,2,6133),(18799,22.924999237060547,2,6138),(18800,34.04600143432617,2,6139),(18801,23.266000747680664,2,6140),(18802,133.28399658203125,2,6141),(18803,24.57900047302246,2,6143),(18804,33.30400085449219,2,6147),(18805,50.16299819946289,2,6149),(18806,8.039999961853027,2,6153),(18807,34.290000915527344,2,6156),(18808,28.55900001525879,2,6158),(18809,33.470001220703125,2,6161),(18810,9.553000450134277,2,6169),(18811,81.07099914550781,2,6170),(18812,92.01899719238281,2,6172),(18813,34.52000045776367,2,6173),(18814,63.448001861572266,2,6184),(18815,16.39900016784668,2,6185),(18816,108.01399993896484,2,6187),(18817,30.784000396728516,2,6188),(18818,36.41999816894531,2,6190),(18819,81.24800109863281,2,6191),(18820,247.61700439453125,2,6192),(18821,126.12799835205078,2,6197),(18822,24.152000427246094,2,6203),(18823,33.31399917602539,2,6204),(18824,268.8450012207031,2,6207),(18825,115.69499969482422,2,6208),(18826,28.788999557495117,2,6218),(18827,9.652999877929688,2,6219),(18828,218.3280029296875,2,6221),(18829,176.07200622558594,2,6222),(18830,421.1809997558594,2,6224),(18831,7.686999797821045,2,6230),(18832,20.645999908447266,2,6236),(18833,20.572999954223633,2,6237),(18834,111.06600189208984,2,6239),(18835,5.504000186920166,2,6248),(18836,18.395000457763672,2,6249),(18837,90.65799713134766,2,6251),(18838,32.599998474121094,2,6255),(18839,28.38800048828125,2,6258),(18840,67.87100219726562,2,6260),(18841,199.2050018310547,2,6263),(18842,26.57699966430664,2,6268),(18843,22.79599952697754,2,6269),(18844,50.41899871826172,2,6270),(18845,13.802000045776367,2,6272),(18846,18.10300064086914,2,6276),(18847,236.55999755859375,2,6278),(18848,89.85800170898438,2,6281),(18849,10.380000114440918,2,6283),(18850,20.465999603271484,2,6285),(18851,65.90299987792969,2,6287),(18852,7.357999801635742,2,6289),(18853,18.07200050354004,2,6290),(18854,13.22599983215332,2,6291),(18855,44.64899826049805,2,6292),(18856,0.03200000151991844,2,6293),(18857,115.13899993896484,2,6294),(18858,45.02899932861328,2,6295),(18859,70.55000305175781,2,6296),(18860,10.402000427246094,2,6300),(18861,59.529998779296875,2,6301),(18862,5.199999809265137,2,6305),(18863,53.50899887084961,2,6306),(18864,21.261999130249023,2,6307),(18865,63.262001037597656,2,6308),(18866,0.04699999839067459,2,6309),(18867,42.130001068115234,2,6310),(18868,22.118999481201172,2,6311),(18869,100.85299682617188,2,6312),(18870,8.748000144958496,2,6316),(18871,51.74700164794922,2,6317),(18872,42.3380012512207,2,6318),(18873,206.2519989013672,2,6319),(18874,32.7130012512207,2,6320),(18875,147.44900512695312,2,6321),(18876,16.709999084472656,2,6322),(18877,52.077999114990234,2,6323),(18878,12.107999801635742,2,6327),(18879,16.445999145507812,2,6328),(18880,26.91200065612793,2,6330),(18881,30.225000381469727,2,6331),(18882,25.409000396728516,2,6332),(18883,76.85900115966797,2,6334),(18884,9.458999633789062,2,6336),(18885,60.694000244140625,2,6338),(18886,17.58300018310547,2,6343),(18887,33.29100036621094,2,6345),(18888,34.52000045776367,2,6348),(18889,43.840999603271484,2,6352),(18890,15.22700023651123,2,6356),(18891,94.39299774169922,2,6358),(18892,89.83100128173828,2,6361),(18893,10.605999946594238,2,6363),(18894,33.19900131225586,2,6365),(18895,72.6729965209961,2,6367),(18896,28.125,2,6369),(18897,38.29899978637695,2,6371),(18898,37.3849983215332,2,6374),(18899,65.25800323486328,2,6378),(18900,38.9379997253418,2,6382),(18901,50.16899871826172,2,6384),(18902,24.42799949645996,2,6388),(18903,73.27400207519531,2,6391),(18904,26.924999237060547,2,6393),(18905,27.764999389648438,2,6396),(18906,28.542999267578125,2,6399),(18907,185.0330047607422,2,6401),(18908,24.211999893188477,2,6405),(18909,46.89400100708008,2,6408),(18910,66.73999786376953,2,6410),(18911,13.609999656677246,2,6421),(18912,86.92400360107422,2,6422),(18913,99.88400268554688,2,6424),(18914,15.746000289916992,2,6425),(18915,7.182000160217285,2,6433),(18916,19.93000030517578,2,6434),(18917,14.798999786376953,2,6435),(18918,60.20899963378906,2,6437),(18919,104.26899719238281,2,6438),(18920,102.43599700927734,2,6440),(18921,3.48799991607666,2,6444),(18922,38.957000732421875,2,6449),(18923,24.114999771118164,2,6451),(18924,55.21200180053711,2,6454),(18925,80.66600036621094,2,6458),(18926,5.502999782562256,2,6462),(18927,13.149999618530273,2,6463),(18928,14.987000465393066,2,6464),(18929,103.85099792480469,2,6465),(18930,0.10400000214576721,2,6466),(18931,32.6349983215332,2,6467),(18932,11.362000465393066,2,6468),(18933,22.945999145507812,2,6469),(18934,52.7760009765625,2,6473),(18935,60.06100082397461,2,6475),(18936,14.420000076293945,2,6479),(18937,16.417999267578125,2,6480),(18938,27.082000732421875,2,6483),(18939,23.667999267578125,2,6486),(18940,6.432000160217285,2,6488),(18941,64.65599822998047,2,6489),(18942,7.206999778747559,2,6491),(18943,44.95100021362305,2,6492),(18944,5.5929999351501465,2,6495),(18945,45.358001708984375,2,6496),(18946,7.99399995803833,2,6498),(18947,15.218000411987305,2,6499),(18948,7.192999839782715,2,6501),(18949,12.842000007629395,2,6505),(18950,78.85900115966797,2,6507),(18951,75.15799713134766,2,6510),(18952,26.60300064086914,2,6512),(18953,25.64299964904785,2,6514),(18954,89.28700256347656,2,6516),(18955,13.711000442504883,2,6518),(18956,11.036999702453613,2,6520),(18957,35.196998596191406,2,6523),(18958,31.8799991607666,2,6527),(18959,1.7680000066757202,2,6531),(18960,22.94300079345703,2,6532),(18961,37.72600173950195,2,6534),(18962,35.433998107910156,2,6535),(18963,30.31100082397461,2,6536),(18964,209.94500732421875,2,6538),(18965,83.48600006103516,2,6540),(18966,65.84600067138672,2,6542),(18967,14.704000473022461,2,6552),(18968,9.659000396728516,2,6553),(18969,65.0780029296875,2,6555),(18970,14.085000038146973,2,6556),(18971,21.42799949645996,2,6558),(18972,35.244998931884766,2,6559),(18973,131.58599853515625,2,6560),(18974,22.540000915527344,2,6565),(18975,12.670000076293945,2,6571),(18976,61.268001556396484,2,6572),(18977,116.51699829101562,2,6575),(18978,27.8799991607666,2,6576),(18979,9.755000114440918,2,6581),(18980,23.73900032043457,2,6582),(18981,38.099998474121094,2,6584),(18982,94.63700103759766,2,6587),(18983,47.66899871826172,2,6589),(18984,0.004000000189989805,2,6591),(18985,23.884000778198242,2,6596),(18986,60.29100036621094,2,6598),(18987,12.609999656677246,2,6602),(18988,27.81100082397461,2,6603),(18989,2.8289999961853027,2,6606),(18990,35.31700134277344,2,6609),(18991,5.0929999351501465,2,6611),(18992,19.39900016784668,2,6612),(18993,4.007999897003174,2,6614),(18994,22.170000076293945,2,6615),(18995,3.427000045776367,2,6622),(18996,16.613000869750977,2,6628),(18997,58.84199905395508,2,6629),(18998,12.937000274658203,2,6638),(18999,11.741999626159668,2,6639),(19000,164.1479949951172,2,6641),(19001,6.241000175476074,2,6642),(19002,10.104999542236328,2,6644),(19003,8.052000045776367,2,6650),(19004,36.65399932861328,2,6651),(19005,42.6870002746582,2,6653),(19006,22.638999938964844,2,6657),(19007,12.277999877929688,2,6660),(19008,58.292999267578125,2,6662),(19009,15.857000350952148,2,6665),(19010,11.211999893188477,2,6673),(19011,50.64899826049805,2,6674),(19012,147.93899536132812,2,6676),(19013,95.43299865722656,2,6677),(19014,5.763000011444092,2,6683),(19015,27.871999740600586,2,6684),(19016,37.86800003051758,2,6685),(19017,65.677001953125,2,6686),(19018,0.10999999940395355,2,6687),(19019,38.94300079345703,2,6688),(19020,11.067000389099121,2,6689),(19021,37.44200134277344,2,6690),(19022,10.253999710083008,2,6699),(19023,10.682000160217285,2,6700),(19024,86.81700134277344,2,6702),(19025,51.231998443603516,2,6703),(19026,100.20600128173828,2,6705),(19027,6.058000087738037,2,6706),(19028,6.546000003814697,2,6712),(19029,7.289999961853027,2,6713),(19030,11.369000434875488,2,6714),(19031,81.38099670410156,2,6715),(19032,65.81199645996094,2,6716),(19033,0.07900000363588333,2,6717),(19034,54.26100158691406,2,6718),(19035,12.333000183105469,2,6719),(19036,25.34000015258789,2,6720),(19037,21.618000030517578,2,6724),(19038,32.52399826049805,2,6726),(19039,39.111000061035156,2,6729),(19040,41.902000427246094,2,6733),(19041,65.37000274658203,2,6737),(19042,71.9800033569336,2,6739),(19043,21.041000366210938,2,6743),(19044,18.7450008392334,2,6744),(19045,17.090999603271484,2,6747),(19046,31.176000595092773,2,6750),(19047,52.22999954223633,2,6752),(19048,33.0099983215332,2,6753),(19049,10.081999778747559,2,6755),(19050,23.242000579833984,2,6756),(19051,38.37900161743164,2,6760),(19052,6.895999908447266,2,6763),(19053,8.005999565124512,2,6769),(19054,12.857000350952148,2,6770),(19055,61.645999908447266,2,6771),(19056,16.384000778198242,2,6772),(19057,70.12899780273438,2,6773),(19058,143.3730010986328,2,6774),(19059,22.09000015258789,2,6775),(19060,16.368000030517578,2,6776),(19061,297.35198974609375,2,6780),(19062,79.21299743652344,2,6781),(19063,24.183000564575195,2,6782),(19064,32.44499969482422,2,6783),(19065,47.88199996948242,2,6785),(19066,14.086999893188477,2,6794),(19067,28.670000076293945,2,6795),(19068,79.34600067138672,2,6798),(19069,21.31599998474121,2,6799),(19070,42.33300018310547,2,6804),(19071,77.65299987792969,2,6806),(19072,20.458999633789062,2,6810),(19073,21.070999145507812,2,6811),(19074,15.868000030517578,2,6814),(19075,8.493000030517578,2,6817),(19076,32.54800033569336,2,6818),(19077,9.305000305175781,2,6820),(19078,27.674999237060547,2,6821),(19079,6.382999897003174,2,6823),(19080,22.344999313354492,2,6824),(19081,5.7270002365112305,2,6827),(19082,43.52199935913086,2,6828),(19083,29.113000869750977,2,6830),(19084,11.800999641418457,2,6831),(19085,19.399999618530273,2,6833),(19086,16.586000442504883,2,6837),(19087,59.41999816894531,2,6839),(19088,106.19400024414062,2,6842),(19089,52.45000076293945,2,6846),(19090,25.382999420166016,2,6850),(19091,64.80000305175781,2,6852),(19092,321.7560119628906,2,6855),(19093,130.6320037841797,2,6859),(19094,6.618000030517578,2,6863),(19095,25.420000076293945,2,6865),(19096,14.727999687194824,2,6868),(19097,12.62600040435791,2,6870),(19098,37.051998138427734,2,6872),(19099,55.119998931884766,2,6874),(19100,9.720000267028809,2,6881),(19101,8.194000244140625,2,6882),(19102,90.99299621582031,2,6885),(19103,26.38599967956543,2,6886),(19104,8.727999687194824,2,6891),(19105,17.854000091552734,2,6892),(19106,31.051000595092773,2,6894),(19107,24.875,2,6895),(19108,29.910999298095703,2,6896),(19109,65.4209976196289,2,6898),(19110,4.993000030517578,2,6900),(19111,29.250999450683594,2,6902),(19112,32.87699890136719,2,6907),(19113,62.65999984741211,2,6908),(19114,122.40399932861328,2,6915),(19115,84.61299896240234,2,6919),(19116,15.11299991607666,2,6922),(19117,76.56199645996094,2,6924),(19118,131.47000122070312,2,6927),(19119,24.895000457763672,2,6930),(19120,45.79199981689453,2,6932),(19121,22.374000549316406,2,6936),(19122,32.481998443603516,2,6939),(19123,52.970001220703125,2,6941),(19124,11.006999969482422,2,6944),(19125,51.659000396728516,2,6947),(19126,156.5469970703125,2,6949),(19127,23.79599952697754,2,6953),(19128,19.19700050354004,2,6954),(19129,22.764999389648438,2,6957),(19130,31.316999435424805,2,6960),(19131,5.750999927520752,2,6962),(19132,65.87000274658203,2,6963),(19133,4.929999828338623,2,6965),(19134,45.51100158691406,2,6966),(19135,3.8949999809265137,2,6973),(19136,69.08000183105469,2,6979),(19137,135.05299377441406,2,6981),(19138,111.53700256347656,2,6985),(19139,12.656999588012695,2,6986),(19140,6.507999897003174,2,6989),(19141,4.35099983215332,2,6992),(19142,37.64400100708008,2,6993),(19143,4.593999862670898,2,6995),(19144,38.097999572753906,2,6996),(19145,6.144000053405762,2,6998),(19146,61.76300048828125,2,6999),(19147,76.90299987792969,2,7003),(19148,8.720000267028809,2,7005),(19149,14.277999877929688,2,7006),(19150,7.5879998207092285,2,7008),(19151,13.878000259399414,2,7012),(19152,61.55699920654297,2,7014),(19153,21.917999267578125,2,7017),(19154,15.194999694824219,2,7019),(19155,20.820999145507812,2,7021),(19156,118.56500244140625,2,7023),(19157,43.87300109863281,2,7025),(19158,260.5570068359375,2,7027),(19159,84.22100067138672,2,7030),(19160,88.71499633789062,2,7032),(19161,33.53200149536133,2,7034),(19162,47.430999755859375,2,7038),(19163,16.729999542236328,2,7039),(19164,4.8470001220703125,2,7053),(19165,12.895000457763672,2,7054),(19166,37.58300018310547,2,7056),(19167,22.607999801635742,2,7057),(19168,24.617000579833984,2,7058),(19169,77.15499877929688,2,7060),(19170,3.996999979019165,2,7062),(19171,26.570999145507812,2,7064);
/*!40000 ALTER TABLE `usability_tests_executions_observation` ENABLE KEYS */;
UNLOCK TABLES;

--
-- Table structure for table `usability_tests_executions_participant`
--

DROP TABLE IF EXISTS `usability_tests_executions_participant`;
/*!40101 SET @saved_cs_client     = @@character_set_client */;
/*!40101 SET character_set_client = utf8 */;
CREATE TABLE `usability_tests_executions_participant` (
  `id` int(11) NOT NULL AUTO_INCREMENT,
  `name` varchar(64) NOT NULL,
  PRIMARY KEY (`id`)
) ENGINE=InnoDB AUTO_INCREMENT=67 DEFAULT CHARSET=latin1;
/*!40101 SET character_set_client = @saved_cs_client */;

--
-- Dumping data for table `usability_tests_executions_participant`
--

LOCK TABLES `usability_tests_executions_participant` WRITE;
/*!40000 ALTER TABLE `usability_tests_executions_participant` DISABLE KEYS */;
INSERT INTO `usability_tests_executions_participant` VALUES (1,'Lluna_Diaz_E3'),(2,'Elena_Collado_E4'),(3,'Elena_Garcia_E3'),(4,'Laura_Meseguer_E1'),(5,'ines_orti_E4'),(6,'Frank'),(7,'pablo_jover_E1'),(8,'Elena_Garcia_E1'),(9,'Jennifer_Criado_E2'),(10,'Amira_Richani_F3'),(11,'mariluz_martinez_E1'),(12,'Sin Nombre'),(13,'noelia_catalan_E2'),(14,'Isabel_Bonet_E1'),(15,'Cristina'),(16,'Amira_Richani_E3'),(17,'Olga Bonet E2'),(18,'Alejandra_López_E2'),(19,'TERESA_CANTERO_E1'),(20,'Cristina_Calpe_E2'),(21,'Amaia_Retolaza_2'),(22,'silvia_caceres_E4'),(23,'Hector_Tordera_E3'),(24,'Macarena_Navarro_E4'),(25,'Alejandra_Lopez_E2'),(26,'Alejandr_López_E2'),(27,'TECANES_CANTERO_E1'),(28,'Ana_Poveda_E2'),(29,'silvia_olaria_E4'),(30,'Maria_Urbano_E2'),(31,'Alba_Nebot_E4'),(32,'Olaria_Silvia_E4'),(33,'Maria_Urbano-E2'),(34,'Erik_Boluda_Roig_E3'),(35,'Erik_Boluda_Roig'),(37,'Mary_Martinez_Rubio_E1'),(39,'Guido_E2'),(40,'Lisandro_E3'),(41,'Veronica_E2'),(42,'Diego_E3'),(43,'Francisco Peña Baraibar_E4'),(44,'Maximiliano_E1'),(45,'Andres_E3'),(47,'Julian_E3'),(48,'Alejandra_E1'),(49,'guido_e3'),(50,'Ivan Dackiewicz_e1'),(51,'agustin_e4'),(52,'matiasR_E1'),(53,'JuanManuelRivero_e2'),(54,'Herna_E3'),(55,'tomas_e4'),(56,'Julian_E2'),(57,'jorge_eu1'),(58,'IgnacioVidal_E2'),(59,'Nati_E4'),(60,'fede_e3'),(61,'Gabriela_e4'),(62,'juliangll_G4'),(63,'Jesus_E1'),(64,'e3'),(65,'leandro_e2'),(66,'Franco_E2');
/*!40000 ALTER TABLE `usability_tests_executions_participant` ENABLE KEYS */;
UNLOCK TABLES;

--
-- Table structure for table `usability_tests_executions_scenarioexecution`
--

DROP TABLE IF EXISTS `usability_tests_executions_scenarioexecution`;
/*!40101 SET @saved_cs_client     = @@character_set_client */;
/*!40101 SET character_set_client = utf8 */;
CREATE TABLE `usability_tests_executions_scenarioexecution` (
  `id` int(11) NOT NULL AUTO_INCREMENT,
  `participant_id` int(11) NOT NULL,
  `scenario_id` int(11) NOT NULL,
  PRIMARY KEY (`id`),
  KEY `D4c4f6263b331315019670c804eff95e` (`participant_id`),
  KEY `usability_te_scenario_id_395c5887_fk_usability_tests_scenario_id` (`scenario_id`),
  CONSTRAINT `D4c4f6263b331315019670c804eff95e` FOREIGN KEY (`participant_id`) REFERENCES `usability_tests_executions_participant` (`id`),
  CONSTRAINT `usability_te_scenario_id_395c5887_fk_usability_tests_scenario_id` FOREIGN KEY (`scenario_id`) REFERENCES `usability_tests_scenario` (`id`)
) ENGINE=InnoDB AUTO_INCREMENT=6604 DEFAULT CHARSET=latin1;
/*!40101 SET character_set_client = @saved_cs_client */;

--
-- Dumping data for table `usability_tests_executions_scenarioexecution`
--

LOCK TABLES `usability_tests_executions_scenarioexecution` WRITE;
/*!40000 ALTER TABLE `usability_tests_executions_scenarioexecution` DISABLE KEYS */;
INSERT INTO `usability_tests_executions_scenarioexecution` VALUES (102,1,2),(103,1,3),(201,2,1),(204,2,4),(302,3,2),(303,3,3),(401,4,1),(404,4,4),(501,5,1),(504,5,4),(601,6,1),(604,6,4),(701,7,1),(704,7,4),(803,8,3),(902,9,2),(903,9,3),(1003,10,3),(1101,11,1),(1104,11,4),(1201,12,1),(1202,12,2),(1203,12,3),(1204,12,4),(1302,13,2),(1303,13,3),(1401,14,1),(1404,14,4),(1502,15,2),(1503,15,3),(1602,16,2),(1702,17,2),(1703,17,3),(1802,18,2),(1803,18,3),(1901,19,1),(1904,19,4),(2002,20,2),(2003,20,3),(2102,21,2),(2204,22,4),(2302,23,2),(2303,23,3),(2401,24,1),(2404,24,4),(2502,25,2),(2603,26,3),(2704,27,4),(2802,28,2),(2803,28,3),(2904,29,4),(3002,30,2),(3003,30,3),(3101,31,1),(3104,31,4),(3201,32,1),(3204,32,4),(3303,33,3),(3402,34,2),(3403,34,3),(3503,35,3),(3902,39,2),(3903,39,3),(4002,40,2),(4003,40,3),(4102,41,2),(4103,41,3),(4202,42,2),(4203,42,3),(4301,43,1),(4304,43,4),(4401,44,1),(4404,44,4),(4503,45,3),(4702,47,2),(4703,47,3),(4801,48,1),(4804,48,4),(4902,49,2),(4903,49,3),(5001,50,1),(5004,50,4),(5101,51,1),(5104,51,4),(5201,52,1),(5204,52,4),(5302,53,2),(5303,53,3),(5402,54,2),(5403,54,3),(5501,55,1),(5504,55,4),(5602,56,2),(5603,56,3),(5701,57,1),(5704,57,4),(5802,58,2),(5803,58,3),(5901,59,1),(5904,59,4),(6002,60,2),(6003,60,3),(6101,61,1),(6104,61,4),(6201,62,1),(6204,62,4),(6301,63,1),(6304,63,4),(6402,64,2),(6403,64,3),(6502,65,2),(6503,65,3),(6602,66,2),(6603,66,3);
/*!40000 ALTER TABLE `usability_tests_executions_scenarioexecution` ENABLE KEYS */;
UNLOCK TABLES;

--
-- Table structure for table `usability_tests_executions_taskscenarioexecution`
--

DROP TABLE IF EXISTS `usability_tests_executions_taskscenarioexecution`;
/*!40101 SET @saved_cs_client     = @@character_set_client */;
/*!40101 SET character_set_client = utf8 */;
CREATE TABLE `usability_tests_executions_taskscenarioexecution` (
  `id` int(11) NOT NULL AUTO_INCREMENT,
  `scenario_execution_id` int(11) NOT NULL,
  `scenario_task_id` int(11) NOT NULL,
  PRIMARY KEY (`id`),
  KEY `e1cf07b402899db6478699d7c6b39f87` (`scenario_execution_id`),
  KEY `usability_tes_scenario_task_id_1a808b1b_fk_tasks_scenariotask_id` (`scenario_task_id`),
  CONSTRAINT `e1cf07b402899db6478699d7c6b39f87` FOREIGN KEY (`scenario_execution_id`) REFERENCES `usability_tests_executions_scenarioexecution` (`id`),
  CONSTRAINT `usability_tes_scenario_task_id_1a808b1b_fk_tasks_scenariotask_id` FOREIGN KEY (`scenario_task_id`) REFERENCES `tasks_scenariotask` (`id`)
) ENGINE=InnoDB AUTO_INCREMENT=6621 DEFAULT CHARSET=latin1;
/*!40101 SET character_set_client = @saved_cs_client */;

--
-- Dumping data for table `usability_tests_executions_taskscenarioexecution`
--

LOCK TABLES `usability_tests_executions_taskscenarioexecution` WRITE;
/*!40000 ALTER TABLE `usability_tests_executions_taskscenarioexecution` DISABLE KEYS */;
INSERT INTO `usability_tests_executions_taskscenarioexecution` VALUES (109,103,9),(110,103,10),(111,103,11),(112,102,12),(114,103,14),(115,102,15),(117,102,17),(118,103,18),(120,102,20),(201,201,1),(202,201,2),(205,201,5),(206,201,6),(207,204,7),(208,204,8),(213,204,13),(216,204,16),(219,204,19),(309,303,9),(311,303,11),(312,302,12),(315,302,15),(317,302,17),(320,302,20),(401,401,1),(402,401,2),(405,401,5),(406,401,6),(407,404,7),(501,501,1),(502,501,2),(505,501,5),(506,501,6),(507,504,7),(508,504,8),(513,504,13),(516,504,16),(519,504,19),(601,601,1),(602,601,2),(605,601,5),(606,601,6),(607,604,7),(608,604,8),(613,604,13),(616,604,16),(619,604,19),(701,701,1),(702,701,2),(705,701,5),(706,701,6),(707,704,7),(708,704,8),(713,704,13),(716,704,16),(719,704,19),(810,803,10),(814,803,14),(818,803,18),(909,903,9),(910,903,10),(911,903,11),(912,902,12),(914,903,14),(915,902,15),(917,902,17),(918,903,18),(920,902,20),(1009,1003,9),(1101,1101,1),(1107,1104,7),(1202,1201,2),(1205,1201,5),(1206,1201,6),(1208,1204,8),(1210,1203,10),(1211,1203,11),(1213,1204,13),(1214,1203,14),(1215,1202,15),(1216,1204,16),(1217,1202,17),(1218,1203,18),(1219,1204,19),(1220,1202,20),(1309,1303,9),(1312,1302,12),(1401,1401,1),(1402,1401,2),(1405,1401,5),(1406,1401,6),(1407,1404,7),(1408,1404,8),(1413,1404,13),(1416,1404,16),(1419,1404,19),(1509,1503,9),(1510,1503,10),(1511,1503,11),(1512,1502,12),(1514,1503,14),(1515,1502,15),(1517,1502,17),(1518,1503,18),(1520,1502,20),(1612,1602,12),(1709,1703,9),(1710,1703,10),(1711,1703,11),(1712,1702,12),(1714,1703,14),(1715,1702,15),(1717,1702,17),(1718,1703,18),(1720,1702,20),(1809,1803,9),(1811,1803,11),(1812,1802,12),(1814,1803,14),(1815,1802,15),(1817,1802,17),(1818,1803,18),(1901,1901,1),(1902,1901,2),(1905,1901,5),(1906,1901,6),(1907,1904,7),(1908,1904,8),(1916,1904,16),(1919,1904,19),(2009,2003,9),(2010,2003,10),(2011,2003,11),(2012,2002,12),(2014,2003,14),(2015,2002,15),(2017,2002,17),(2018,2003,18),(2020,2002,20),(2112,2102,12),(2207,2204,7),(2309,2303,9),(2310,2303,10),(2311,2303,11),(2312,2302,12),(2314,2303,14),(2315,2302,15),(2317,2302,17),(2318,2303,18),(2320,2302,20),(2401,2401,1),(2402,2401,2),(2405,2401,5),(2406,2401,6),(2407,2404,7),(2408,2404,8),(2413,2404,13),(2416,2404,16),(2419,2404,19),(2520,2502,20),(2610,2603,10),(2713,2704,13),(2809,2803,9),(2810,2803,10),(2811,2803,11),(2812,2802,12),(2814,2803,14),(2815,2802,15),(2817,2802,17),(2818,2803,18),(2820,2802,20),(2907,2904,7),(3009,3003,9),(3010,3003,10),(3011,3003,11),(3012,3002,12),(3014,3003,14),(3015,3002,15),(3017,3002,17),(3018,3003,18),(3020,3002,20),(3101,3101,1),(3102,3101,2),(3105,3101,5),(3106,3101,6),(3107,3104,7),(3108,3104,8),(3113,3104,13),(3116,3104,16),(3119,3104,19),(3201,3201,1),(3205,3201,5),(3206,3201,6),(3207,3204,7),(3208,3204,8),(3213,3204,13),(3216,3204,16),(3219,3204,19),(3309,3303,9),(3409,3403,9),(3410,3403,10),(3411,3403,11),(3412,3402,12),(3415,3402,15),(3417,3402,17),(3420,3402,20),(3518,3503,18),(3909,3903,9),(3910,3903,10),(3911,3903,11),(3912,3902,12),(3914,3903,14),(3915,3902,15),(3917,3902,17),(3918,3903,18),(3920,3902,20),(4009,4003,9),(4010,4003,10),(4011,4003,11),(4012,4002,12),(4014,4003,14),(4015,4002,15),(4017,4002,17),(4018,4003,18),(4020,4002,20),(4109,4103,9),(4110,4103,10),(4111,4103,11),(4112,4102,12),(4115,4102,15),(4117,4102,17),(4118,4103,18),(4120,4102,20),(4209,4203,9),(4210,4203,10),(4211,4203,11),(4212,4202,12),(4214,4203,14),(4215,4202,15),(4217,4202,17),(4218,4203,18),(4220,4202,20),(4301,4301,1),(4302,4301,2),(4305,4301,5),(4306,4301,6),(4307,4304,7),(4313,4304,13),(4316,4304,16),(4319,4304,19),(4401,4401,1),(4402,4401,2),(4405,4401,5),(4406,4401,6),(4407,4404,7),(4408,4404,8),(4413,4404,13),(4416,4404,16),(4419,4404,19),(4509,4503,9),(4511,4503,11),(4709,4703,9),(4710,4703,10),(4711,4703,11),(4712,4702,12),(4714,4703,14),(4715,4702,15),(4717,4702,17),(4718,4703,18),(4720,4702,20),(4801,4801,1),(4802,4801,2),(4805,4801,5),(4806,4801,6),(4807,4804,7),(4808,4804,8),(4813,4804,13),(4816,4804,16),(4819,4804,19),(4909,4903,9),(4910,4903,10),(4911,4903,11),(4912,4902,12),(4914,4903,14),(4915,4902,15),(4917,4902,17),(4918,4903,18),(4920,4902,20),(5001,5001,1),(5002,5001,2),(5005,5001,5),(5006,5001,6),(5007,5004,7),(5008,5004,8),(5013,5004,13),(5016,5004,16),(5019,5004,19),(5101,5101,1),(5102,5101,2),(5105,5101,5),(5106,5101,6),(5107,5104,7),(5108,5104,8),(5113,5104,13),(5116,5104,16),(5119,5104,19),(5201,5201,1),(5202,5201,2),(5205,5201,5),(5206,5201,6),(5207,5204,7),(5208,5204,8),(5213,5204,13),(5216,5204,16),(5219,5204,19),(5309,5303,9),(5310,5303,10),(5311,5303,11),(5312,5302,12),(5314,5303,14),(5315,5302,15),(5317,5302,17),(5318,5303,18),(5320,5302,20),(5409,5403,9),(5410,5403,10),(5411,5403,11),(5412,5402,12),(5414,5403,14),(5415,5402,15),(5417,5402,17),(5418,5403,18),(5420,5402,20),(5501,5501,1),(5502,5501,2),(5505,5501,5),(5506,5501,6),(5507,5504,7),(5508,5504,8),(5513,5504,13),(5516,5504,16),(5519,5504,19),(5609,5603,9),(5610,5603,10),(5611,5603,11),(5612,5602,12),(5614,5603,14),(5615,5602,15),(5617,5602,17),(5618,5603,18),(5620,5602,20),(5701,5701,1),(5702,5701,2),(5705,5701,5),(5706,5701,6),(5707,5704,7),(5708,5704,8),(5713,5704,13),(5716,5704,16),(5719,5704,19),(5809,5803,9),(5810,5803,10),(5811,5803,11),(5812,5802,12),(5814,5803,14),(5815,5802,15),(5817,5802,17),(5818,5803,18),(5820,5802,20),(5901,5901,1),(5907,5904,7),(6009,6003,9),(6010,6003,10),(6011,6003,11),(6012,6002,12),(6014,6003,14),(6015,6002,15),(6017,6002,17),(6018,6003,18),(6020,6002,20),(6101,6101,1),(6102,6101,2),(6105,6101,5),(6106,6101,6),(6107,6104,7),(6108,6104,8),(6113,6104,13),(6116,6104,16),(6119,6104,19),(6201,6201,1),(6202,6201,2),(6205,6201,5),(6206,6201,6),(6207,6204,7),(6208,6204,8),(6213,6204,13),(6216,6204,16),(6219,6204,19),(6301,6301,1),(6305,6301,5),(6306,6301,6),(6307,6304,7),(6308,6304,8),(6313,6304,13),(6316,6304,16),(6319,6304,19),(6409,6403,9),(6410,6403,10),(6411,6403,11),(6412,6402,12),(6415,6402,15),(6417,6402,17),(6418,6403,18),(6420,6402,20),(6509,6503,9),(6510,6503,10),(6511,6503,11),(6512,6502,12),(6514,6503,14),(6515,6502,15),(6517,6502,17),(6518,6503,18),(6520,6502,20),(6609,6603,9),(6610,6603,10),(6611,6603,11),(6612,6602,12),(6614,6603,14),(6615,6602,15),(6617,6602,17),(6618,6603,18),(6620,6602,20);
/*!40000 ALTER TABLE `usability_tests_executions_taskscenarioexecution` ENABLE KEYS */;
UNLOCK TABLES;

--
-- Table structure for table `usability_tests_refactoring`
--

DROP TABLE IF EXISTS `usability_tests_refactoring`;
/*!40101 SET @saved_cs_client     = @@character_set_client */;
/*!40101 SET character_set_client = utf8 */;
CREATE TABLE `usability_tests_refactoring` (
  `id` int(11) NOT NULL AUTO_INCREMENT,
  `name` varchar(64) NOT NULL,
  PRIMARY KEY (`id`)
) ENGINE=InnoDB AUTO_INCREMENT=22 DEFAULT CHARSET=latin1;
/*!40101 SET character_set_client = @saved_cs_client */;

--
-- Dumping data for table `usability_tests_refactoring`
--

LOCK TABLES `usability_tests_refactoring` WRITE;
/*!40000 ALTER TABLE `usability_tests_refactoring` DISABLE KEYS */;
INSERT INTO `usability_tests_refactoring` VALUES (1,'Improve the description of process links'),(2,'Split page'),(3,'Anticipate a validation activity'),(4,'Change widget'),(5,'Add a verification activity'),(6,'Add a \"confirm and commit\" activity'),(7,'Aggregate activities'),(8,'Introduce infotmation on demand'),(9,'Turn attribute into link'),(10,'Provide breadcrumb'),(11,'Move widget'),(12,'Split list'),(13,'Distribute menu'),(14,'Keep the user informed on the ongoing process'),(15,'Improve link destination announcement'),(16,'Remove duplicated process links'),(17,'Make explicit the steps composing the process and the current st'),(18,'Enable user to go back in the process steps'),(19,'Add a summary activity'),(20,'Add processing page'),(21,'Add an \"assistance\" activity');
/*!40000 ALTER TABLE `usability_tests_refactoring` ENABLE KEYS */;
UNLOCK TABLES;

--
-- Table structure for table `usability_tests_scenario`
--

DROP TABLE IF EXISTS `usability_tests_scenario`;
/*!40101 SET @saved_cs_client     = @@character_set_client */;
/*!40101 SET character_set_client = utf8 */;
CREATE TABLE `usability_tests_scenario` (
  `id` int(11) NOT NULL AUTO_INCREMENT,
  `name` varchar(64) NOT NULL,
  `app_version_id` int(11) NOT NULL,
  PRIMARY KEY (`id`),
  KEY `usabilit_app_version_id_6300b68_fk_usability_tests_appversion_id` (`app_version_id`),
  CONSTRAINT `usabilit_app_version_id_6300b68_fk_usability_tests_appversion_id` FOREIGN KEY (`app_version_id`) REFERENCES `usability_tests_appversion` (`id`)
) ENGINE=InnoDB AUTO_INCREMENT=5 DEFAULT CHARSET=latin1;
/*!40101 SET character_set_client = @saved_cs_client */;

--
-- Dumping data for table `usability_tests_scenario`
--

LOCK TABLES `usability_tests_scenario` WRITE;
/*!40000 ALTER TABLE `usability_tests_scenario` DISABLE KEYS */;
INSERT INTO `usability_tests_scenario` VALUES (1,'Zencart Refactored',4),(2,'Zencart Non Refactored',1),(3,'WeBid Refactored',5),(4,'WeBid Non Refactored',2);
/*!40000 ALTER TABLE `usability_tests_scenario` ENABLE KEYS */;
UNLOCK TABLES;

--
-- Table structure for table `usability_tests_task`
--

DROP TABLE IF EXISTS `usability_tests_task`;
/*!40101 SET @saved_cs_client     = @@character_set_client */;
/*!40101 SET character_set_client = utf8 */;
CREATE TABLE `usability_tests_task` (
  `id` int(11) NOT NULL AUTO_INCREMENT,
  `name` varchar(256) NOT NULL,
  `usability_test_id` int(11) NOT NULL,
  PRIMARY KEY (`id`),
  KEY `u_usability_test_id_336ecbeb_fk_usability_tests_usabilitytest_id` (`usability_test_id`),
  CONSTRAINT `u_usability_test_id_336ecbeb_fk_usability_tests_usabilitytest_id` FOREIGN KEY (`usability_test_id`) REFERENCES `usability_tests_usabilitytest` (`id`)
) ENGINE=InnoDB AUTO_INCREMENT=19 DEFAULT CHARSET=latin1;
/*!40101 SET character_set_client = @saved_cs_client */;

--
-- Dumping data for table `usability_tests_task`
--

LOCK TABLES `usability_tests_task` WRITE;
/*!40000 ALTER TABLE `usability_tests_task` DISABLE KEYS */;
INSERT INTO `usability_tests_task` VALUES (1,'Zencart Test 1 Crear una nueva cuenta de usuario',1),(2,'Zencart Test 4 Realizar una compra de varios productos',1),(5,'Zencart Test 3 Buscar una cantidad de productos en el catálogo de la página',1),(6,'Zencart Test 2 Actualizar la información del usuario',1),(9,'Webid Test 1 Crear una nueva cuenta de usuario',2),(10,'Webid Test 2 Editar cuenta de usuario',2),(11,'Webid Test 3 Buscar productos',2),(14,'Webid Test 4 Ofertar',2),(18,'Webid Test 5 Subastar un producto',2);
/*!40000 ALTER TABLE `usability_tests_task` ENABLE KEYS */;
UNLOCK TABLES;

--
-- Table structure for table `usability_tests_usabilitytest`
--

DROP TABLE IF EXISTS `usability_tests_usabilitytest`;
/*!40101 SET @saved_cs_client     = @@character_set_client */;
/*!40101 SET character_set_client = utf8 */;
CREATE TABLE `usability_tests_usabilitytest` (
  `id` int(11) NOT NULL AUTO_INCREMENT,
  `name` varchar(64) NOT NULL,
  `owner_id` int(11) NOT NULL,
  PRIMARY KEY (`id`),
  KEY `usability_tests_usabilitytest_owner_id_45aa0cc0_fk_auth_user_id` (`owner_id`),
  CONSTRAINT `usability_tests_usabilitytest_owner_id_45aa0cc0_fk_auth_user_id` FOREIGN KEY (`owner_id`) REFERENCES `auth_user` (`id`)
) ENGINE=InnoDB AUTO_INCREMENT=3 DEFAULT CHARSET=latin1;
/*!40101 SET character_set_client = @saved_cs_client */;

--
-- Dumping data for table `usability_tests_usabilitytest`
--

LOCK TABLES `usability_tests_usabilitytest` WRITE;
/*!40000 ALTER TABLE `usability_tests_usabilitytest` DISABLE KEYS */;
INSERT INTO `usability_tests_usabilitytest` VALUES (1,'ZenCart',1),(2,'WeBid',1);
/*!40000 ALTER TABLE `usability_tests_usabilitytest` ENABLE KEYS */;
UNLOCK TABLES;
/*!40103 SET TIME_ZONE=@OLD_TIME_ZONE */;

/*!40101 SET SQL_MODE=@OLD_SQL_MODE */;
/*!40014 SET FOREIGN_KEY_CHECKS=@OLD_FOREIGN_KEY_CHECKS */;
/*!40014 SET UNIQUE_CHECKS=@OLD_UNIQUE_CHECKS */;
/*!40101 SET CHARACTER_SET_CLIENT=@OLD_CHARACTER_SET_CLIENT */;
/*!40101 SET CHARACTER_SET_RESULTS=@OLD_CHARACTER_SET_RESULTS */;
/*!40101 SET COLLATION_CONNECTION=@OLD_COLLATION_CONNECTION */;
/*!40111 SET SQL_NOTES=@OLD_SQL_NOTES */;

-- Dump completed on 2015-10-04 20:09:57
